State,County_Name,FIPS_State,FIPS_County,FIPS_combo,SUMCOUNT,SUMPOP,SUMSODA,SUMCOKE,SUMOTHER,PCTPOP,PCTSODA,PCTCOKE,PCTOTHER
Alabama,Autauga,01,001,01001,19,0,5,13,1,0,0.26316,0.68421,0.05263
Alabama,Baldwin,01,003,01003,78,1,5,70,2,0.01282,0.0641,0.89744,0.02564
Alabama,Barbour,01,005,01005,18,0,3,14,1,0,0.16667,0.77778,0.05556
Alabama,Bibb,01,007,01007,9,0,1,8,0,0,0.11111,0.88889,0
Alabama,Blount,01,009,01009,16,0,2,13,1,0,0.125,0.8125,0.0625
Alabama,Bullock,01,011,01011,10,0,9,1,0,0,0.9,0.1,0
Alabama,Butler,01,013,01013,9,0,2,7,0,0,0.22222,0.77778,0
Alabama,Calhoun,01,015,01015,85,1,18,62,4,0.01176,0.21176,0.72941,0.04706
Alabama,Chambers,01,017,01017,11,0,2,9,0,0,0.18182,0.81818,0
Alabama,Cherokee,01,019,01019,9,0,0,9,0,0,0,1,0
Alabama,Chilton,01,021,01021,16,0,2,12,2,0,0.125,0.75,0.125
Alabama,Choctaw,01,023,01023,3,0,1,2,0,0,0.33333,0.66667,0
Alabama,Clarke,01,025,01025,11,0,1,9,1,0,0.09091,0.81818,0.09091
Alabama,Clay,01,027,01027,2,0,0,2,0,0,0,1,0
Alabama,Cleburne,01,029,01029,3,0,2,1,0,0,0.66667,0.33333,0
Alabama,Coffee,01,031,01031,31,1,7,23,0,0.03226,0.22581,0.74194,0
Alabama,Colbert,01,033,01033,34,0,1,33,0,0,0.02941,0.97059,0
Alabama,Conecuh,01,035,01035,1,0,1,0,0,0,1,0,0
Alabama,Coosa,01,037,01037,2,0,0,1,1,0,0,0.5,0.5
Alabama,Covington,01,039,01039,19,0,1,14,4,0,0.05263,0.73684,0.21053
Alabama,Crenshaw,01,041,01041,3,0,0,2,1,0,0,0.66667,0.33333
Alabama,Cullman,01,043,01043,44,1,3,39,1,0.02273,0.06818,0.88636,0.02273
Alabama,Dale,01,045,01045,26,1,5,19,1,0.03846,0.19231,0.73077,0.03846
Alabama,Dallas,01,047,01047,21,1,1,17,2,0.04762,0.04762,0.80952,0.09524
Alabama,De Kalb,01,049,01049,33,0,3,30,0,0,0.09091,0.90909,0
Alabama,Elmore,01,051,01051,37,0,2,34,1,0,0.05405,0.91892,0.02703
Alabama,Escambia,01,053,01053,16,0,1,14,1,0,0.0625,0.875,0.0625
Alabama,Etowah,01,055,01055,55,0,8,43,4,0,0.14545,0.78182,0.07273
Alabama,Fayette,01,057,01057,3,0,2,0,1,0,0.66667,0,0.33333
Alabama,Franklin,01,059,01059,24,0,2,22,0,0,0.08333,0.91667,0
Alabama,Geneva,01,061,01061,7,0,1,5,1,0,0.14286,0.71429,0.14286
Alabama,Greene,01,063,01063,5,0,0,4,1,0,0,0.8,0.2
Alabama,Hale,01,065,01065,3,1,0,2,0,0.33333,0,0.66667,0
Alabama,Henry,01,067,01067,8,0,1,7,0,0,0.125,0.875,0
Alabama,Houston,01,069,01069,54,0,6,48,0,0,0.11111,0.88889,0
Alabama,Jackson,01,071,01071,29,1,3,24,1,0.03448,0.10345,0.82759,0.03448
Alabama,Jefferson,01,073,01073,553,13,60,445,35,0.02351,0.1085,0.8047,0.06329
Alabama,Lamar,01,075,01075,7,0,0,6,1,0,0,0.85714,0.14286
Alabama,Lauderdale,01,077,01077,98,0,7,91,0,0,0.07143,0.92857,0
Alabama,Lawrence,01,079,01079,15,0,2,13,0,0,0.13333,0.86667,0
Alabama,Lee,01,081,01081,112,2,12,91,7,0.01786,0.10714,0.8125,0.0625
Alabama,Limestone,01,083,01083,42,0,1,40,1,0,0.02381,0.95238,0.02381
Alabama,Lowndes,01,085,01085,3,0,0,2,1,0,0,0.66667,0.33333
Alabama,Macon,01,087,01087,4,0,0,4,0,0,0,1,0
Alabama,Madison,01,089,01089,424,0,69,340,15,0,0.16274,0.80189,0.03538
Alabama,Marengo,01,091,01091,6,0,0,5,1,0,0,0.83333,0.16667
Alabama,Marion,01,093,01093,20,0,2,18,0,0,0.1,0.9,0
Alabama,Marshall,01,095,01095,56,1,1,54,0,0.01786,0.01786,0.96429,0
Alabama,Mobile,01,097,01097,267,1,19,225,22,0.00375,0.07116,0.8427,0.0824
Alabama,Monroe,01,099,01099,8,0,0,7,1,0,0,0.875,0.125
Alabama,Montgomery,01,101,01101,157,4,11,130,12,0.02548,0.07006,0.82803,0.07643
Alabama,Morgan,01,103,01103,80,3,1,72,4,0.0375,0.0125,0.9,0.05
Alabama,Perry,01,105,01105,7,0,0,7,0,0,0,1,0
Alabama,Pickens,01,107,01107,5,0,1,3,1,0,0.2,0.6,0.2
Alabama,Pike,01,109,01109,10,0,2,8,0,0,0.2,0.8,0
Alabama,Randolph,01,111,01111,4,0,0,4,0,0,0,1,0
Alabama,Russell,01,113,01113,16,0,4,10,2,0,0.25,0.625,0.125
Alabama,St Clair,01,115,01115,23,0,4,19,0,0,0.17391,0.82609,0
Alabama,Shelby,01,117,01117,175,1,11,155,8,0.00571,0.06286,0.88571,0.04571
Alabama,Sumter,01,119,01119,4,0,0,3,1,0,0,0.75,0.25
Alabama,Talladega,01,121,01121,35,1,4,26,4,0.02857,0.11429,0.74286,0.11429
Alabama,Tallapoosa,01,123,01123,13,0,2,9,2,0,0.15385,0.69231,0.15385
Alabama,Tuscaloosa,01,125,01125,108,1,13,89,5,0.00926,0.12037,0.82407,0.0463
Alabama,Walker,01,127,01127,24,0,2,22,0,0,0.08333,0.91667,0
Alabama,Washington,01,129,01129,9,0,0,8,1,0,0,0.88889,0.11111
Alabama,Wilcox,01,131,01131,6,0,0,6,0,0,0,1,0
Alabama,Winston,01,133,01133,7,0,0,7,0,0,0,1,0
Alaska,Aleutians East,02,013,02013,3,1,0,0,2,0.33333,0,0,0.66667
Alaska,Aleutians West,02,016,02016,3,0,1,2,0,0,0.33333,0.66667,0
Alaska,Anchorage,02,020,02020,328,82,207,23,16,0.25,0.6311,0.07012,0.04878
Alaska,Bethel,02,050,02050,10,9,0,1,0,0.9,0,0.1,0
Alaska,Bristol Bay,02,060,02060,9,7,2,0,0,0.77778,0.22222,0,0
Alaska,Denali,02,068,02068,3,3,0,0,0,1,0,0,0
Alaska,Dillingham,02,070,02070,2,1,1,0,0,0.5,0.5,0,0
Alaska,Fairbanks North Star,02,090,02090,174,33,128,3,10,0.18966,0.73563,0.01724,0.05747
Alaska,Haines,02,100,02100,7,3,4,0,0,0.42857,0.57143,0,0
Alaska,Juneau,02,110,02110,69,23,40,4,2,0.33333,0.57971,0.05797,0.02899
Alaska,Kenai Peninsula,02,122,02122,61,38,17,3,3,0.62295,0.27869,0.04918,0.04918
Alaska,Ketchikan Gateway,02,130,02130,16,11,4,1,0,0.6875,0.25,0.0625,0
Alaska,Kodiak Island,02,150,02150,10,1,8,0,1,0.1,0.8,0,0.1
Alaska,Lake and Peninsula,02,164,02164,3,2,1,0,0,0.66667,0.33333,0,0
Alaska,Matanuska-Susitna,02,170,02170,60,17,33,3,7,0.28333,0.55,0.05,0.11667
Alaska,Nome,02,180,02180,10,6,2,0,2,0.6,0.2,0,0.2
Alaska,North Slope,02,185,02185,9,1,4,1,3,0.11111,0.44444,0.11111,0.33333
Alaska,Northwest Arctic,02,188,02188,6,6,0,0,0,1,0,0,0
Alaska,Prince of Wales-Outer Ketchikan,02,201,02201,3,3,0,0,0,1,0,0,0
Alaska,Sitka,02,220,02220,8,6,2,0,0,0.75,0.25,0,0
Alaska,Skagway Hoonah Angoon,02,232,02232,4,1,3,0,0,0.25,0.75,0,0
Alaska,Southeast Fairbanks,02,240,02240,6,2,4,0,0,0.33333,0.66667,0,0
Alaska,Valdez-Cordova,02,261,02261,15,9,4,0,2,0.6,0.26667,0,0.13333
Alaska,Wade Hampton,02,270,02270,2,1,1,0,0,0.5,0.5,0,0
Alaska,Wrangell-Petersburg,02,280,02280,13,11,1,0,1,0.84615,0.07692,0,0.07692
Alaska,Yakutat,02,282,02282,,,,,,,,,
Alaska,Yukon-Koyukuk,02,290,02290,6,4,2,0,0,0.66667,0.33333,0,0
Arizona,Apache,04,001,04001,29,11,14,3,1,0.37931,0.48276,0.10345,0.03448
Arizona,Cochise,04,003,04003,58,2,49,7,0,0.03448,0.84483,0.12069,0
Arizona,Coconino,04,005,04005,70,16,46,5,3,0.22857,0.65714,0.07143,0.04286
Arizona,Gila,04,007,04007,14,2,8,4,0,0.14286,0.57143,0.28571,0
Arizona,Graham,04,009,04009,21,0,20,1,0,0,0.95238,0.04762,0
Arizona,Greenlee,04,011,04011,10,0,7,3,0,0,0.7,0.3,0
Arizona,La Paz,04,012,04012,14,1,9,3,1,0.07143,0.64286,0.21429,0.07143
Arizona,Maricopa,04,013,04013,1990,398,1302,210,80,0.2,0.65427,0.10553,0.0402
Arizona,Mohave,04,015,04015,52,5,42,4,1,0.09615,0.80769,0.07692,0.01923
Arizona,Navajo,04,017,04017,37,11,18,7,1,0.2973,0.48649,0.18919,0.02703
Arizona,Pima,04,019,04019,605,36,449,96,24,0.0595,0.74215,0.15868,0.03967
Arizona,Pinal,04,021,04021,56,11,36,8,1,0.19643,0.64286,0.14286,0.01786
Arizona,Santa Cruz,04,023,04023,10,0,8,2,0,0,0.8,0.2,0
Arizona,Yavapai,04,025,04025,70,14,44,9,3,0.2,0.62857,0.12857,0.04286
Arizona,Yuma,04,027,04027,55,2,47,4,2,0.03636,0.85455,0.07273,0.03636
Arkansas,Arkansas,05,001,05001,16,1,2,12,1,0.0625,0.125,0.75,0.0625
Arkansas,Ashley,05,003,05003,8,0,0,8,0,0,0,1,0
Arkansas,Baxter,05,005,05005,30,6,14,4,6,0.2,0.46667,0.13333,0.2
Arkansas,Benton,05,007,05007,82,12,19,48,3,0.14634,0.23171,0.58537,0.03659
Arkansas,Boone,05,009,05009,17,11,1,4,1,0.64706,0.05882,0.23529,0.05882
Arkansas,Bradley,05,011,05011,2,0,0,2,0,0,0,1,0
Arkansas,Calhoun,05,013,05013,1,0,0,1,0,0,0,1,0
Arkansas,Carroll,05,015,05015,24,7,11,6,0,0.29167,0.45833,0.25,0
Arkansas,Chicot,05,017,05017,1,1,0,0,0,1,0,0,0
Arkansas,Clark,05,019,05019,24,1,3,19,1,0.04167,0.125,0.79167,0.04167
Arkansas,Clay,05,021,05021,8,0,6,2,0,0,0.75,0.25,0
Arkansas,Cleburne,05,023,05023,14,0,0,13,1,0,0,0.92857,0.07143
Arkansas,Cleveland,05,025,05025,4,0,0,4,0,0,0,1,0
Arkansas,Columbia,05,027,05027,14,0,1,13,0,0,0.07143,0.92857,0
Arkansas,Conway,05,029,05029,6,0,1,4,1,0,0.16667,0.66667,0.16667
Arkansas,Craighead,05,031,05031,68,4,16,45,3,0.05882,0.23529,0.66176,0.04412
Arkansas,Crawford,05,033,05033,30,3,4,20,3,0.1,0.13333,0.66667,0.1
Arkansas,Crittenden,05,035,05035,37,1,4,32,0,0.02703,0.10811,0.86486,0
Arkansas,Cross,05,037,05037,8,0,1,7,0,0,0.125,0.875,0
Arkansas,Dallas,05,039,05039,7,1,0,6,0,0.14286,0,0.85714,0
Arkansas,Desha,05,041,05041,7,0,0,7,0,0,0,1,0
Arkansas,Drew,05,043,05043,11,0,2,9,0,0,0.18182,0.81818,0
Arkansas,Faulkner,05,045,05045,46,0,5,37,4,0,0.1087,0.80435,0.08696
Arkansas,Franklin,05,047,05047,5,1,0,4,0,0.2,0,0.8,0
Arkansas,Fulton,05,049,05049,6,1,4,1,0,0.16667,0.66667,0.16667,0
Arkansas,Garland,05,051,05051,51,4,2,44,1,0.07843,0.03922,0.86275,0.01961
Arkansas,Grant,05,053,05053,9,0,1,8,0,0,0.11111,0.88889,0
Arkansas,Greene,05,055,05055,12,0,9,2,1,0,0.75,0.16667,0.08333
Arkansas,Hempstead,05,057,05057,10,0,0,10,0,0,0,1,0
Arkansas,Hot Spring,05,059,05059,16,0,2,14,0,0,0.125,0.875,0
Arkansas,Howard,05,061,05061,3,0,0,3,0,0,0,1,0
Arkansas,Independence,05,063,05063,17,1,3,12,1,0.05882,0.17647,0.70588,0.05882
Arkansas,Izard,05,065,05065,5,1,0,3,1,0.2,0,0.6,0.2
Arkansas,Jackson,05,067,05067,9,0,1,8,0,0,0.11111,0.88889,0
Arkansas,Jefferson,05,069,05069,58,13,2,42,1,0.22414,0.03448,0.72414,0.01724
Arkansas,Johnson,05,071,05071,9,0,1,7,1,0,0.11111,0.77778,0.11111
Arkansas,Lafayette,05,073,05073,3,0,0,3,0,0,0,1,0
Arkansas,Lawrence,05,075,05075,15,0,7,7,1,0,0.46667,0.46667,0.06667
Arkansas,Lee,05,077,05077,1,0,0,1,0,0,0,1,0
Arkansas,Lincoln,05,079,05079,2,0,0,2,0,0,0,1,0
Arkansas,Little River,05,081,05081,5,0,0,5,0,0,0,1,0
Arkansas,Logan,05,083,05083,14,0,1,12,1,0,0.07143,0.85714,0.07143
Arkansas,Lonoke,05,085,05085,42,0,6,34,2,0,0.14286,0.80952,0.04762
Arkansas,Madison,05,087,05087,6,3,0,2,1,0.5,0,0.33333,0.16667
Arkansas,Marion,05,089,05089,6,4,1,0,1,0.66667,0.16667,0,0.16667
Arkansas,Miller,05,091,05091,20,0,1,18,1,0,0.05,0.9,0.05
Arkansas,Mississippi,05,093,05093,35,4,4,24,3,0.11429,0.11429,0.68571,0.08571
Arkansas,Monroe,05,095,05095,2,0,0,2,0,0,0,1,0
Arkansas,Montgomery,05,097,05097,3,0,0,3,0,0,0,1,0
Arkansas,Nevada,05,099,05099,1,0,0,1,0,0,0,1,0
Arkansas,Newton,05,101,05101,1,1,0,0,0,1,0,0,0
Arkansas,Ouachita,05,103,05103,12,0,2,10,0,0,0.16667,0.83333,0
Arkansas,Perry,05,105,05105,3,0,0,3,0,0,0,1,0
Arkansas,Phillips,05,107,05107,9,1,0,8,0,0.11111,0,0.88889,0
Arkansas,Pike,05,109,05109,5,0,0,5,0,0,0,1,0
Arkansas,Poinsett,05,111,05111,13,0,1,12,0,0,0.07692,0.92308,0
Arkansas,Polk,05,113,05113,10,1,1,8,0,0.1,0.1,0.8,0
Arkansas,Pope,05,115,05115,76,8,8,58,2,0.10526,0.10526,0.76316,0.02632
Arkansas,Prairie,05,117,05117,2,0,1,1,0,0,0.5,0.5,0
Arkansas,Pulaski,05,119,05119,385,41,51,283,10,0.10649,0.13247,0.73506,0.02597
Arkansas,Randolph,05,121,05121,12,0,9,3,0,0,0.75,0.25,0
Arkansas,St Francis,05,123,05123,6,0,0,6,0,0,0,1,0
Arkansas,Saline,05,125,05125,34,0,4,30,0,0,0.11765,0.88235,0
Arkansas,Scott,05,127,05127,1,0,0,1,0,0,0,1,0
Arkansas,Searcy,05,129,05129,6,2,1,2,1,0.33333,0.16667,0.33333,0.16667
Arkansas,Sebastian,05,131,05131,88,4,10,72,2,0.04545,0.11364,0.81818,0.02273
Arkansas,Sevier,05,133,05133,7,1,0,6,0,0.14286,0,0.85714,0
Arkansas,Sharp,05,135,05135,5,1,1,3,0,0.2,0.2,0.6,0
Arkansas,Stone,05,137,05137,5,1,0,4,0,0.2,0,0.8,0
Arkansas,Union,05,139,05139,30,1,0,26,3,0.03333,0,0.86667,0.1
Arkansas,Van Buren,05,141,05141,3,0,0,3,0,0,0,1,0
Arkansas,Washington,05,143,05143,146,8,24,107,7,0.05479,0.16438,0.73288,0.04795
Arkansas,White,05,145,05145,39,1,3,33,2,0.02564,0.07692,0.84615,0.05128
Arkansas,Woodruff,05,147,05147,6,0,0,5,1,0,0,0.83333,0.16667
Arkansas,Yell,05,149,05149,12,1,0,10,1,0.08333,0,0.83333,0.08333
California,Alameda,06,001,06001,1262,37,1077,95,53,0.02932,0.85341,0.07528,0.042
California,Alpine,06,003,06003,2,0,2,0,0,0,1,0,0
California,Amador,06,005,06005,14,1,11,2,0,0.07143,0.78571,0.14286,0
California,Butte,06,007,06007,139,11,103,15,10,0.07914,0.74101,0.10791,0.07194
California,Calaveras,06,009,06009,14,2,8,4,0,0.14286,0.57143,0.28571,0
California,Colusa,06,011,06011,4,0,4,0,0,0,1,0,0
California,Contra Costa,06,013,06013,800,23,670,85,22,0.02875,0.8375,0.10625,0.0275
California,Del Norte,06,015,06015,16,2,13,0,1,0.125,0.8125,0,0.0625
California,El Dorado,06,017,06017,125,6,105,12,2,0.048,0.84,0.096,0.016
California,Fresno,06,019,06019,345,7,287,33,18,0.02029,0.83188,0.09565,0.05217
California,Glenn,06,021,06021,8,0,7,1,0,0,0.875,0.125,0
California,Humboldt,06,023,06023,118,6,93,16,3,0.05085,0.78814,0.13559,0.02542
California,Imperial,06,025,06025,113,0,91,15,7,0,0.80531,0.13274,0.06195
California,Inyo,06,027,06027,14,0,8,2,4,0,0.57143,0.14286,0.28571
California,Kern,06,029,06029,285,11,176,67,31,0.0386,0.61754,0.23509,0.10877
California,Kings,06,031,06031,39,1,31,5,2,0.02564,0.79487,0.12821,0.05128
California,Lake,06,033,06033,29,2,22,5,0,0.06897,0.75862,0.17241,0
California,Lassen,06,035,06035,10,0,7,2,1,0,0.7,0.2,0.1
California,Los Angeles,06,037,06037,4777,231,3545,694,307,0.04836,0.7421,0.14528,0.06427
California,Madera,06,039,06039,27,1,22,4,0,0.03704,0.81481,0.14815,0
California,Marin,06,041,06041,304,10,270,15,9,0.03289,0.88816,0.04934,0.02961
California,Mariposa,06,043,06043,13,0,11,2,0,0,0.84615,0.15385,0
California,Mendocino,06,045,06045,67,3,63,1,0,0.04478,0.9403,0.01493,0
California,Merced,06,047,06047,61,2,51,6,2,0.03279,0.83607,0.09836,0.03279
California,Modoc,06,049,06049,12,3,7,0,2,0.25,0.58333,0,0.16667
California,Mono,06,051,06051,14,0,5,0,9,0,0.35714,0,0.64286
California,Monterey,06,053,06053,164,4,133,22,5,0.02439,0.81098,0.13415,0.03049
California,Napa,06,055,06055,82,5,64,11,2,0.06098,0.78049,0.13415,0.02439
California,Nevada,06,057,06057,75,5,68,2,0,0.06667,0.90667,0.02667,0
California,Orange,06,059,06059,1684,51,1245,287,101,0.03029,0.73931,0.17043,0.05998
California,Placer,06,061,06061,180,15,138,23,4,0.08333,0.76667,0.12778,0.02222
California,Plumas,06,063,06063,14,1,12,1,0,0.07143,0.85714,0.07143,0
California,Riverside,06,065,06065,568,31,406,110,21,0.05458,0.71479,0.19366,0.03697
California,Sacramento,06,067,06067,866,55,703,88,20,0.06351,0.81178,0.10162,0.02309
California,San Benito,06,069,06069,17,0,14,2,1,0,0.82353,0.11765,0.05882
California,San Bernardino,06,071,06071,704,23,512,120,49,0.03267,0.72727,0.17045,0.0696
California,San Diego,06,073,06073,2312,60,1584,230,438,0.02595,0.68512,0.09948,0.18945
California,San Francisco,06,075,06075,628,28,499,45,56,0.04459,0.79459,0.07166,0.08917
California,San Joaquin,06,077,06077,248,9,213,16,10,0.03629,0.85887,0.06452,0.04032
California,San Luis Obispo,06,079,06079,173,10,135,23,5,0.0578,0.78035,0.13295,0.0289
California,San Mateo,06,081,06081,596,15,499,54,28,0.02517,0.83725,0.0906,0.04698
California,Santa Barbara,06,083,06083,303,14,248,32,9,0.0462,0.81848,0.10561,0.0297
California,Santa Clara,06,085,06085,1718,47,1388,219,64,0.02736,0.80792,0.12747,0.03725
California,Santa Cruz,06,087,06087,213,7,175,25,6,0.03286,0.8216,0.11737,0.02817
California,Shasta,06,089,06089,107,5,79,18,5,0.04673,0.73832,0.16822,0.04673
California,Sierra,06,091,06091,10,0,8,1,1,0,0.8,0.1,0.1
California,Siskiyou,06,093,06093,35,3,27,5,0,0.08571,0.77143,0.14286,0
California,Solano,06,095,06095,204,8,169,19,8,0.03922,0.82843,0.09314,0.03922
California,Sonoma,06,097,06097,342,12,286,34,10,0.03509,0.83626,0.09942,0.02924
California,Stanislaus,06,099,06099,201,2,172,18,9,0.00995,0.85572,0.08955,0.04478
California,Sutter,06,101,06101,51,4,41,6,0,0.07843,0.80392,0.11765,0
California,Tehama,06,103,06103,26,2,21,3,0,0.07692,0.80769,0.11538,0
California,Trinity,06,105,06105,6,1,3,2,0,0.16667,0.5,0.33333,0
California,Tulare,06,107,06107,147,6,93,22,26,0.04082,0.63265,0.14966,0.17687
California,Tuolumne,06,109,06109,22,0,20,1,1,0,0.90909,0.04545,0.04545
California,Ventura,06,111,06111,561,21,443,86,11,0.03743,0.78966,0.1533,0.01961
California,Yolo,06,113,06113,179,16,149,6,8,0.08939,0.8324,0.03352,0.04469
California,Yuba,06,115,06115,30,3,24,3,0,0.1,0.8,0.1,0
Colorado,Adams,08,001,08001,252,161,72,11,8,0.63889,0.28571,0.04365,0.03175
Colorado,Alamosa,08,003,08003,35,22,8,1,4,0.62857,0.22857,0.02857,0.11429
Colorado,Arapahoe,08,005,08005,563,304,163,84,12,0.53996,0.28952,0.1492,0.02131
Colorado,Archuleta,08,007,08007,1,1,0,0,0,1,0,0,0
Colorado,Baca,08,009,08009,8,8,0,0,0,1,0,0,0
Colorado,Bent,08,011,08011,6,5,0,1,0,0.83333,0,0.16667,0
Colorado,Boulder,08,013,08013,380,160,186,19,15,0.42105,0.48947,0.05,0.03947
Colorado,Broomfield,08,014,08014,72,42,23,2,5,0.58333,0.31944,0.02778,0.06944
Colorado,Chaffee,08,015,08015,5,5,0,0,0,1,0,0,0
Colorado,Cheyenne,08,017,08017,6,6,0,0,0,1,0,0,0
Colorado,Clear Creek,08,019,08019,8,6,0,1,1,0.75,0,0.125,0.125
Colorado,Conejos,08,021,08021,6,5,1,0,0,0.83333,0.16667,0,0
Colorado,Costilla,08,023,08023,4,3,0,0,1,0.75,0,0,0.25
Colorado,Crowley,08,025,08025,4,4,0,0,0,1,0,0,0
Colorado,Custer,08,027,08027,4,2,1,1,0,0.5,0.25,0.25,0
Colorado,Delta,08,029,08029,39,35,3,1,0,0.89744,0.07692,0.02564,0
Colorado,Denver,08,031,08031,576,356,163,41,16,0.61806,0.28299,0.07118,0.02778
Colorado,Dolores,08,033,08033,0,0,0,0,0,0,0,0,0
Colorado,Douglas,08,035,08035,151,86,55,8,2,0.56954,0.36424,0.05298,0.01325
Colorado,Eagle,08,037,08037,18,5,11,1,1,0.27778,0.61111,0.05556,0.05556
Colorado,Elbert,08,039,08039,14,7,5,2,0,0.5,0.35714,0.14286,0
Colorado,El Paso,08,041,08041,464,139,257,54,14,0.29957,0.55388,0.11638,0.03017
Colorado,Fremont,08,043,08043,22,14,6,1,1,0.63636,0.27273,0.04545,0.04545
Colorado,Garfield,08,045,08045,18,9,5,2,2,0.5,0.27778,0.11111,0.11111
Colorado,Gilpin,08,047,08047,1,0,1,0,0,0,1,0,0
Colorado,Grand,08,049,08049,5,4,1,0,0,0.8,0.2,0,0
Colorado,Gunnison,08,051,08051,15,7,5,3,0,0.46667,0.33333,0.2,0
Colorado,Hinsdale,08,053,08053,0,0,0,0,0,0,0,0,0
Colorado,Huerfano,08,055,08055,5,3,1,0,1,0.6,0.2,0,0.2
Colorado,Jackson,08,057,08057,4,4,0,0,0,1,0,0,0
Colorado,Jefferson,08,059,08059,566,366,159,28,13,0.64664,0.28092,0.04947,0.02297
Colorado,Kiowa,08,061,08061,1,1,0,0,0,1,0,0,0
Colorado,Kit Carson,08,063,08063,9,9,0,0,0,1,0,0,0
Colorado,Lake,08,065,08065,8,6,1,1,0,0.75,0.125,0.125,0
Colorado,La Plata,08,067,08067,18,5,6,7,0,0.27778,0.33333,0.38889,0
Colorado,Larimer,08,069,08069,316,210,92,6,8,0.66456,0.29114,0.01899,0.02532
Colorado,Las Animas,08,071,08071,13,10,2,0,1,0.76923,0.15385,0,0.07692
Colorado,Lincoln,08,073,08073,7,7,0,0,0,1,0,0,0
Colorado,Logan,08,075,08075,22,16,6,0,0,0.72727,0.27273,0,0
Colorado,Mesa,08,077,08077,159,122,23,10,4,0.7673,0.14465,0.06289,0.02516
Colorado,Mineral,08,079,08079,1,1,0,0,0,1,0,0,0
Colorado,Moffat,08,081,08081,14,9,5,0,0,0.64286,0.35714,0,0
Colorado,Montezuma,08,083,08083,15,9,3,3,0,0.6,0.2,0.2,0
Colorado,Montrose,08,085,08085,46,41,2,3,0,0.8913,0.04348,0.06522,0
Colorado,Morgan,08,087,08087,17,16,1,0,0,0.94118,0.05882,0,0
Colorado,Otero,08,089,08089,14,9,5,0,0,0.64286,0.35714,0,0
Colorado,Ouray,08,091,08091,3,1,2,0,0,0.33333,0.66667,0,0
Colorado,Park,08,093,08093,8,5,3,0,0,0.625,0.375,0,0
Colorado,Phillips,08,095,08095,7,4,3,0,0,0.57143,0.42857,0,0
Colorado,Pitkin,08,097,08097,15,4,10,1,0,0.26667,0.66667,0.06667,0
Colorado,Prowers,08,099,08099,15,11,3,0,1,0.73333,0.2,0,0.06667
Colorado,Pueblo,08,101,08101,103,85,16,2,0,0.82524,0.15534,0.01942,0
Colorado,Rio Blanco,08,103,08103,11,6,5,0,0,0.54545,0.45455,0,0
Colorado,Rio Grande,08,105,08105,8,5,2,0,1,0.625,0.25,0,0.125
Colorado,Routt,08,107,08107,12,9,3,0,0,0.75,0.25,0,0
Colorado,Saguache,08,109,08109,1,1,0,0,0,1,0,0,0
Colorado,San Juan,08,111,08111,2,0,2,0,0,0,1,0,0
Colorado,San Miguel,08,113,08113,4,1,0,2,1,0.25,0,0.5,0.25
Colorado,Sedgwick,08,115,08115,1,1,0,0,0,1,0,0,0
Colorado,Summit,08,117,08117,16,6,8,2,0,0.375,0.5,0.125,0
Colorado,Teller,08,119,08119,14,6,8,0,0,0.42857,0.57143,0,0
Colorado,Washington,08,121,08121,6,5,1,0,0,0.83333,0.16667,0,0
Colorado,Weld,08,123,08123,167,115,45,6,1,0.68862,0.26946,0.03593,0.00599
Colorado,Yuma,08,125,08125,17,12,3,2,0,0.70588,0.17647,0.11765,0
Connecticut,Fairfield,09,001,09001,1216,16,1150,40,10,0.01316,0.94572,0.03289,0.00822
Connecticut,Hartford,09,003,09003,810,9,775,21,5,0.01111,0.95679,0.02593,0.00617
Connecticut,Litchfield,09,005,09005,206,3,203,0,0,0.01456,0.98544,0,0
Connecticut,Middlesex,09,007,09007,187,7,174,4,2,0.03743,0.93048,0.02139,0.0107
Connecticut,New Haven,09,009,09009,745,9,718,15,3,0.01208,0.96376,0.02013,0.00403
Connecticut,New London,09,011,09011,340,8,279,5,48,0.02353,0.82059,0.01471,0.14118
Connecticut,Tolland,09,013,09013,185,5,173,6,1,0.02703,0.93514,0.03243,0.00541
Connecticut,Windham,09,015,09015,98,1,89,3,5,0.0102,0.90816,0.03061,0.05102
Delaware,Kent,10,001,10001,81,6,66,7,2,0.07407,0.81481,0.08642,0.02469
Delaware,New Castle,10,003,10003,513,15,473,20,5,0.02924,0.92203,0.03899,0.00975
Delaware,Sussex,10,005,10005,63,0,53,9,1,0,0.84127,0.14286,0.01587
District of Columbia,District of Columbia,11,001,11001,460,32,361,46,21,0.06957,0.78478,0.1,0.04565
Florida,Alachua,12,001,12001,191,4,73,103,11,0.02094,0.3822,0.53927,0.05759
Florida,Baker,12,003,12003,14,6,1,5,2,0.42857,0.07143,0.35714,0.14286
Florida,Bay,12,005,12005,93,1,30,60,2,0.01075,0.32258,0.64516,0.02151
Florida,Bradford,12,007,12007,6,0,0,5,1,0,0,0.83333,0.16667
Florida,Brevard,12,009,12009,319,10,170,126,13,0.03135,0.53292,0.39498,0.04075
Florida,Broward,12,011,12011,683,21,471,177,14,0.03075,0.6896,0.25915,0.0205
Florida,Calhoun,12,013,12013,1,0,0,1,0,0,0,1,0
Florida,Charlotte,12,015,12015,54,2,37,13,2,0.03704,0.68519,0.24074,0.03704
Florida,Citrus,12,017,12017,34,2,16,15,1,0.05882,0.47059,0.44118,0.02941
Florida,Clay,12,019,12019,94,4,29,57,4,0.04255,0.30851,0.60638,0.04255
Florida,Collier,12,021,12021,94,4,61,25,4,0.04255,0.64894,0.26596,0.04255
Florida,Columbia,12,023,12023,15,0,9,5,1,0,0.6,0.33333,0.06667
Florida,De Soto,12,027,12027,8,0,1,6,1,0,0.125,0.75,0.125
Florida,Dixie,12,029,12029,5,0,1,4,0,0,0.2,0.8,0
Florida,Duval,12,031,12031,534,16,169,325,24,0.02996,0.31648,0.60861,0.04494
Florida,Escambia,12,033,12033,185,1,49,126,9,0.00541,0.26486,0.68108,0.04865
Florida,Flagler,12,035,12035,19,0,15,4,0,0,0.78947,0.21053,0
Florida,Franklin,12,037,12037,2,2,0,0,0,1,0,0,0
Florida,Gadsden,12,039,12039,5,0,2,3,0,0,0.4,0.6,0
Florida,Gilchrist,12,041,12041,6,1,1,4,0,0.16667,0.16667,0.66667,0
Florida,Glades,12,043,12043,1,0,0,1,0,0,0,1,0
Florida,Gulf,12,045,12045,8,0,1,7,0,0,0.125,0.875,0
Florida,Hamilton,12,047,12047,2,0,0,2,0,0,0,1,0
Florida,Hardee,12,049,12049,7,0,0,6,1,0,0,0.85714,0.14286
Florida,Hendry,12,051,12051,14,2,2,9,1,0.14286,0.14286,0.64286,0.07143
Florida,Hernando,12,053,12053,44,3,24,14,3,0.06818,0.54545,0.31818,0.06818
Florida,Highlands,12,055,12055,27,1,11,15,0,0.03704,0.40741,0.55556,0
Florida,Hillsborough,12,057,12057,513,16,216,253,28,0.03119,0.42105,0.49318,0.05458
Florida,Holmes,12,059,12059,3,0,0,3,0,0,0,1,0
Florida,Indian River,12,061,12061,45,2,22,21,0,0.04444,0.48889,0.46667,0
Florida,Jackson,12,063,12063,12,0,2,8,2,0,0.16667,0.66667,0.16667
Florida,Jefferson,12,065,12065,11,0,3,8,0,0,0.27273,0.72727,0
Florida,Lafayette,12,067,12067,0,0,0,0,0,0,0,0,0
Florida,Lake,12,069,12069,102,3,55,40,4,0.02941,0.53922,0.39216,0.03922
Florida,Lee,12,071,12071,166,14,98,51,3,0.08434,0.59036,0.30723,0.01807
Florida,Leon,12,073,12073,223,4,63,149,7,0.01794,0.28251,0.66816,0.03139
Florida,Levy,12,075,12075,11,1,4,6,0,0.09091,0.36364,0.54545,0
Florida,Liberty,12,077,12077,4,1,1,1,1,0.25,0.25,0.25,0.25
Florida,Madison,12,079,12079,6,0,0,6,0,0,0,1,0
Florida,Manatee,12,081,12081,119,6,59,49,5,0.05042,0.4958,0.41176,0.04202
Florida,Marion,12,083,12083,94,4,41,46,3,0.04255,0.43617,0.48936,0.03191
Florida,Martin,12,085,12085,46,2,30,14,0,0.04348,0.65217,0.30435,0
Florida,Miami-Dade,12,086,12086,822,12,517,265,28,0.0146,0.62895,0.32238,0.03406
Florida,Monroe,12,087,12087,37,0,20,16,1,0,0.54054,0.43243,0.02703
Florida,Nassau,12,089,12089,32,1,6,21,4,0.03125,0.1875,0.65625,0.125
Florida,Okaloosa,12,091,12091,121,5,45,66,5,0.04132,0.3719,0.54545,0.04132
Florida,Okeechobee,12,093,12093,13,0,3,9,1,0,0.23077,0.69231,0.07692
Florida,Orange,12,095,12095,575,13,302,235,25,0.02261,0.52522,0.4087,0.04348
Florida,Osceola,12,097,12097,58,4,33,20,1,0.06897,0.56897,0.34483,0.01724
Florida,Palm Beach,12,099,12099,444,18,303,106,17,0.04054,0.68243,0.23874,0.03829
Florida,Pasco,12,101,12101,119,4,81,29,5,0.03361,0.68067,0.2437,0.04202
Florida,Pinellas,12,103,12103,409,22,231,147,9,0.05379,0.56479,0.35941,0.022
Florida,Polk,12,105,12105,250,31,59,154,6,0.124,0.236,0.616,0.024
Florida,Putnam,12,107,12107,26,1,6,19,0,0.03846,0.23077,0.73077,0
Florida,St Johns,12,109,12109,72,3,30,35,4,0.04167,0.41667,0.48611,0.05556
Florida,St Lucie,12,111,12111,51,3,19,26,3,0.05882,0.37255,0.5098,0.05882
Florida,Santa Rosa,12,113,12113,67,1,22,42,2,0.01493,0.32836,0.62687,0.02985
Florida,Sarasota,12,115,12115,145,8,85,48,4,0.05517,0.58621,0.33103,0.02759
Florida,Seminole,12,117,12117,252,9,136,99,8,0.03571,0.53968,0.39286,0.03175
Florida,Sumter,12,119,12119,9,0,5,3,1,0,0.55556,0.33333,0.11111
Florida,Suwannee,12,121,12121,7,0,1,6,0,0,0.14286,0.85714,0
Florida,Taylor,12,123,12123,12,0,4,6,2,0,0.33333,0.5,0.16667
Florida,Union,12,125,12125,4,0,1,2,1,0,0.25,0.5,0.25
Florida,Volusia,12,127,12127,211,23,121,64,3,0.109,0.57346,0.30332,0.01422
Florida,Wakulla,12,129,12129,13,0,7,6,0,0,0.53846,0.46154,0
Florida,Walton,12,131,12131,8,0,2,6,0,0,0.25,0.75,0
Florida,Washington,12,133,12133,5,0,0,4,1,0,0,0.8,0.2
Georgia,Appling,13,001,13001,10,0,2,7,1,0,0.2,0.7,0.1
Georgia,Atkinson,13,003,13003,5,0,2,3,0,0,0.4,0.6,0
Georgia,Bacon,13,005,13005,1,0,0,1,0,0,0,1,0
Georgia,Baker,13,007,13007,1,0,0,0,1,0,0,0,1
Georgia,Baldwin,13,009,13009,14,0,1,12,1,0,0.07143,0.85714,0.07143
Georgia,Banks,13,011,13011,0,0,0,0,0,0,0,0,0
Georgia,Barrow,13,013,13013,30,0,2,27,1,0,0.06667,0.9,0.03333
Georgia,Bartow,13,015,13015,40,2,5,29,4,0.05,0.125,0.725,0.1
Georgia,Ben Hill,13,017,13017,3,0,0,2,1,0,0,0.66667,0.33333
Georgia,Berrien,13,019,13019,12,0,0,10,2,0,0,0.83333,0.16667
Georgia,Bibb,13,021,13021,99,1,9,83,6,0.0101,0.09091,0.83838,0.06061
Georgia,Bleckley,13,023,13023,8,0,0,5,3,0,0,0.625,0.375
Georgia,Brantley,13,025,13025,4,0,0,4,0,0,0,1,0
Georgia,Brooks,13,027,13027,5,0,0,5,0,0,0,1,0
Georgia,Bryan,13,029,13029,10,0,1,9,0,0,0.1,0.9,0
Georgia,Bulloch,13,031,13031,32,0,3,28,1,0,0.09375,0.875,0.03125
Georgia,Burke,13,033,13033,4,0,1,3,0,0,0.25,0.75,0
Georgia,Butts,13,035,13035,13,0,2,9,2,0,0.15385,0.69231,0.15385
Georgia,Calhoun,13,037,13037,1,0,0,1,0,0,0,1,0
Georgia,Camden,13,039,13039,17,1,7,7,2,0.05882,0.41176,0.41176,0.11765
Georgia,Candler,13,043,13043,2,0,0,2,0,0,0,1,0
Georgia,Carroll,13,045,13045,53,1,5,46,1,0.01887,0.09434,0.86792,0.01887
Georgia,Catoosa,13,047,13047,28,0,1,27,0,0,0.03571,0.96429,0
Georgia,Charlton,13,049,13049,4,0,2,2,0,0,0.5,0.5,0
Georgia,Chatham,13,051,13051,134,2,28,103,1,0.01493,0.20896,0.76866,0.00746
Georgia,Chattahoochee,13,053,13053,8,1,4,3,0,0.125,0.5,0.375,0
Georgia,Chattooga,13,055,13055,18,0,1,17,0,0,0.05556,0.94444,0
Georgia,Cherokee,13,057,13057,127,5,14,105,3,0.03937,0.11024,0.82677,0.02362
Georgia,Clarke,13,059,13059,105,2,11,86,6,0.01905,0.10476,0.81905,0.05714
Georgia,Clay,13,061,13061,0,0,0,0,0,0,0,0,0
Georgia,Clayton,13,063,13063,93,2,23,65,3,0.02151,0.24731,0.69892,0.03226
Georgia,Clinch,13,065,13065,5,0,0,5,0,0,0,1,0
Georgia,Cobb,13,067,13067,596,14,95,462,25,0.02349,0.1594,0.77517,0.04195
Georgia,Coffee,13,069,13069,7,0,0,7,0,0,0,1,0
Georgia,Colquitt,13,071,13071,29,0,3,23,3,0,0.10345,0.7931,0.10345
Georgia,Columbia,13,073,13073,76,2,16,57,1,0.02632,0.21053,0.75,0.01316
Georgia,Cook,13,075,13075,7,0,1,6,0,0,0.14286,0.85714,0
Georgia,Coweta,13,077,13077,44,0,5,37,2,0,0.11364,0.84091,0.04545
Georgia,Crawford,13,079,13079,0,0,0,0,0,0,0,0,0
Georgia,Crisp,13,081,13081,4,0,1,3,0,0,0.25,0.75,0
Georgia,Dade,13,083,13083,6,0,0,6,0,0,0,1,0
Georgia,Dawson,13,085,13085,6,0,2,4,0,0,0.33333,0.66667,0
Georgia,Decatur,13,087,13087,4,0,0,4,0,0,0,1,0
Georgia,De Kalb,13,089,13089,531,13,94,371,53,0.02448,0.17702,0.69868,0.09981
Georgia,Dodge,13,091,13091,1,0,0,1,0,0,0,1,0
Georgia,Dooly,13,093,13093,3,0,1,2,0,0,0.33333,0.66667,0
Georgia,Dougherty,13,095,13095,49,1,10,33,5,0.02041,0.20408,0.67347,0.10204
Georgia,Douglas,13,097,13097,58,2,6,46,4,0.03448,0.10345,0.7931,0.06897
Georgia,Early,13,099,13099,2,0,0,2,0,0,0,1,0
Georgia,Echols,13,101,13101,1,0,0,1,0,0,0,1,0
Georgia,Effingham,13,103,13103,18,2,2,12,2,0.11111,0.11111,0.66667,0.11111
Georgia,Elbert,13,105,13105,8,0,1,5,2,0,0.125,0.625,0.25
Georgia,Emanuel,13,107,13107,5,0,0,5,0,0,0,1,0
Georgia,Evans,13,109,13109,6,0,1,5,0,0,0.16667,0.83333,0
Georgia,Fannin,13,111,13111,10,0,3,7,0,0,0.3,0.7,0
Georgia,Fayette,13,113,13113,75,4,14,56,1,0.05333,0.18667,0.74667,0.01333
Georgia,Floyd,13,115,13115,76,0,8,63,5,0,0.10526,0.82895,0.06579
Georgia,Forsyth,13,117,13117,200,10,43,119,28,0.05,0.215,0.595,0.14
Georgia,Franklin,13,119,13119,3,0,1,2,0,0,0.33333,0.66667,0
Georgia,Fulton,13,121,13121,758,14,132,575,37,0.01847,0.17414,0.75858,0.04881
Georgia,Gilmer,13,123,13123,8,0,1,7,0,0,0.125,0.875,0
Georgia,Glascock,13,125,13125,1,0,0,0,1,0,0,0,1
Georgia,Glynn,13,127,13127,48,1,7,39,1,0.02083,0.14583,0.8125,0.02083
Georgia,Gordon,13,129,13129,25,0,4,20,1,0,0.16,0.8,0.04
Georgia,Grady,13,131,13131,7,0,1,6,0,0,0.14286,0.85714,0
Georgia,Greene,13,133,13133,4,0,0,4,0,0,0,1,0
Georgia,Gwinnett,13,135,13135,537,9,105,405,18,0.01676,0.19553,0.75419,0.03352
Georgia,Habersham,13,137,13137,12,0,1,10,1,0,0.08333,0.83333,0.08333
Georgia,Hall,13,139,13139,71,0,5,56,10,0,0.07042,0.78873,0.14085
Georgia,Hancock,13,141,13141,0,0,0,0,0,0,0,0,0
Georgia,Haralson,13,143,13143,14,0,1,13,0,0,0.07143,0.92857,0
Georgia,Harris,13,145,13145,6,0,1,5,0,0,0.16667,0.83333,0
Georgia,Hart,13,147,13147,5,0,1,4,0,0,0.2,0.8,0
Georgia,Heard,13,149,13149,2,0,0,2,0,0,0,1,0
Georgia,Henry,13,151,13151,87,2,15,63,7,0.02299,0.17241,0.72414,0.08046
Georgia,Houston,13,153,13153,85,2,18,61,4,0.02353,0.21176,0.71765,0.04706
Georgia,Irwin,13,155,13155,3,0,0,3,0,0,0,1,0
Georgia,Jackson,13,157,13157,19,0,3,14,2,0,0.15789,0.73684,0.10526
Georgia,Jasper,13,159,13159,7,0,0,6,1,0,0,0.85714,0.14286
Georgia,Jeff Davis,13,161,13161,5,0,0,5,0,0,0,1,0
Georgia,Jefferson,13,163,13163,6,0,3,3,0,0,0.5,0.5,0
Georgia,Jenkins,13,165,13165,4,0,1,3,0,0,0.25,0.75,0
Georgia,Johnson,13,167,13167,2,0,0,2,0,0,0,1,0
Georgia,Jones,13,169,13169,10,0,0,10,0,0,0,1,0
Georgia,Lamar,13,171,13171,9,1,2,5,1,0.11111,0.22222,0.55556,0.11111
Georgia,Lanier,13,173,13173,3,0,1,2,0,0,0.33333,0.66667,0
Georgia,Laurens,13,175,13175,15,0,2,13,0,0,0.13333,0.86667,0
Georgia,Lee,13,177,13177,29,0,3,23,3,0,0.10345,0.7931,0.10345
Georgia,Liberty,13,179,13179,29,2,13,14,0,0.06897,0.44828,0.48276,0
Georgia,Lincoln,13,181,13181,3,0,1,2,0,0,0.33333,0.66667,0
Georgia,Long,13,183,13183,1,0,1,0,0,0,1,0,0
Georgia,Lowndes,13,185,13185,110,9,25,74,2,0.08182,0.22727,0.67273,0.01818
Georgia,Lumpkin,13,187,13187,5,1,0,4,0,0.2,0,0.8,0
Georgia,McDuffie,13,189,13189,7,0,1,6,0,0,0.14286,0.85714,0
Georgia,McIntosh,13,191,13191,9,6,0,2,1,0.66667,0,0.22222,0.11111
Georgia,Macon,13,193,13193,1,0,1,0,0,0,1,0,0
Georgia,Madison,13,195,13195,6,0,0,6,0,0,0,1,0
Georgia,Marion,13,197,13197,1,0,0,1,0,0,0,1,0
Georgia,Meriwether,13,199,13199,7,0,0,7,0,0,0,1,0
Georgia,Miller,13,201,13201,1,0,1,0,0,0,1,0,0
Georgia,Mitchell,13,205,13205,5,0,3,2,0,0,0.6,0.4,0
Georgia,Monroe,13,207,13207,9,0,1,7,1,0,0.11111,0.77778,0.11111
Georgia,Montgomery,13,209,13209,0,0,0,0,0,0,0,0,0
Georgia,Morgan,13,211,13211,2,0,0,2,0,0,0,1,0
Georgia,Murray,13,213,13213,16,1,4,10,1,0.0625,0.25,0.625,0.0625
Georgia,Muscogee,13,215,13215,129,2,14,105,8,0.0155,0.10853,0.81395,0.06202
Georgia,Newton,13,217,13217,50,0,7,37,6,0,0.14,0.74,0.12
Georgia,Oconee,13,219,13219,18,0,3,14,1,0,0.16667,0.77778,0.05556
Georgia,Oglethorpe,13,221,13221,5,0,2,3,0,0,0.4,0.6,0
Georgia,Paulding,13,223,13223,28,0,3,24,1,0,0.10714,0.85714,0.03571
Georgia,Peach,13,225,13225,13,0,3,10,0,0,0.23077,0.76923,0
Georgia,Pickens,13,227,13227,9,0,1,8,0,0,0.11111,0.88889,0
Georgia,Pierce,13,229,13229,4,1,0,3,0,0.25,0,0.75,0
Georgia,Pike,13,231,13231,1,0,0,1,0,0,0,1,0
Georgia,Polk,13,233,13233,18,0,1,17,0,0,0.05556,0.94444,0
Georgia,Pulaski,13,235,13235,7,0,2,4,1,0,0.28571,0.57143,0.14286
Georgia,Putnam,13,237,13237,4,0,0,4,0,0,0,1,0
Georgia,Quitman,13,239,13239,0,0,0,0,0,0,0,0,0
Georgia,Rabun,13,241,13241,2,0,0,2,0,0,0,1,0
Georgia,Randolph,13,243,13243,1,0,1,0,0,0,1,0,0
Georgia,Richmond,13,245,13245,96,0,22,69,5,0,0.22917,0.71875,0.05208
Georgia,Rockdale,13,247,13247,43,0,3,36,4,0,0.06977,0.83721,0.09302
Georgia,Schley,13,249,13249,2,0,0,2,0,0,0,1,0
Georgia,Screven,13,251,13251,4,0,1,3,0,0,0.25,0.75,0
Georgia,Seminole,13,253,13253,0,0,0,0,0,0,0,0,0
Georgia,Spalding,13,255,13255,33,0,0,30,3,0,0,0.90909,0.09091
Georgia,Stephens,13,257,13257,19,1,4,13,1,0.05263,0.21053,0.68421,0.05263
Georgia,Stewart,13,259,13259,1,0,0,1,0,0,0,1,0
Georgia,Sumter,13,261,13261,15,0,4,9,2,0,0.26667,0.6,0.13333
Georgia,Talbot,13,263,13263,2,0,1,1,0,0,0.5,0.5,0
Georgia,Taliaferro,13,265,13265,0,0,0,0,0,0,0,0,0
Georgia,Tattnall,13,267,13267,2,0,0,2,0,0,0,1,0
Georgia,Taylor,13,269,13269,0,0,0,0,0,0,0,0,0
Georgia,Telfair,13,271,13271,3,0,0,3,0,0,0,1,0
Georgia,Terrell,13,273,13273,1,0,0,1,0,0,0,1,0
Georgia,Thomas,13,275,13275,21,1,0,20,0,0.04762,0,0.95238,0
Georgia,Tift,13,277,13277,19,0,2,17,0,0,0.10526,0.89474,0
Georgia,Toombs,13,279,13279,17,0,3,14,0,0,0.17647,0.82353,0
Georgia,Towns,13,281,13281,7,0,2,5,0,0,0.28571,0.71429,0
Georgia,Treutlen,13,283,13283,2,0,2,0,0,0,1,0,0
Georgia,Troup,13,285,13285,40,1,2,33,4,0.025,0.05,0.825,0.1
Georgia,Turner,13,287,13287,1,0,1,0,0,0,1,0,0
Georgia,Twiggs,13,289,13289,1,0,0,1,0,0,0,1,0
Georgia,Union,13,291,13291,6,0,1,5,0,0,0.16667,0.83333,0
Georgia,Upson,13,293,13293,17,0,3,11,3,0,0.17647,0.64706,0.17647
Georgia,Walker,13,295,13295,34,1,2,30,1,0.02941,0.05882,0.88235,0.02941
Georgia,Walton,13,297,13297,44,1,2,40,1,0.02273,0.04545,0.90909,0.02273
Georgia,Ware,13,299,13299,19,0,2,15,2,0,0.10526,0.78947,0.10526
Georgia,Warren,13,301,13301,2,0,0,2,0,0,0,1,0
Georgia,Washington,13,303,13303,3,0,1,2,0,0,0.33333,0.66667,0
Georgia,Wayne,13,305,13305,13,0,2,8,3,0,0.15385,0.61538,0.23077
Georgia,Webster,13,307,13307,0,0,0,0,0,0,0,0,0
Georgia,Wheeler,13,309,13309,0,0,0,0,0,0,0,0,0
Georgia,White,13,311,13311,6,0,0,6,0,0,0,1,0
Georgia,Whitfield,13,313,13313,45,0,3,40,2,0,0.06667,0.88889,0.04444
Georgia,Wilcox,13,315,13315,1,0,0,1,0,0,0,1,0
Georgia,Wilkes,13,317,13317,7,0,1,6,0,0,0.14286,0.85714,0
Georgia,Wilkinson,13,319,13319,4,0,1,3,0,0,0.25,0.75,0
Georgia,Worth,13,321,13321,8,0,1,7,0,0,0.125,0.875,0
Hawaii,Hawaii,15,001,15001,79,6,69,3,1,0.07595,0.87342,0.03797,0.01266
Hawaii,Honolulu,15,003,15003,485,12,445,17,11,0.02474,0.91753,0.03505,0.02268
Hawaii,Kalawao,15,005,15005,0,0,0,0,0,0,0,0,0
Hawaii,Kauai,15,007,15007,26,2,23,0,1,0.07692,0.88462,0,0.03846
Hawaii,Maui,15,009,15009,48,1,44,1,2,0.02083,0.91667,0.02083,0.04167
Idaho,Ada,16,001,16001,311,176,107,18,10,0.56592,0.34405,0.05788,0.03215
Idaho,Adams,16,003,16003,3,3,0,0,0,1,0,0,0
Idaho,Bannock,16,005,16005,71,51,16,2,2,0.71831,0.22535,0.02817,0.02817
Idaho,Bear Lake,16,007,16007,5,4,1,0,0,0.8,0.2,0,0
Idaho,Benewah,16,009,16009,2,2,0,0,0,1,0,0,0
Idaho,Bingham,16,011,16011,48,40,5,3,0,0.83333,0.10417,0.0625,0
Idaho,Blaine,16,013,16013,21,7,11,3,0,0.33333,0.52381,0.14286,0
Idaho,Boise,16,015,16015,3,2,1,0,0,0.66667,0.33333,0,0
Idaho,Bonner,16,017,16017,20,12,7,0,1,0.6,0.35,0,0.05
Idaho,Bonneville,16,019,16019,106,70,29,3,4,0.66038,0.27358,0.0283,0.03774
Idaho,Boundary,16,021,16021,12,7,5,0,0,0.58333,0.41667,0,0
Idaho,Butte,16,023,16023,3,2,1,0,0,0.66667,0.33333,0,0
Idaho,Camas,16,025,16025,2,1,1,0,0,0.5,0.5,0,0
Idaho,Canyon,16,027,16027,90,58,24,7,1,0.64444,0.26667,0.07778,0.01111
Idaho,Caribou,16,029,16029,10,8,2,0,0,0.8,0.2,0,0
Idaho,Cassia,16,031,16031,15,10,4,0,1,0.66667,0.26667,0,0.06667
Idaho,Clark,16,033,16033,2,0,2,0,0,0,1,0,0
Idaho,Clearwater,16,035,16035,11,8,2,0,1,0.72727,0.18182,0,0.09091
Idaho,Custer,16,037,16037,3,2,1,0,0,0.66667,0.33333,0,0
Idaho,Elmore,16,039,16039,11,6,4,1,0,0.54545,0.36364,0.09091,0
Idaho,Franklin,16,041,16041,6,3,2,1,0,0.5,0.33333,0.16667,0
Idaho,Fremont,16,043,16043,6,4,1,1,0,0.66667,0.16667,0.16667,0
Idaho,Gem,16,045,16045,9,6,2,1,0,0.66667,0.22222,0.11111,0
Idaho,Gooding,16,047,16047,11,9,0,2,0,0.81818,0,0.18182,0
Idaho,Idaho,16,049,16049,16,11,2,1,2,0.6875,0.125,0.0625,0.125
Idaho,Jefferson,16,051,16051,15,11,2,0,2,0.73333,0.13333,0,0.13333
Idaho,Jerome,16,053,16053,15,14,1,0,0,0.93333,0.06667,0,0
Idaho,Kootenai,16,055,16055,87,53,27,3,4,0.6092,0.31034,0.03448,0.04598
Idaho,Latah,16,057,16057,68,42,21,2,3,0.61765,0.30882,0.02941,0.04412
Idaho,Lemhi,16,059,16059,11,8,3,0,0,0.72727,0.27273,0,0
Idaho,Lewis,16,061,16061,5,5,0,0,0,1,0,0,0
Idaho,Lincoln,16,063,16063,4,3,1,0,0,0.75,0.25,0,0
Idaho,Madison,16,065,16065,33,24,6,3,0,0.72727,0.18182,0.09091,0
Idaho,Minidoka,16,067,16067,20,13,7,0,0,0.65,0.35,0,0
Idaho,Nez Perce,16,069,16069,39,34,3,1,1,0.87179,0.07692,0.02564,0.02564
Idaho,Oneida,16,071,16071,3,2,1,0,0,0.66667,0.33333,0,0
Idaho,Owyhee,16,073,16073,6,5,1,0,0,0.83333,0.16667,0,0
Idaho,Payette,16,075,16075,7,5,2,0,0,0.71429,0.28571,0,0
Idaho,Power,16,077,16077,7,6,1,0,0,0.85714,0.14286,0,0
Idaho,Shoshone,16,079,16079,8,6,2,0,0,0.75,0.25,0,0
Idaho,Teton,16,081,16081,8,4,1,0,3,0.5,0.125,0,0.375
Idaho,Twin Falls,16,083,16083,59,42,14,1,2,0.71186,0.23729,0.01695,0.0339
Idaho,Valley,16,085,16085,7,4,3,0,0,0.57143,0.42857,0,0
Idaho,Washington,16,087,16087,8,4,2,1,1,0.5,0.25,0.125,0.125
Illinois,Adams,17,001,17001,123,8,104,4,7,0.06504,0.84553,0.03252,0.05691
Illinois,Alexander,17,003,17003,5,0,1,3,1,0,0.2,0.6,0.2
Illinois,Bond,17,005,17005,18,3,12,1,2,0.16667,0.66667,0.05556,0.11111
Illinois,Boone,17,007,17007,58,52,5,0,1,0.89655,0.08621,0,0.01724
Illinois,Brown,17,009,17009,2,1,1,0,0,0.5,0.5,0,0
Illinois,Bureau,17,011,17011,68,37,31,0,0,0.54412,0.45588,0,0
Illinois,Calhoun,17,013,17013,5,0,5,0,0,0,1,0,0
Illinois,Carroll,17,015,17015,44,41,3,0,0,0.93182,0.06818,0,0
Illinois,Cass,17,017,17017,25,5,13,4,3,0.2,0.52,0.16,0.12
Illinois,Champaign,17,019,17019,407,245,126,24,12,0.60197,0.30958,0.05897,0.02948
Illinois,Christian,17,021,17021,45,11,29,4,1,0.24444,0.64444,0.08889,0.02222
Illinois,Clark,17,023,17023,25,15,4,4,2,0.6,0.16,0.16,0.08
Illinois,Clay,17,025,17025,18,2,12,4,0,0.11111,0.66667,0.22222,0
Illinois,Clinton,17,027,17027,52,1,51,0,0,0.01923,0.98077,0,0
Illinois,Coles,17,029,17029,57,28,13,13,3,0.49123,0.22807,0.22807,0.05263
Illinois,Cook,17,031,17031,8175,6301,1467,287,120,0.77076,0.17945,0.03511,0.01468
Illinois,Crawford,17,033,17033,24,20,2,2,0,0.83333,0.08333,0.08333,0
Illinois,Cumberland,17,035,17035,10,3,6,1,0,0.3,0.6,0.1,0
Illinois,De Kalb,17,037,17037,197,158,33,4,2,0.80203,0.16751,0.0203,0.01015
Illinois,Dewitt,17,039,17039,25,18,6,1,0,0.72,0.24,0.04,0
Illinois,Douglas,17,041,17041,28,23,3,2,0,0.82143,0.10714,0.07143,0
Illinois,Du Page,17,043,17043,2023,1553,358,81,31,0.76767,0.17696,0.04004,0.01532
Illinois,Edgar,17,045,17045,16,11,4,0,1,0.6875,0.25,0,0.0625
Illinois,Edwards,17,047,17047,3,0,2,1,0,0,0.66667,0.33333,0
Illinois,Effingham,17,049,17049,39,4,28,5,2,0.10256,0.71795,0.12821,0.05128
Illinois,Fayette,17,051,17051,21,2,18,1,0,0.09524,0.85714,0.04762,0
Illinois,Ford,17,053,17053,28,19,7,2,0,0.67857,0.25,0.07143,0
Illinois,Franklin,17,055,17055,35,2,25,6,2,0.05714,0.71429,0.17143,0.05714
Illinois,Fulton,17,057,17057,33,22,8,0,3,0.66667,0.24242,0,0.09091
Illinois,Gallatin,17,059,17059,6,1,2,3,0,0.16667,0.33333,0.5,0
Illinois,Greene,17,061,17061,18,0,15,0,3,0,0.83333,0,0.16667
Illinois,Grundy,17,063,17063,55,41,11,2,1,0.74545,0.2,0.03636,0.01818
Illinois,Hamilton,17,065,17065,6,0,3,2,1,0,0.5,0.33333,0.16667
Illinois,Hancock,17,067,17067,34,23,11,0,0,0.67647,0.32353,0,0
Illinois,Hardin,17,069,17069,13,0,10,3,0,0,0.76923,0.23077,0
Illinois,Henderson,17,071,17071,10,9,1,0,0,0.9,0.1,0,0
Illinois,Henry,17,073,17073,136,121,11,1,3,0.88971,0.08088,0.00735,0.02206
Illinois,Iroquois,17,075,17075,31,29,1,0,1,0.93548,0.03226,0,0.03226
Illinois,Jackson,17,077,17077,88,5,68,12,3,0.05682,0.77273,0.13636,0.03409
Illinois,Jasper,17,079,17079,17,7,8,2,0,0.41176,0.47059,0.11765,0
Illinois,Jefferson,17,081,17081,42,1,35,2,4,0.02381,0.83333,0.04762,0.09524
Illinois,Jersey,17,083,17083,22,2,20,0,0,0.09091,0.90909,0,0
Illinois,Jo Daviess,17,085,17085,27,21,5,0,1,0.77778,0.18519,0,0.03704
Illinois,Johnson,17,087,17087,10,1,7,1,1,0.1,0.7,0.1,0.1
Illinois,Kane,17,089,17089,605,481,99,13,12,0.79504,0.16364,0.02149,0.01983
Illinois,Kankakee,17,091,17091,162,144,14,3,1,0.88889,0.08642,0.01852,0.00617
Illinois,Kendall,17,093,17093,120,101,14,2,3,0.84167,0.11667,0.01667,0.025
Illinois,Knox,17,095,17095,85,63,18,2,2,0.74118,0.21176,0.02353,0.02353
Illinois,Lake,17,097,17097,1279,913,286,58,22,0.71384,0.22361,0.04535,0.0172
Illinois,La Salle,17,099,17099,183,100,73,7,3,0.54645,0.39891,0.03825,0.01639
Illinois,Lawrence,17,101,17101,16,11,2,3,0,0.6875,0.125,0.1875,0
Illinois,Lee,17,103,17103,65,52,10,0,3,0.8,0.15385,0,0.04615
Illinois,Livingston,17,105,17105,70,58,10,2,0,0.82857,0.14286,0.02857,0
Illinois,Logan,17,107,17107,44,15,20,3,6,0.34091,0.45455,0.06818,0.13636
Illinois,McDonough,17,109,17109,64,43,18,2,1,0.67188,0.28125,0.03125,0.01562
Illinois,McHenry,17,111,17111,446,374,54,9,9,0.83857,0.12108,0.02018,0.02018
Illinois,McLean,17,113,17113,404,279,100,14,11,0.69059,0.24752,0.03465,0.02723
Illinois,Macon,17,115,17115,176,110,42,17,7,0.625,0.23864,0.09659,0.03977
Illinois,Macoupin,17,117,17117,75,1,71,0,3,0.01333,0.94667,0,0.04
Illinois,Madison,17,119,17119,466,20,427,6,13,0.04292,0.91631,0.01288,0.0279
Illinois,Marion,17,121,17121,50,2,42,4,2,0.04,0.84,0.08,0.04
Illinois,Marshall,17,123,17123,5,2,2,0,1,0.4,0.4,0,0.2
Illinois,Mason,17,125,17125,21,6,13,1,1,0.28571,0.61905,0.04762,0.04762
Illinois,Massac,17,127,17127,13,1,4,6,2,0.07692,0.30769,0.46154,0.15385
Illinois,Menard,17,129,17129,20,3,15,1,1,0.15,0.75,0.05,0.05
Illinois,Mercer,17,131,17131,39,31,7,0,1,0.79487,0.17949,0,0.02564
Illinois,Monroe,17,133,17133,52,1,50,1,0,0.01923,0.96154,0.01923,0
Illinois,Montgomery,17,135,17135,47,4,39,3,1,0.08511,0.82979,0.06383,0.02128
Illinois,Morgan,17,137,17137,58,10,44,3,1,0.17241,0.75862,0.05172,0.01724
Illinois,Moultrie,17,139,17139,19,11,5,2,1,0.57895,0.26316,0.10526,0.05263
Illinois,Ogle,17,141,17141,72,58,14,0,0,0.80556,0.19444,0,0
Illinois,Peoria,17,143,17143,398,50,309,18,21,0.12563,0.77638,0.04523,0.05276
Illinois,Perry,17,145,17145,34,0,29,4,1,0,0.85294,0.11765,0.02941
Illinois,Piatt,17,147,17147,22,18,3,0,1,0.81818,0.13636,0,0.04545
Illinois,Pike,17,149,17149,19,1,17,0,1,0.05263,0.89474,0,0.05263
Illinois,Pope,17,151,17151,4,0,3,1,0,0,0.75,0.25,0
Illinois,Pulaski,17,153,17153,9,1,3,5,0,0.11111,0.33333,0.55556,0
Illinois,Putnam,17,155,17155,13,3,10,0,0,0.23077,0.76923,0,0
Illinois,Randolph,17,157,17157,37,0,37,0,0,0,1,0,0
Illinois,Richland,17,159,17159,17,9,3,4,1,0.52941,0.17647,0.23529,0.05882
Illinois,Rock Island,17,161,17161,400,359,34,3,4,0.8975,0.085,0.0075,0.01
Illinois,St Clair,17,163,17163,332,8,306,10,8,0.0241,0.92169,0.03012,0.0241
Illinois,Saline,17,165,17165,18,1,6,10,1,0.05556,0.33333,0.55556,0.05556
Illinois,Sangamon,17,167,17167,324,33,255,19,17,0.10185,0.78704,0.05864,0.05247
Illinois,Schuyler,17,169,17169,9,6,1,1,1,0.66667,0.11111,0.11111,0.11111
Illinois,Scott,17,171,17171,9,0,9,0,0,0,1,0,0
Illinois,Shelby,17,173,17173,15,8,5,1,1,0.53333,0.33333,0.06667,0.06667
Illinois,Stark,17,175,17175,9,4,5,0,0,0.44444,0.55556,0,0
Illinois,Stephenson,17,177,17177,101,86,11,0,4,0.85149,0.10891,0,0.0396
Illinois,Tazewell,17,179,17179,222,30,171,4,17,0.13514,0.77027,0.01802,0.07658
Illinois,Union,17,181,17181,14,0,12,2,0,0,0.85714,0.14286,0
Illinois,Vermilion,17,183,17183,115,97,10,6,2,0.84348,0.08696,0.05217,0.01739
Illinois,Wabash,17,185,17185,18,2,10,5,1,0.11111,0.55556,0.27778,0.05556
Illinois,Warren,17,187,17187,30,24,6,0,0,0.8,0.2,0,0
Illinois,Washington,17,189,17189,23,2,21,0,0,0.08696,0.91304,0,0
Illinois,Wayne,17,191,17191,9,0,7,2,0,0,0.77778,0.22222,0
Illinois,White,17,193,17193,14,2,5,6,1,0.14286,0.35714,0.42857,0.07143
Illinois,Whiteside,17,195,17195,120,106,11,2,1,0.88333,0.09167,0.01667,0.00833
Illinois,Will,17,197,17197,726,604,87,24,11,0.83196,0.11983,0.03306,0.01515
Illinois,Williamson,17,199,17199,82,5,65,10,2,0.06098,0.79268,0.12195,0.02439
Illinois,Winnebago,17,201,17201,503,422,62,14,5,0.83897,0.12326,0.02783,0.00994
Illinois,Woodford,17,203,17203,49,19,29,1,0,0.38776,0.59184,0.02041,0
Indiana,Adams,18,001,18001,39,35,4,0,0,0.89744,0.10256,0,0
Indiana,Allen,18,003,18003,548,468,68,7,5,0.85401,0.12409,0.01277,0.00912
Indiana,Bartholomew,18,005,18005,92,40,13,36,3,0.43478,0.1413,0.3913,0.03261
Indiana,Benton,18,007,18007,11,9,1,1,0,0.81818,0.09091,0.09091,0
Indiana,Blackford,18,009,18009,21,15,4,2,0,0.71429,0.19048,0.09524,0
Indiana,Boone,18,011,18011,47,14,13,19,1,0.29787,0.2766,0.40426,0.02128
Indiana,Brown,18,013,18013,8,4,1,3,0,0.5,0.125,0.375,0
Indiana,Carroll,18,015,18015,18,11,2,3,2,0.61111,0.11111,0.16667,0.11111
Indiana,Cass,18,017,18017,44,28,4,10,2,0.63636,0.09091,0.22727,0.04545
Indiana,Clark,18,019,18019,81,5,8,59,9,0.06173,0.09877,0.7284,0.11111
Indiana,Clay,18,021,18021,21,14,2,3,2,0.66667,0.09524,0.14286,0.09524
Indiana,Clinton,18,023,18023,29,11,5,9,4,0.37931,0.17241,0.31034,0.13793
Indiana,Crawford,18,025,18025,8,0,1,7,0,0,0.125,0.875,0
Indiana,Daviess,18,027,18027,17,7,3,7,0,0.41176,0.17647,0.41176,0
Indiana,Dearborn,18,029,18029,42,29,6,4,3,0.69048,0.14286,0.09524,0.07143
Indiana,Decatur,18,031,18031,19,9,2,6,2,0.47368,0.10526,0.31579,0.10526
Indiana,De Kalb,18,033,18033,31,22,7,2,0,0.70968,0.22581,0.06452,0
Indiana,Delaware,18,035,18035,120,77,24,17,2,0.64167,0.2,0.14167,0.01667
Indiana,Dubois,18,037,18037,50,2,4,21,23,0.04,0.08,0.42,0.46
Indiana,Elkhart,18,039,18039,207,176,21,7,3,0.85024,0.10145,0.03382,0.01449
Indiana,Fayette,18,041,18041,25,17,3,4,1,0.68,0.12,0.16,0.04
Indiana,Floyd,18,043,18043,91,6,3,70,12,0.06593,0.03297,0.76923,0.13187
Indiana,Fountain,18,045,18045,27,26,1,0,0,0.96296,0.03704,0,0
Indiana,Franklin,18,047,18047,14,11,3,0,0,0.78571,0.21429,0,0
Indiana,Fulton,18,049,18049,21,17,2,2,0,0.80952,0.09524,0.09524,0
Indiana,Gibson,18,051,18051,24,5,3,14,2,0.20833,0.125,0.58333,0.08333
Indiana,Grant,18,053,18053,84,67,13,4,0,0.79762,0.15476,0.04762,0
Indiana,Greene,18,055,18055,41,29,4,6,2,0.70732,0.09756,0.14634,0.04878
Indiana,Hamilton,18,057,18057,233,77,55,89,12,0.33047,0.23605,0.38197,0.0515
Indiana,Hancock,18,059,18059,53,18,10,24,1,0.33962,0.18868,0.45283,0.01887
Indiana,Harrison,18,061,18061,31,0,5,23,3,0,0.16129,0.74194,0.09677
Indiana,Hendricks,18,063,18063,126,27,22,69,8,0.21429,0.1746,0.54762,0.06349
Indiana,Henry,18,065,18065,43,12,6,24,1,0.27907,0.13953,0.55814,0.02326
Indiana,Howard,18,067,18067,103,37,16,47,3,0.35922,0.15534,0.45631,0.02913
Indiana,Huntington,18,069,18069,51,42,8,1,0,0.82353,0.15686,0.01961,0
Indiana,Jackson,18,071,18071,42,35,2,4,1,0.83333,0.04762,0.09524,0.02381
Indiana,Jasper,18,073,18073,46,45,1,0,0,0.97826,0.02174,0,0
Indiana,Jay,18,075,18075,20,19,0,1,0,0.95,0,0.05,0
Indiana,Jefferson,18,077,18077,23,6,5,11,1,0.26087,0.21739,0.47826,0.04348
Indiana,Jennings,18,079,18079,21,12,4,4,1,0.57143,0.19048,0.19048,0.04762
Indiana,Johnson,18,081,18081,103,23,16,57,7,0.2233,0.15534,0.5534,0.06796
Indiana,Knox,18,083,18083,35,27,4,2,2,0.77143,0.11429,0.05714,0.05714
Indiana,Kosciusko,18,085,18085,81,62,14,5,0,0.76543,0.17284,0.06173,0
Indiana,Lagrange,18,087,18087,19,17,1,1,0,0.89474,0.05263,0.05263,0
Indiana,Lake,18,089,18089,861,784,49,14,14,0.91057,0.05691,0.01626,0.01626
Indiana,La Porte,18,091,18091,157,139,10,5,3,0.88535,0.06369,0.03185,0.01911
Indiana,Lawrence,18,093,18093,51,27,6,15,3,0.52941,0.11765,0.29412,0.05882
Indiana,Madison,18,095,18095,141,77,16,45,3,0.5461,0.11348,0.31915,0.02128
Indiana,Marion,18,097,18097,880,323,186,317,54,0.36705,0.21136,0.36023,0.06136
Indiana,Marshall,18,099,18099,56,45,9,1,1,0.80357,0.16071,0.01786,0.01786
Indiana,Martin,18,101,18101,16,7,4,4,1,0.4375,0.25,0.25,0.0625
Indiana,Miami,18,103,18103,41,26,3,11,1,0.63415,0.07317,0.26829,0.02439
Indiana,Monroe,18,105,18105,178,82,58,33,5,0.46067,0.32584,0.18539,0.02809
Indiana,Montgomery,18,107,18107,46,24,8,11,3,0.52174,0.17391,0.23913,0.06522
Indiana,Morgan,18,109,18109,36,9,6,20,1,0.25,0.16667,0.55556,0.02778
Indiana,Newton,18,111,18111,29,23,0,5,1,0.7931,0,0.17241,0.03448
Indiana,Noble,18,113,18113,39,33,3,0,3,0.84615,0.07692,0,0.07692
Indiana,Ohio,18,115,18115,3,3,0,0,0,1,0,0,0
Indiana,Orange,18,117,18117,16,8,0,7,1,0.5,0,0.4375,0.0625
Indiana,Owen,18,119,18119,11,5,1,5,0,0.45455,0.09091,0.45455,0
Indiana,Parke,18,121,18121,3,1,0,0,2,0.33333,0,0,0.66667
Indiana,Perry,18,123,18123,22,1,12,8,1,0.04545,0.54545,0.36364,0.04545
Indiana,Pike,18,125,18125,8,3,2,2,1,0.375,0.25,0.25,0.125
Indiana,Porter,18,127,18127,301,264,27,8,2,0.87708,0.0897,0.02658,0.00664
Indiana,Posey,18,129,18129,25,2,0,21,2,0.08,0,0.84,0.08
Indiana,Pulaski,18,131,18131,18,13,3,2,0,0.72222,0.16667,0.11111,0
Indiana,Putnam,18,133,18133,17,6,3,7,1,0.35294,0.17647,0.41176,0.05882
Indiana,Randolph,18,135,18135,25,19,4,2,0,0.76,0.16,0.08,0
Indiana,Ripley,18,137,18137,27,20,5,2,0,0.74074,0.18519,0.07407,0
Indiana,Rush,18,139,18139,14,9,1,4,0,0.64286,0.07143,0.28571,0
Indiana,St Joseph,18,141,18141,454,355,71,20,8,0.78194,0.15639,0.04405,0.01762
Indiana,Scott,18,143,18143,11,6,0,4,1,0.54545,0,0.36364,0.09091
Indiana,Shelby,18,145,18145,38,6,3,28,1,0.15789,0.07895,0.73684,0.02632
Indiana,Spencer,18,147,18147,20,0,4,13,3,0,0.2,0.65,0.15
Indiana,Starke,18,149,18149,26,25,1,0,0,0.96154,0.03846,0,0
Indiana,Steuben,18,151,18151,36,31,4,1,0,0.86111,0.11111,0.02778,0
Indiana,Sullivan,18,153,18153,13,6,3,4,0,0.46154,0.23077,0.30769,0
Indiana,Switzerland,18,155,18155,5,2,1,0,2,0.4,0.2,0,0.4
Indiana,Tippecanoe,18,157,18157,407,255,52,87,13,0.62654,0.12776,0.21376,0.03194
Indiana,Tipton,18,159,18159,24,8,3,12,1,0.33333,0.125,0.5,0.04167
Indiana,Union,18,161,18161,10,8,1,1,0,0.8,0.1,0.1,0
Indiana,Vanderburgh,18,163,18163,270,15,28,194,33,0.05556,0.1037,0.71852,0.12222
Indiana,Vermillion,18,165,18165,13,10,1,2,0,0.76923,0.07692,0.15385,0
Indiana,Vigo,18,167,18167,116,44,16,53,3,0.37931,0.13793,0.4569,0.02586
Indiana,Wabash,18,169,18169,28,23,3,2,0,0.82143,0.10714,0.07143,0
Indiana,Warren,18,171,18171,7,7,0,0,0,1,0,0,0
Indiana,Warrick,18,173,18173,62,3,9,45,5,0.04839,0.14516,0.72581,0.08065
Indiana,Washington,18,175,18175,14,2,0,11,1,0.14286,0,0.78571,0.07143
Indiana,Wayne,18,177,18177,95,55,12,26,2,0.57895,0.12632,0.27368,0.02105
Indiana,Wells,18,179,18179,29,22,6,0,1,0.75862,0.2069,0,0.03448
Indiana,White,18,181,18181,45,33,6,4,2,0.73333,0.13333,0.08889,0.04444
Indiana,Whitley,18,183,18183,39,34,5,0,0,0.87179,0.12821,0,0
Iowa,Adair,19,001,19001,19,14,5,0,0,0.73684,0.26316,0,0
Iowa,Adams,19,003,19003,12,11,1,0,0,0.91667,0.08333,0,0
Iowa,Allamakee,19,005,19005,21,16,4,0,1,0.7619,0.19048,0,0.04762
Iowa,Appanoose,19,007,19007,24,19,4,1,0,0.79167,0.16667,0.04167,0
Iowa,Audubon,19,009,19009,10,9,1,0,0,0.9,0.1,0,0
Iowa,Benton,19,011,19011,47,42,5,0,0,0.89362,0.10638,0,0
Iowa,Black Hawk,19,013,19013,262,219,37,0,6,0.83588,0.14122,0,0.0229
Iowa,Boone,19,015,19015,50,39,8,2,1,0.78,0.16,0.04,0.02
Iowa,Bremer,19,017,19017,44,40,4,0,0,0.90909,0.09091,0,0
Iowa,Buchanan,19,019,19019,31,25,6,0,0,0.80645,0.19355,0,0
Iowa,Buena Vista,19,021,19021,40,31,8,0,1,0.775,0.2,0,0.025
Iowa,Butler,19,023,19023,32,23,7,1,1,0.71875,0.21875,0.03125,0.03125
Iowa,Calhoun,19,025,19025,26,21,4,1,0,0.80769,0.15385,0.03846,0
Iowa,Carroll,19,027,19027,34,25,8,1,0,0.73529,0.23529,0.02941,0
Iowa,Cass,19,029,19029,30,28,1,0,1,0.93333,0.03333,0,0.03333
Iowa,Cedar,19,031,19031,50,42,5,1,2,0.84,0.1,0.02,0.04
Iowa,Cerro Gordo,19,033,19033,117,100,12,1,4,0.8547,0.10256,0.00855,0.03419
Iowa,Cherokee,19,035,19035,20,16,4,0,0,0.8,0.2,0,0
Iowa,Chickasaw,19,037,19037,26,21,5,0,0,0.80769,0.19231,0,0
Iowa,Clarke,19,039,19039,8,6,2,0,0,0.75,0.25,0,0
Iowa,Clay,19,041,19041,39,33,5,0,1,0.84615,0.12821,0,0.02564
Iowa,Clayton,19,043,19043,30,26,3,1,0,0.86667,0.1,0.03333,0
Iowa,Clinton,19,045,19045,115,97,16,0,2,0.84348,0.13913,0,0.01739
Iowa,Crawford,19,047,19047,28,25,2,0,1,0.89286,0.07143,0,0.03571
Iowa,Dallas,19,049,19049,83,68,12,1,2,0.81928,0.14458,0.01205,0.0241
Iowa,Davis,19,051,19051,7,7,0,0,0,1,0,0,0
Iowa,Decatur,19,053,19053,12,11,1,0,0,0.91667,0.08333,0,0
Iowa,Delaware,19,055,19055,16,10,6,0,0,0.625,0.375,0,0
Iowa,Des Moines,19,057,19057,106,87,13,4,2,0.82075,0.12264,0.03774,0.01887
Iowa,Dickinson,19,059,19059,33,22,5,2,4,0.66667,0.15152,0.06061,0.12121
Iowa,Dubuque,19,061,19061,189,157,28,0,4,0.83069,0.14815,0,0.02116
Iowa,Emmet,19,063,19063,11,9,2,0,0,0.81818,0.18182,0,0
Iowa,Fayette,19,065,19065,31,29,1,0,1,0.93548,0.03226,0,0.03226
Iowa,Floyd,19,067,19067,32,27,5,0,0,0.84375,0.15625,0,0
Iowa,Franklin,19,069,19069,25,19,5,1,0,0.76,0.2,0.04,0
Iowa,Fremont,19,071,19071,12,11,1,0,0,0.91667,0.08333,0,0
Iowa,Greene,19,073,19073,17,15,0,0,2,0.88235,0,0,0.11765
Iowa,Grundy,19,075,19075,35,30,5,0,0,0.85714,0.14286,0,0
Iowa,Guthrie,19,077,19077,15,13,2,0,0,0.86667,0.13333,0,0
Iowa,Hamilton,19,079,19079,32,27,5,0,0,0.84375,0.15625,0,0
Iowa,Hancock,19,081,19081,18,18,0,0,0,1,0,0,0
Iowa,Hardin,19,083,19083,29,25,3,1,0,0.86207,0.10345,0.03448,0
Iowa,Harrison,19,085,19085,30,26,4,0,0,0.86667,0.13333,0,0
Iowa,Henry,19,087,19087,42,36,6,0,0,0.85714,0.14286,0,0
Iowa,Howard,19,089,19089,10,9,1,0,0,0.9,0.1,0,0
Iowa,Humboldt,19,091,19091,22,20,1,0,1,0.90909,0.04545,0,0.04545
Iowa,Ida,19,093,19093,13,11,2,0,0,0.84615,0.15385,0,0
Iowa,Iowa,19,095,19095,29,26,3,0,0,0.89655,0.10345,0,0
Iowa,Jackson,19,097,19097,42,34,6,1,1,0.80952,0.14286,0.02381,0.02381
Iowa,Jasper,19,099,19099,73,64,9,0,0,0.87671,0.12329,0,0
Iowa,Jefferson,19,101,19101,48,30,17,1,0,0.625,0.35417,0.02083,0
Iowa,Johnson,19,103,19103,317,244,61,3,9,0.76972,0.19243,0.00946,0.02839
Iowa,Jones,19,105,19105,30,26,4,0,0,0.86667,0.13333,0,0
Iowa,Keokuk,19,107,19107,14,12,2,0,0,0.85714,0.14286,0,0
Iowa,Kossuth,19,109,19109,44,41,2,0,1,0.93182,0.04545,0,0.02273
Iowa,Lee,19,111,19111,59,48,11,0,0,0.81356,0.18644,0,0
Iowa,Linn,19,113,19113,441,348,72,7,14,0.78912,0.16327,0.01587,0.03175
Iowa,Louisa,19,115,19115,22,12,7,0,3,0.54545,0.31818,0,0.13636
Iowa,Lucas,19,117,19117,21,16,4,1,0,0.7619,0.19048,0.04762,0
Iowa,Lyon,19,119,19119,34,29,3,1,1,0.85294,0.08824,0.02941,0.02941
Iowa,Madison,19,121,19121,33,23,10,0,0,0.69697,0.30303,0,0
Iowa,Mahaska,19,123,19123,29,23,4,1,1,0.7931,0.13793,0.03448,0.03448
Iowa,Marion,19,125,19125,54,42,12,0,0,0.77778,0.22222,0,0
Iowa,Marshall,19,127,19127,94,80,13,0,1,0.85106,0.1383,0,0.01064
Iowa,Mills,19,129,19129,24,19,4,1,0,0.79167,0.16667,0.04167,0
Iowa,Mitchell,19,131,19131,16,13,3,0,0,0.8125,0.1875,0,0
Iowa,Monona,19,133,19133,11,10,1,0,0,0.90909,0.09091,0,0
Iowa,Monroe,19,135,19135,19,16,2,0,1,0.84211,0.10526,0,0.05263
Iowa,Montgomery,19,137,19137,19,15,4,0,0,0.78947,0.21053,0,0
Iowa,Muscatine,19,139,19139,13,13,0,0,0,1,0,0,0
Iowa,Obrien,19,141,19141,30,26,3,0,1,0.86667,0.1,0,0.03333
Iowa,Osceola,19,143,19143,10,10,0,0,0,1,0,0,0
Iowa,Page,19,145,19145,31,26,5,0,0,0.83871,0.16129,0,0
Iowa,Palo Alto,19,147,19147,23,23,0,0,0,1,0,0,0
Iowa,Plymouth,19,149,19149,34,31,2,0,1,0.91176,0.05882,0,0.02941
Iowa,Pocahontas,19,151,19151,15,12,3,0,0,0.8,0.2,0,0
Iowa,Polk,19,153,19153,884,731,123,18,12,0.82692,0.13914,0.02036,0.01357
Iowa,Pottawattamie,19,155,19155,159,128,25,3,3,0.80503,0.15723,0.01887,0.01887
Iowa,Poweshiek,19,157,19157,32,24,8,0,0,0.75,0.25,0,0
Iowa,Ringgold,19,159,19159,6,5,0,0,1,0.83333,0,0,0.16667
Iowa,Sac,19,161,19161,28,25,3,0,0,0.89286,0.10714,0,0
Iowa,Scott,19,163,19163,412,349,53,1,9,0.84709,0.12864,0.00243,0.02184
Iowa,Shelby,19,165,19165,27,23,2,1,1,0.85185,0.07407,0.03704,0.03704
Iowa,Sioux,19,167,19167,106,93,11,0,2,0.87736,0.10377,0,0.01887
Iowa,Story,19,169,19169,264,198,43,3,20,0.75,0.16288,0.01136,0.07576
Iowa,Tama,19,171,19171,24,22,2,0,0,0.91667,0.08333,0,0
Iowa,Taylor,19,173,19173,5,3,2,0,0,0.6,0.4,0,0
Iowa,Union,19,175,19175,18,12,6,0,0,0.66667,0.33333,0,0
Iowa,Van Buren,19,177,19177,9,9,0,0,0,1,0,0,0
Iowa,Wapello,19,179,19179,61,56,5,0,0,0.91803,0.08197,0,0
Iowa,Warren,19,181,19181,71,55,14,2,0,0.77465,0.19718,0.02817,0
Iowa,Washington,19,183,19183,40,37,3,0,0,0.925,0.075,0,0
Iowa,Wayne,19,185,19185,17,13,4,0,0,0.76471,0.23529,0,0
Iowa,Webster,19,187,19187,75,68,6,1,0,0.90667,0.08,0.01333,0
Iowa,Winnebago,19,189,19189,31,29,2,0,0,0.93548,0.06452,0,0
Iowa,Winneshiek,19,191,19191,42,37,5,0,0,0.88095,0.11905,0,0
Iowa,Woodbury,19,193,19193,220,188,23,1,8,0.85455,0.10455,0.00455,0.03636
Iowa,Worth,19,195,19195,13,9,3,0,1,0.69231,0.23077,0,0.07692
Iowa,Wright,19,197,19197,32,25,6,1,0,0.78125,0.1875,0.03125,0
Kansas,Allen,20,001,20001,17,11,4,1,1,0.64706,0.23529,0.05882,0.05882
Kansas,Anderson,20,003,20003,5,5,0,0,0,1,0,0,0
Kansas,Atchison,20,005,20005,18,14,2,1,1,0.77778,0.11111,0.05556,0.05556
Kansas,Barber,20,007,20007,2,2,0,0,0,1,0,0,0
Kansas,Barton,20,009,20009,35,31,2,2,0,0.88571,0.05714,0.05714,0
Kansas,Bourbon,20,011,20011,14,11,2,1,0,0.78571,0.14286,0.07143,0
Kansas,Brown,20,013,20013,12,11,1,0,0,0.91667,0.08333,0,0
Kansas,Butler,20,015,20015,77,59,11,5,2,0.76623,0.14286,0.06494,0.02597
Kansas,Chase,20,017,20017,4,2,1,1,0,0.5,0.25,0.25,0
Kansas,Chautauqua,20,019,20019,1,1,0,0,0,1,0,0,0
Kansas,Cherokee,20,021,20021,11,9,1,0,1,0.81818,0.09091,0,0.09091
Kansas,Cheyenne,20,023,20023,2,1,0,0,1,0.5,0,0,0.5
Kansas,Clark,20,025,20025,7,5,2,0,0,0.71429,0.28571,0,0
Kansas,Clay,20,027,20027,12,10,2,0,0,0.83333,0.16667,0,0
Kansas,Cloud,20,029,20029,15,14,0,0,1,0.93333,0,0,0.06667
Kansas,Coffey,20,031,20031,9,7,2,0,0,0.77778,0.22222,0,0
Kansas,Comanche,20,033,20033,0,0,0,0,0,0,0,0,0
Kansas,Cowley,20,035,20035,38,28,2,7,1,0.73684,0.05263,0.18421,0.02632
Kansas,Crawford,20,037,20037,52,38,9,4,1,0.73077,0.17308,0.07692,0.01923
Kansas,Decatur,20,039,20039,9,8,1,0,0,0.88889,0.11111,0,0
Kansas,Dickinson,20,041,20041,19,14,4,0,1,0.73684,0.21053,0,0.05263
Kansas,Doniphan,20,043,20043,12,9,2,1,0,0.75,0.16667,0.08333,0
Kansas,Douglas,20,045,20045,177,97,55,17,8,0.54802,0.31073,0.09605,0.0452
Kansas,Edwards,20,047,20047,7,5,1,0,1,0.71429,0.14286,0,0.14286
Kansas,Elk,20,049,20049,3,3,0,0,0,1,0,0,0
Kansas,Ellis,20,051,20051,81,41,37,0,3,0.50617,0.45679,0,0.03704
Kansas,Ellsworth,20,053,20053,16,12,1,3,0,0.75,0.0625,0.1875,0
Kansas,Finney,20,055,20055,32,26,5,1,0,0.8125,0.15625,0.03125,0
Kansas,Ford,20,057,20057,34,27,6,1,0,0.79412,0.17647,0.02941,0
Kansas,Franklin,20,059,20059,24,21,2,1,0,0.875,0.08333,0.04167,0
Kansas,Geary,20,061,20061,19,9,8,1,1,0.47368,0.42105,0.05263,0.05263
Kansas,Gove,20,063,20063,4,4,0,0,0,1,0,0,0
Kansas,Graham,20,065,20065,1,1,0,0,0,1,0,0,0
Kansas,Grant,20,067,20067,8,7,0,1,0,0.875,0,0.125,0
Kansas,Gray,20,069,20069,6,6,0,0,0,1,0,0,0
Kansas,Greeley,20,071,20071,4,4,0,0,0,1,0,0,0
Kansas,Greenwood,20,073,20073,6,5,1,0,0,0.83333,0.16667,0,0
Kansas,Hamilton,20,075,20075,3,2,0,1,0,0.66667,0,0.33333,0
Kansas,Harper,20,077,20077,10,10,0,0,0,1,0,0,0
Kansas,Harvey,20,079,20079,50,40,4,4,2,0.8,0.08,0.08,0.04
Kansas,Haskell,20,081,20081,5,4,0,1,0,0.8,0,0.2,0
Kansas,Hodgeman,20,083,20083,0,0,0,0,0,0,0,0,0
Kansas,Jackson,20,085,20085,4,4,0,0,0,1,0,0,0
Kansas,Jefferson,20,087,20087,13,10,2,1,0,0.76923,0.15385,0.07692,0
Kansas,Jewell,20,089,20089,6,6,0,0,0,1,0,0,0
Kansas,Johnson,20,091,20091,728,384,184,133,27,0.52747,0.25275,0.18269,0.03709
Kansas,Kearny,20,093,20093,4,4,0,0,0,1,0,0,0
Kansas,Kingman,20,095,20095,12,10,0,1,1,0.83333,0,0.08333,0.08333
Kansas,Kiowa,20,097,20097,6,4,1,1,0,0.66667,0.16667,0.16667,0
Kansas,Labette,20,099,20099,25,21,3,0,1,0.84,0.12,0,0.04
Kansas,Lane,20,101,20101,5,3,1,0,1,0.6,0.2,0,0.2
Kansas,Leavenworth,20,103,20103,64,31,21,9,3,0.48438,0.32812,0.14062,0.04688
Kansas,Lincoln,20,105,20105,7,6,1,0,0,0.85714,0.14286,0,0
Kansas,Linn,20,107,20107,7,3,1,3,0,0.42857,0.14286,0.42857,0
Kansas,Logan,20,109,20109,1,1,0,0,0,1,0,0,0
Kansas,Lyon,20,111,20111,41,33,6,2,0,0.80488,0.14634,0.04878,0
Kansas,McPherson,20,113,20113,52,33,14,1,4,0.63462,0.26923,0.01923,0.07692
Kansas,Marion,20,115,20115,10,8,2,0,0,0.8,0.2,0,0
Kansas,Marshall,20,117,20117,10,7,1,1,1,0.7,0.1,0.1,0.1
Kansas,Meade,20,119,20119,7,6,1,0,0,0.85714,0.14286,0,0
Kansas,Miami,20,121,20121,32,19,10,3,0,0.59375,0.3125,0.09375,0
Kansas,Mitchell,20,123,20123,7,7,0,0,0,1,0,0,0
Kansas,Montgomery,20,125,20125,47,37,3,1,6,0.78723,0.06383,0.02128,0.12766
Kansas,Morris,20,127,20127,7,7,0,0,0,1,0,0,0
Kansas,Morton,20,129,20129,5,3,1,1,0,0.6,0.2,0.2,0
Kansas,Nemaha,20,131,20131,22,19,2,0,1,0.86364,0.09091,0,0.04545
Kansas,Neosho,20,133,20133,18,16,1,0,1,0.88889,0.05556,0,0.05556
Kansas,Ness,20,135,20135,6,6,0,0,0,1,0,0,0
Kansas,Norton,20,137,20137,7,6,0,1,0,0.85714,0,0.14286,0
Kansas,Osage,20,139,20139,32,23,6,1,2,0.71875,0.1875,0.03125,0.0625
Kansas,Osborne,20,141,20141,7,7,0,0,0,1,0,0,0
Kansas,Ottawa,20,143,20143,7,7,0,0,0,1,0,0,0
Kansas,Pawnee,20,145,20145,16,13,2,1,0,0.8125,0.125,0.0625,0
Kansas,Phillips,20,147,20147,7,7,0,0,0,1,0,0,0
Kansas,Pottawatomie,20,149,20149,18,12,5,1,0,0.66667,0.27778,0.05556,0
Kansas,Pratt,20,151,20151,22,19,1,2,0,0.86364,0.04545,0.09091,0
Kansas,Rawlins,20,153,20153,4,4,0,0,0,1,0,0,0
Kansas,Reno,20,155,20155,88,63,18,3,4,0.71591,0.20455,0.03409,0.04545
Kansas,Republic,20,157,20157,7,3,2,2,0,0.42857,0.28571,0.28571,0
Kansas,Rice,20,159,20159,15,10,4,0,1,0.66667,0.26667,0,0.06667
Kansas,Riley,20,161,20161,104,55,28,6,15,0.52885,0.26923,0.05769,0.14423
Kansas,Rooks,20,163,20163,9,9,0,0,0,1,0,0,0
Kansas,Rush,20,165,20165,7,5,0,0,2,0.71429,0,0,0.28571
Kansas,Russell,20,167,20167,8,6,1,1,0,0.75,0.125,0.125,0
Kansas,Saline,20,169,20169,83,66,10,2,5,0.79518,0.12048,0.0241,0.06024
Kansas,Scott,20,171,20171,10,9,0,1,0,0.9,0,0.1,0
Kansas,Sedgwick,20,173,20173,607,444,108,41,14,0.73147,0.17792,0.06755,0.02306
Kansas,Seward,20,175,20175,17,11,3,3,0,0.64706,0.17647,0.17647,0
Kansas,Shawnee,20,177,20177,287,211,47,15,14,0.73519,0.16376,0.05226,0.04878
Kansas,Sheridan,20,179,20179,5,3,2,0,0,0.6,0.4,0,0
Kansas,Sherman,20,181,20181,6,5,0,0,1,0.83333,0,0,0.16667
Kansas,Smith,20,183,20183,7,7,0,0,0,1,0,0,0
Kansas,Stafford,20,185,20185,4,2,2,0,0,0.5,0.5,0,0
Kansas,Stanton,20,187,20187,3,3,0,0,0,1,0,0,0
Kansas,Stevens,20,189,20189,5,3,2,0,0,0.6,0.4,0,0
Kansas,Sumner,20,191,20191,45,32,8,4,1,0.71111,0.17778,0.08889,0.02222
Kansas,Thomas,20,193,20193,10,9,1,0,0,0.9,0.1,0,0
Kansas,Trego,20,195,20195,9,7,1,1,0,0.77778,0.11111,0.11111,0
Kansas,Wabaunsee,20,197,20197,8,6,2,0,0,0.75,0.25,0,0
Kansas,Wallace,20,199,20199,1,1,0,0,0,1,0,0,0
Kansas,Washington,20,201,20201,5,5,0,0,0,1,0,0,0
Kansas,Wichita,20,203,20203,2,1,0,0,1,0.5,0,0,0.5
Kansas,Wilson,20,205,20205,9,7,2,0,0,0.77778,0.22222,0,0
Kansas,Woodson,20,207,20207,6,5,1,0,0,0.83333,0.16667,0,0
Kansas,Wyandotte,20,209,20209,143,100,18,11,14,0.6993,0.12587,0.07692,0.0979
Kentucky,Adair,21,001,21001,9,1,0,8,0,0.11111,0,0.88889,0
Kentucky,Allen,21,003,21003,6,0,0,6,0,0,0,1,0
Kentucky,Anderson,21,005,21005,10,2,0,6,2,0.2,0,0.6,0.2
Kentucky,Ballard,21,007,21007,6,1,0,5,0,0.16667,0,0.83333,0
Kentucky,Barren,21,009,21009,23,0,3,20,0,0,0.13043,0.86957,0
Kentucky,Bath,21,011,21011,9,8,0,0,1,0.88889,0,0,0.11111
Kentucky,Bell,21,013,21013,20,13,0,6,1,0.65,0,0.3,0.05
Kentucky,Boone,21,015,21015,62,18,9,27,8,0.29032,0.14516,0.43548,0.12903
Kentucky,Bourbon,21,017,21017,10,6,1,3,0,0.6,0.1,0.3,0
Kentucky,Boyd,21,019,21019,71,49,5,17,0,0.69014,0.07042,0.23944,0
Kentucky,Boyle,21,021,21021,23,11,3,7,2,0.47826,0.13043,0.30435,0.08696
Kentucky,Bracken,21,023,21023,7,5,0,1,1,0.71429,0,0.14286,0.14286
Kentucky,Breathitt,21,025,21025,7,6,0,1,0,0.85714,0,0.14286,0
Kentucky,Breckinridge,21,027,21027,13,1,1,11,0,0.07692,0.07692,0.84615,0
Kentucky,Bullitt,21,029,21029,22,1,3,17,1,0.04545,0.13636,0.77273,0.04545
Kentucky,Butler,21,031,21031,5,2,0,3,0,0.4,0,0.6,0
Kentucky,Caldwell,21,033,21033,17,0,0,17,0,0,0,1,0
Kentucky,Calloway,21,035,21035,38,1,4,32,1,0.02632,0.10526,0.84211,0.02632
Kentucky,Campbell,21,037,21037,95,25,6,41,23,0.26316,0.06316,0.43158,0.24211
Kentucky,Carlisle,21,039,21039,2,1,0,0,1,0.5,0,0,0.5
Kentucky,Carroll,21,041,21041,4,1,0,3,0,0.25,0,0.75,0
Kentucky,Carter,21,043,21043,15,13,0,1,1,0.86667,0,0.06667,0.06667
Kentucky,Casey,21,045,21045,5,3,0,1,1,0.6,0,0.2,0.2
Kentucky,Christian,21,047,21047,36,3,8,22,3,0.08333,0.22222,0.61111,0.08333
Kentucky,Clark,21,049,21049,24,11,2,8,3,0.45833,0.08333,0.33333,0.125
Kentucky,Clay,21,051,21051,16,15,1,0,0,0.9375,0.0625,0,0
Kentucky,Clinton,21,053,21053,6,0,1,5,0,0,0.16667,0.83333,0
Kentucky,Crittenden,21,055,21055,2,0,0,2,0,0,0,1,0
Kentucky,Cumberland,21,057,21057,2,0,0,2,0,0,0,1,0
Kentucky,Daviess,21,059,21059,141,9,11,114,7,0.06383,0.07801,0.80851,0.04965
Kentucky,Edmonson,21,061,21061,6,0,0,6,0,0,0,1,0
Kentucky,Elliott,21,063,21063,4,4,0,0,0,1,0,0,0
Kentucky,Estill,21,065,21065,8,3,3,2,0,0.375,0.375,0.25,0
Kentucky,Fayette,21,067,21067,316,67,76,159,14,0.21203,0.24051,0.50316,0.0443
Kentucky,Fleming,21,069,21069,7,6,0,1,0,0.85714,0,0.14286,0
Kentucky,Floyd,21,071,21071,25,22,2,0,1,0.88,0.08,0,0.04
Kentucky,Franklin,21,073,21073,50,13,9,23,5,0.26,0.18,0.46,0.1
Kentucky,Fulton,21,075,21075,4,0,0,4,0,0,0,1,0
Kentucky,Gallatin,21,077,21077,1,1,0,0,0,1,0,0,0
Kentucky,Garrard,21,079,21079,10,5,1,3,1,0.5,0.1,0.3,0.1
Kentucky,Grant,21,081,21081,14,4,1,4,5,0.28571,0.07143,0.28571,0.35714
Kentucky,Graves,21,083,21083,47,6,4,29,8,0.12766,0.08511,0.61702,0.17021
Kentucky,Grayson,21,085,21085,9,0,0,8,1,0,0,0.88889,0.11111
Kentucky,Green,21,087,21087,7,2,0,3,2,0.28571,0,0.42857,0.28571
Kentucky,Greenup,21,089,21089,49,42,1,4,2,0.85714,0.02041,0.08163,0.04082
Kentucky,Hancock,21,091,21091,6,0,0,5,1,0,0,0.83333,0.16667
Kentucky,Hardin,21,093,21093,68,5,21,39,3,0.07353,0.30882,0.57353,0.04412
Kentucky,Harlan,21,095,21095,19,10,2,5,2,0.52632,0.10526,0.26316,0.10526
Kentucky,Harrison,21,097,21097,13,11,0,2,0,0.84615,0,0.15385,0
Kentucky,Hart,21,099,21099,8,0,0,7,1,0,0,0.875,0.125
Kentucky,Henderson,21,101,21101,42,6,2,33,1,0.14286,0.04762,0.78571,0.02381
Kentucky,Henry,21,103,21103,11,0,0,11,0,0,0,1,0
Kentucky,Hickman,21,105,21105,5,1,0,3,1,0.2,0,0.6,0.2
Kentucky,Hopkins,21,107,21107,54,10,11,30,3,0.18519,0.2037,0.55556,0.05556
Kentucky,Jackson,21,109,21109,10,10,0,0,0,1,0,0,0
Kentucky,Jefferson,21,111,21111,888,66,119,612,91,0.07432,0.13401,0.68919,0.10248
Kentucky,Jessamine,21,113,21113,30,10,9,10,1,0.33333,0.3,0.33333,0.03333
Kentucky,Johnson,21,115,21115,18,14,1,2,1,0.77778,0.05556,0.11111,0.05556
Kentucky,Kenton,21,117,21117,152,48,21,62,21,0.31579,0.13816,0.40789,0.13816
Kentucky,Knott,21,119,21119,8,6,2,0,0,0.75,0.25,0,0
Kentucky,Knox,21,121,21121,6,5,0,1,0,0.83333,0,0.16667,0
Kentucky,Larue,21,123,21123,9,0,1,8,0,0,0.11111,0.88889,0
Kentucky,Laurel,21,125,21125,49,44,4,1,0,0.89796,0.08163,0.02041,0
Kentucky,Lawrence,21,127,21127,10,7,3,0,0,0.7,0.3,0,0
Kentucky,Lee,21,129,21129,3,2,1,0,0,0.66667,0.33333,0,0
Kentucky,Leslie,21,131,21131,4,4,0,0,0,1,0,0,0
Kentucky,Letcher,21,133,21133,14,14,0,0,0,1,0,0,0
Kentucky,Lewis,21,135,21135,7,5,1,1,0,0.71429,0.14286,0.14286,0
Kentucky,Lincoln,21,137,21137,9,5,0,4,0,0.55556,0,0.44444,0
Kentucky,Livingston,21,139,21139,3,0,0,3,0,0,0,1,0
Kentucky,Logan,21,141,21141,9,1,1,7,0,0.11111,0.11111,0.77778,0
Kentucky,Lyon,21,143,21143,5,0,0,4,1,0,0,0.8,0.2
Kentucky,McCracken,21,145,21145,67,3,13,47,4,0.04478,0.19403,0.70149,0.0597
Kentucky,McCreary,21,147,21147,5,4,0,1,0,0.8,0,0.2,0
Kentucky,McLean,21,149,21149,8,0,0,7,1,0,0,0.875,0.125
Kentucky,Madison,21,151,21151,55,33,10,12,0,0.6,0.18182,0.21818,0
Kentucky,Magoffin,21,153,21153,7,6,1,0,0,0.85714,0.14286,0,0
Kentucky,Marion,21,155,21155,8,0,0,7,1,0,0,0.875,0.125
Kentucky,Marshall,21,157,21157,21,0,3,17,1,0,0.14286,0.80952,0.04762
Kentucky,Martin,21,159,21159,11,11,0,0,0,1,0,0,0
Kentucky,Mason,21,161,21161,16,11,1,3,1,0.6875,0.0625,0.1875,0.0625
Kentucky,Meade,21,163,21163,10,0,2,8,0,0,0.2,0.8,0
Kentucky,Menifee,21,165,21165,1,1,0,0,0,1,0,0,0
Kentucky,Mercer,21,167,21167,11,4,2,5,0,0.36364,0.18182,0.45455,0
Kentucky,Metcalfe,21,169,21169,3,1,0,2,0,0.33333,0,0.66667,0
Kentucky,Monroe,21,171,21171,5,0,0,5,0,0,0,1,0
Kentucky,Montgomery,21,173,21173,22,14,4,4,0,0.63636,0.18182,0.18182,0
Kentucky,Morgan,21,175,21175,7,7,0,0,0,1,0,0,0
Kentucky,Muhlenberg,21,177,21177,23,11,2,10,0,0.47826,0.08696,0.43478,0
Kentucky,Nelson,21,179,21179,28,1,4,20,3,0.03571,0.14286,0.71429,0.10714
Kentucky,Nicholas,21,181,21181,4,3,1,0,0,0.75,0.25,0,0
Kentucky,Ohio,21,183,21183,18,3,1,13,1,0.16667,0.05556,0.72222,0.05556
Kentucky,Oldham,21,185,21185,42,1,8,32,1,0.02381,0.19048,0.7619,0.02381
Kentucky,Owen,21,187,21187,6,0,0,5,1,0,0,0.83333,0.16667
Kentucky,Owsley,21,189,21189,3,3,0,0,0,1,0,0,0
Kentucky,Pendleton,21,191,21191,5,3,0,1,1,0.6,0,0.2,0.2
Kentucky,Perry,21,193,21193,18,15,1,2,0,0.83333,0.05556,0.11111,0
Kentucky,Pike,21,195,21195,65,58,3,4,0,0.89231,0.04615,0.06154,0
Kentucky,Powell,21,197,21197,5,5,0,0,0,1,0,0,0
Kentucky,Pulaski,21,199,21199,40,15,6,18,1,0.375,0.15,0.45,0.025
Kentucky,Robertson,21,201,21201,1,1,0,0,0,1,0,0,0
Kentucky,Rockcastle,21,203,21203,6,5,1,0,0,0.83333,0.16667,0,0
Kentucky,Rowan,21,205,21205,14,6,1,6,1,0.42857,0.07143,0.42857,0.07143
Kentucky,Russell,21,207,21207,6,2,1,3,0,0.33333,0.16667,0.5,0
Kentucky,Scott,21,209,21209,19,6,4,8,1,0.31579,0.21053,0.42105,0.05263
Kentucky,Shelby,21,211,21211,20,3,1,14,2,0.15,0.05,0.7,0.1
Kentucky,Simpson,21,213,21213,11,0,1,10,0,0,0.09091,0.90909,0
Kentucky,Spencer,21,215,21215,6,0,2,4,0,0,0.33333,0.66667,0
Kentucky,Taylor,21,217,21217,9,2,0,7,0,0.22222,0,0.77778,0
Kentucky,Todd,21,219,21219,8,0,1,6,1,0,0.125,0.75,0.125
Kentucky,Trigg,21,221,21221,4,1,0,3,0,0.25,0,0.75,0
Kentucky,Trimble,21,223,21223,4,0,1,3,0,0,0.25,0.75,0
Kentucky,Union,21,225,21225,8,0,2,6,0,0,0.25,0.75,0
Kentucky,Warren,21,227,21227,100,8,9,80,3,0.08,0.09,0.8,0.03
Kentucky,Washington,21,229,21229,6,0,1,4,1,0,0.16667,0.66667,0.16667
Kentucky,Wayne,21,231,21231,3,0,0,3,0,0,0,1,0
Kentucky,Webster,21,233,21233,7,1,1,5,0,0.14286,0.14286,0.71429,0
Kentucky,Whitley,21,235,21235,54,48,3,2,1,0.88889,0.05556,0.03704,0.01852
Kentucky,Wolfe,21,237,21237,3,3,0,0,0,1,0,0,0
Kentucky,Woodford,21,239,21239,20,5,3,9,3,0.25,0.15,0.45,0.15
Louisiana,Acadia,22,001,22001,27,5,5,17,0,0.18519,0.18519,0.62963,0
Louisiana,Allen,22,003,22003,4,0,0,4,0,0,0,1,0
Louisiana,Ascension,22,005,22005,49,0,1,44,4,0,0.02041,0.89796,0.08163
Louisiana,Assumption,22,007,22007,4,0,0,3,1,0,0,0.75,0.25
Louisiana,Avoyelles,22,009,22009,19,0,1,17,1,0,0.05263,0.89474,0.05263
Louisiana,Beauregard,22,011,22011,16,0,3,13,0,0,0.1875,0.8125,0
Louisiana,Bienville,22,013,22013,8,0,0,8,0,0,0,1,0
Louisiana,Bossier,22,015,22015,78,2,6,68,2,0.02564,0.07692,0.87179,0.02564
Louisiana,Caddo,22,017,22017,190,8,12,169,1,0.04211,0.06316,0.88947,0.00526
Louisiana,Calcasieu,22,019,22019,135,4,6,118,7,0.02963,0.04444,0.87407,0.05185
Louisiana,Caldwell,22,021,22021,2,0,0,2,0,0,0,1,0
Louisiana,Cameron,22,023,22023,0,0,0,0,0,0,0,0,0
Louisiana,Catahoula,22,025,22025,9,1,0,8,0,0.11111,0,0.88889,0
Louisiana,Claiborne,22,027,22027,11,0,0,11,0,0,0,1,0
Louisiana,Concordia,22,029,22029,12,0,0,12,0,0,0,1,0
Louisiana,De Soto,22,031,22031,5,0,0,5,0,0,0,1,0
Louisiana,East Baton Rouge,22,033,22033,491,6,41,408,36,0.01222,0.0835,0.83096,0.07332
Louisiana,East Carroll,22,035,22035,1,0,0,1,0,0,0,1,0
Louisiana,East Feliciana,22,037,22037,6,0,0,6,0,0,0,1,0
Louisiana,Evangeline,22,039,22039,9,0,0,8,1,0,0,0.88889,0.11111
Louisiana,Franklin,22,041,22041,5,0,0,5,0,0,0,1,0
Louisiana,Grant,22,043,22043,8,0,0,7,1,0,0,0.875,0.125
Louisiana,Iberia,22,045,22045,28,1,1,23,3,0.03571,0.03571,0.82143,0.10714
Louisiana,Iberville,22,047,22047,15,0,1,12,2,0,0.06667,0.8,0.13333
Louisiana,Jackson,22,049,22049,3,0,0,3,0,0,0,1,0
Louisiana,Jefferson,22,051,22051,395,4,35,246,110,0.01013,0.08861,0.62278,0.27848
Louisiana,Jefferson Davis,22,053,22053,11,1,0,10,0,0.09091,0,0.90909,0
Louisiana,Lafayette,22,055,22055,170,2,26,137,5,0.01176,0.15294,0.80588,0.02941
Louisiana,Lafourche,22,057,22057,44,8,1,27,8,0.18182,0.02273,0.61364,0.18182
Louisiana,La Salle,22,059,22059,1,0,0,1,0,0,0,1,0
Louisiana,Lincoln,22,061,22061,38,0,1,36,1,0,0.02632,0.94737,0.02632
Louisiana,Livingston,22,063,22063,75,2,5,64,4,0.02667,0.06667,0.85333,0.05333
Louisiana,Madison,22,065,22065,5,0,0,5,0,0,0,1,0
Louisiana,Morehouse,22,067,22067,12,0,2,10,0,0,0.16667,0.83333,0
Louisiana,Natchitoches,22,069,22069,13,0,1,11,1,0,0.07692,0.84615,0.07692
Louisiana,Orleans,22,071,22071,482,9,41,235,197,0.01867,0.08506,0.48755,0.40871
Louisiana,Ouachita,22,073,22073,116,3,2,99,12,0.02586,0.01724,0.85345,0.10345
Louisiana,Plaquemines,22,075,22075,13,0,1,10,2,0,0.07692,0.76923,0.15385
Louisiana,Pointe Coupee,22,077,22077,6,0,0,5,1,0,0,0.83333,0.16667
Louisiana,Rapides,22,079,22079,70,0,3,63,4,0,0.04286,0.9,0.05714
Louisiana,Red River,22,081,22081,2,0,0,2,0,0,0,1,0
Louisiana,Richland,22,083,22083,9,0,0,8,1,0,0,0.88889,0.11111
Louisiana,Sabine,22,085,22085,10,0,1,9,0,0,0.1,0.9,0
Louisiana,St Bernard,22,087,22087,44,0,5,31,8,0,0.11364,0.70455,0.18182
Louisiana,St Charles,22,089,22089,29,0,2,23,4,0,0.06897,0.7931,0.13793
Louisiana,St Helena,22,091,22091,1,0,0,1,0,0,0,1,0
Louisiana,St James,22,093,22093,13,0,0,11,2,0,0,0.84615,0.15385
Louisiana,St John The Baptist,22,095,22095,20,0,1,17,2,0,0.05,0.85,0.1
Louisiana,St Landry,22,097,22097,29,1,4,23,1,0.03448,0.13793,0.7931,0.03448
Louisiana,St Martin,22,099,22099,13,0,2,10,1,0,0.15385,0.76923,0.07692
Louisiana,St Mary,22,101,22101,27,1,3,19,4,0.03704,0.11111,0.7037,0.14815
Louisiana,St Tammany,22,103,22103,190,2,16,153,19,0.01053,0.08421,0.80526,0.1
Louisiana,Tangipahoa,22,105,22105,54,0,5,44,5,0,0.09259,0.81481,0.09259
Louisiana,Tensas,22,107,22107,4,0,1,3,0,0,0.25,0.75,0
Louisiana,Terrebonne,22,109,22109,45,1,2,36,6,0.02222,0.04444,0.8,0.13333
Louisiana,Union,22,111,22111,5,0,0,4,1,0,0,0.8,0.2
Louisiana,Vermilion,22,113,22113,19,5,4,10,0,0.26316,0.21053,0.52632,0
Louisiana,Vernon,22,115,22115,12,0,4,8,0,0,0.33333,0.66667,0
Louisiana,Washington,22,117,22117,18,0,2,14,2,0,0.11111,0.77778,0.11111
Louisiana,Webster,22,119,22119,18,1,0,17,0,0.05556,0,0.94444,0
Louisiana,West Baton Rouge,22,121,22121,10,0,2,7,1,0,0.2,0.7,0.1
Louisiana,West Carroll,22,123,22123,5,0,0,4,1,0,0,0.8,0.2
Louisiana,West Feliciana,22,125,22125,6,0,1,5,0,0,0.16667,0.83333,0
Louisiana,Winn,22,127,22127,12,0,0,11,1,0,0,0.91667,0.08333
Maine,Androscoggin,23,001,23001,95,3,89,2,1,0.03158,0.93684,0.02105,0.01053
Maine,Aroostook,23,003,23003,76,3,72,0,1,0.03947,0.94737,0,0.01316
Maine,Cumberland,23,005,23005,361,5,341,3,12,0.01385,0.9446,0.00831,0.03324
Maine,Franklin,23,007,23007,23,0,23,0,0,0,1,0,0
Maine,Hancock,23,009,23009,63,2,58,1,2,0.03175,0.92063,0.01587,0.03175
Maine,Kennebec,23,011,23011,122,1,117,0,4,0.0082,0.95902,0,0.03279
Maine,Knox,23,013,23013,33,2,23,2,6,0.06061,0.69697,0.06061,0.18182
Maine,Lincoln,23,015,23015,31,0,31,0,0,0,1,0,0
Maine,Oxford,23,017,23017,51,1,47,2,1,0.01961,0.92157,0.03922,0.01961
Maine,Penobscot,23,019,23019,155,3,144,2,6,0.01935,0.92903,0.0129,0.03871
Maine,Piscataquis,23,021,23021,9,0,8,1,0,0,0.88889,0.11111,0
Maine,Sagadahoc,23,023,23023,43,1,40,1,1,0.02326,0.93023,0.02326,0.02326
Maine,Somerset,23,025,23025,33,0,32,0,1,0,0.9697,0,0.0303
Maine,Waldo,23,027,23027,26,0,23,0,3,0,0.88462,0,0.11538
Maine,Washington,23,029,23029,24,0,23,1,0,0,0.95833,0.04167,0
Maine,York,23,031,23031,176,6,154,2,14,0.03409,0.875,0.01136,0.07955
Maryland,Allegany,24,001,24001,68,6,30,10,22,0.08824,0.44118,0.14706,0.32353
Maryland,Anne Arundel,24,003,24003,538,9,450,66,13,0.01673,0.83643,0.12268,0.02416
Maryland,Baltimore,24,005,24005,1039,23,862,133,21,0.02214,0.82964,0.12801,0.02021
Maryland,Calvert,24,009,24009,67,0,57,5,5,0,0.85075,0.07463,0.07463
Maryland,Caroline,24,011,24011,15,0,12,2,1,0,0.8,0.13333,0.06667
Maryland,Carroll,24,013,24013,123,3,107,12,1,0.02439,0.86992,0.09756,0.00813
Maryland,Cecil,24,015,24015,56,0,50,6,0,0,0.89286,0.10714,0
Maryland,Charles,24,017,24017,84,3,60,16,5,0.03571,0.71429,0.19048,0.05952
Maryland,Dorchester,24,019,24019,12,0,8,4,0,0,0.66667,0.33333,0
Maryland,Frederick,24,021,24021,239,8,188,38,5,0.03347,0.78661,0.159,0.02092
Maryland,Garrett,24,023,24023,17,7,8,2,0,0.41176,0.47059,0.11765,0
Maryland,Harford,24,025,24025,231,7,198,23,3,0.0303,0.85714,0.09957,0.01299
Maryland,Howard,24,027,24027,421,52,321,35,13,0.12352,0.76247,0.08314,0.03088
Maryland,Kent,24,029,24029,9,0,7,2,0,0,0.77778,0.22222,0
Maryland,Montgomery,24,031,24031,1361,22,1166,150,23,0.01616,0.85672,0.11021,0.0169
Maryland,Prince Georges,24,033,24033,558,15,455,72,16,0.02688,0.81541,0.12903,0.02867
Maryland,Queen Annes,24,035,24035,19,0,14,4,1,0,0.73684,0.21053,0.05263
Maryland,St Marys,24,037,24037,63,2,52,8,1,0.03175,0.8254,0.12698,0.01587
Maryland,Somerset,24,039,24039,7,0,4,3,0,0,0.57143,0.42857,0
Maryland,Talbot,24,041,24041,26,1,15,10,0,0.03846,0.57692,0.38462,0
Maryland,Washington,24,043,24043,87,21,48,14,4,0.24138,0.55172,0.16092,0.04598
Maryland,Wicomico,24,045,24045,45,1,34,9,1,0.02222,0.75556,0.2,0.02222
Maryland,Worcester,24,047,24047,35,0,28,6,1,0,0.8,0.17143,0.02857
Massachusetts,Barnstable,25,001,25001,185,1,167,6,11,0.00541,0.9027,0.03243,0.05946
Massachusetts,Berkshire,25,003,25003,144,2,137,1,4,0.01389,0.95139,0.00694,0.02778
Massachusetts,Bristol,25,005,25005,347,5,315,6,21,0.01441,0.90778,0.01729,0.06052
Massachusetts,Dukes,25,007,25007,15,0,15,0,0,0,1,0,0
Massachusetts,Essex,25,009,25009,846,8,459,29,350,0.00946,0.54255,0.03428,0.41371
Massachusetts,Franklin,25,011,25011,93,3,84,3,3,0.03226,0.90323,0.03226,0.03226
Massachusetts,Hampden,25,013,25013,410,3,390,12,5,0.00732,0.95122,0.02927,0.0122
Massachusetts,Hampshire,25,015,25015,201,2,192,3,4,0.00995,0.95522,0.01493,0.0199
Massachusetts,Middlesex,25,017,25017,1989,22,1372,71,524,0.01106,0.68979,0.0357,0.26345
Massachusetts,Nantucket,25,019,25019,5,1,4,0,0,0.2,0.8,0,0
Massachusetts,Norfolk,25,021,25021,851,16,572,25,238,0.0188,0.67215,0.02938,0.27967
Massachusetts,Plymouth,25,023,25023,459,2,314,16,127,0.00436,0.6841,0.03486,0.27669
Massachusetts,Suffolk,25,025,25025,658,12,319,25,302,0.01824,0.4848,0.03799,0.45897
Massachusetts,Worcester,25,027,25027,724,24,607,16,77,0.03315,0.8384,0.0221,0.10635
Michigan,Alcona,26,001,26001,16,13,3,0,0,0.8125,0.1875,0,0
Michigan,Alger,26,003,26003,15,15,0,0,0,1,0,0,0
Michigan,Allegan,26,005,26005,196,169,18,2,7,0.86224,0.09184,0.0102,0.03571
Michigan,Alpena,26,007,26007,43,41,1,0,1,0.95349,0.02326,0,0.02326
Michigan,Antrim,26,009,26009,35,30,3,1,1,0.85714,0.08571,0.02857,0.02857
Michigan,Arenac,26,011,26011,18,17,1,0,0,0.94444,0.05556,0,0
Michigan,Baraga,26,013,26013,14,11,2,1,0,0.78571,0.14286,0.07143,0
Michigan,Barry,26,015,26015,63,56,7,0,0,0.88889,0.11111,0,0
Michigan,Bay,26,017,26017,232,210,17,2,3,0.90517,0.07328,0.00862,0.01293
Michigan,Benzie,26,019,26019,15,14,1,0,0,0.93333,0.06667,0,0
Michigan,Berrien,26,021,26021,302,253,40,3,6,0.83775,0.13245,0.00993,0.01987
Michigan,Branch,26,023,26023,54,44,7,0,3,0.81481,0.12963,0,0.05556
Michigan,Calhoun,26,025,26025,216,194,17,3,2,0.89815,0.0787,0.01389,0.00926
Michigan,Cass,26,027,26027,42,38,2,0,2,0.90476,0.04762,0,0.04762
Michigan,Charlevoix,26,029,26029,41,37,3,1,0,0.90244,0.07317,0.02439,0
Michigan,Cheboygan,26,031,26031,30,23,7,0,0,0.76667,0.23333,0,0
Michigan,Chippewa,26,033,26033,50,48,2,0,0,0.96,0.04,0,0
Michigan,Clare,26,035,26035,13,11,2,0,0,0.84615,0.15385,0,0
Michigan,Clinton,26,037,26037,86,83,3,0,0,0.96512,0.03488,0,0
Michigan,Crawford,26,039,26039,18,17,1,0,0,0.94444,0.05556,0,0
Michigan,Delta,26,041,26041,83,68,13,1,1,0.81928,0.15663,0.01205,0.01205
Michigan,Dickinson,26,043,26043,55,47,8,0,0,0.85455,0.14545,0,0
Michigan,Eaton,26,045,26045,201,183,16,1,1,0.91045,0.0796,0.00498,0.00498
Michigan,Emmet,26,047,26047,67,62,4,0,1,0.92537,0.0597,0,0.01493
Michigan,Genesee,26,049,26049,747,677,55,8,7,0.90629,0.07363,0.01071,0.00937
Michigan,Gladwin,26,051,26051,30,26,2,1,1,0.86667,0.06667,0.03333,0.03333
Michigan,Gogebic,26,053,26053,32,28,3,0,1,0.875,0.09375,0,0.03125
Michigan,Grand Traverse,26,055,26055,151,130,20,0,1,0.86093,0.13245,0,0.00662
Michigan,Gratiot,26,057,26057,48,47,1,0,0,0.97917,0.02083,0,0
Michigan,Hillsdale,26,059,26059,54,44,10,0,0,0.81481,0.18519,0,0
Michigan,Houghton,26,061,26061,85,77,6,2,0,0.90588,0.07059,0.02353,0
Michigan,Huron,26,063,26063,37,36,1,0,0,0.97297,0.02703,0,0
Michigan,Ingham,26,065,26065,672,565,87,10,10,0.84077,0.12946,0.01488,0.01488
Michigan,Ionia,26,067,26067,86,75,9,1,1,0.87209,0.10465,0.01163,0.01163
Michigan,Iosco,26,069,26069,54,47,2,3,2,0.87037,0.03704,0.05556,0.03704
Michigan,Iron,26,071,26071,16,15,1,0,0,0.9375,0.0625,0,0
Michigan,Isabella,26,073,26073,99,88,10,0,1,0.88889,0.10101,0,0.0101
Michigan,Jackson,26,075,26075,253,227,19,5,2,0.89723,0.0751,0.01976,0.00791
Michigan,Kalamazoo,26,077,26077,534,473,50,4,7,0.88577,0.09363,0.00749,0.01311
Michigan,Kalkaska,26,079,26079,17,14,1,0,2,0.82353,0.05882,0,0.11765
Michigan,Kent,26,081,26081,1140,995,123,6,16,0.87281,0.10789,0.00526,0.01404
Michigan,Keweenaw,26,083,26083,9,3,2,4,0,0.33333,0.22222,0.44444,0
Michigan,Lake,26,085,26085,7,6,1,0,0,0.85714,0.14286,0,0
Michigan,Lapeer,26,087,26087,120,109,9,0,2,0.90833,0.075,0,0.01667
Michigan,Leelanau,26,089,26089,27,23,4,0,0,0.85185,0.14815,0,0
Michigan,Lenawee,26,091,26091,149,132,15,1,1,0.88591,0.10067,0.00671,0.00671
Michigan,Livingston,26,093,26093,260,230,28,1,1,0.88462,0.10769,0.00385,0.00385
Michigan,Luce,26,095,26095,11,10,0,1,0,0.90909,0,0.09091,0
Michigan,Mackinac,26,097,26097,13,10,3,0,0,0.76923,0.23077,0,0
Michigan,Macomb,26,099,26099,1420,1305,93,9,13,0.91901,0.06549,0.00634,0.00915
Michigan,Manistee,26,101,26101,36,33,3,0,0,0.91667,0.08333,0,0
Michigan,Marquette,26,103,26103,235,186,32,14,3,0.79149,0.13617,0.05957,0.01277
Michigan,Mason,26,105,26105,47,45,1,0,1,0.95745,0.02128,0,0.02128
Michigan,Mecosta,26,107,26107,45,37,8,0,0,0.82222,0.17778,0,0
Michigan,Menominee,26,109,26109,48,39,7,0,2,0.8125,0.14583,0,0.04167
Michigan,Midland,26,111,26111,218,183,27,4,4,0.83945,0.12385,0.01835,0.01835
Michigan,Missaukee,26,113,26113,9,7,1,0,1,0.77778,0.11111,0,0.11111
Michigan,Monroe,26,115,26115,278,249,23,1,5,0.89568,0.08273,0.0036,0.01799
Michigan,Montcalm,26,117,26117,70,56,13,1,0,0.8,0.18571,0.01429,0
Michigan,Montmorency,26,119,26119,5,4,1,0,0,0.8,0.2,0,0
Michigan,Muskegon,26,121,26121,292,260,26,6,0,0.89041,0.08904,0.02055,0
Michigan,Newaygo,26,123,26123,46,42,4,0,0,0.91304,0.08696,0,0
Michigan,Oakland,26,125,26125,2912,2614,227,31,40,0.89766,0.07795,0.01065,0.01374
Michigan,Oceana,26,127,26127,28,26,2,0,0,0.92857,0.07143,0,0
Michigan,Ogemaw,26,129,26129,23,20,3,0,0,0.86957,0.13043,0,0
Michigan,Ontonagon,26,131,26131,14,12,0,0,2,0.85714,0,0,0.14286
Michigan,Osceola,26,133,26133,20,16,3,0,1,0.8,0.15,0,0.05
Michigan,Oscoda,26,135,26135,5,4,1,0,0,0.8,0.2,0,0
Michigan,Otsego,26,137,26137,20,16,4,0,0,0.8,0.2,0,0
Michigan,Ottawa,26,139,26139,359,308,41,5,5,0.85794,0.11421,0.01393,0.01393
Michigan,Presque Isle,26,141,26141,21,18,2,0,1,0.85714,0.09524,0,0.04762
Michigan,Roscommon,26,143,26143,20,19,1,0,0,0.95,0.05,0,0
Michigan,Saginaw,26,145,26145,403,369,29,3,2,0.91563,0.07196,0.00744,0.00496
Michigan,St Clair,26,147,26147,207,187,16,2,2,0.90338,0.07729,0.00966,0.00966
Michigan,St Joseph,26,149,26149,86,75,8,2,1,0.87209,0.09302,0.02326,0.01163
Michigan,Sanilac,26,151,26151,47,43,4,0,0,0.91489,0.08511,0,0
Michigan,Schoolcraft,26,153,26153,12,12,0,0,0,1,0,0,0
Michigan,Shiawassee,26,155,26155,116,102,12,1,1,0.87931,0.10345,0.00862,0.00862
Michigan,Tuscola,26,157,26157,69,64,5,0,0,0.92754,0.07246,0,0
Michigan,Van Buren,26,159,26159,124,104,13,3,4,0.83871,0.10484,0.02419,0.03226
Michigan,Washtenaw,26,161,26161,1070,894,145,16,15,0.83551,0.13551,0.01495,0.01402
Michigan,Wayne,26,163,26163,3495,3205,221,33,36,0.91702,0.06323,0.00944,0.0103
Michigan,Wexford,26,165,26165,110,87,11,1,11,0.79091,0.1,0.00909,0.1
Minnesota,Aitkin,27,001,27001,35,33,1,1,0,0.94286,0.02857,0.02857,0
Minnesota,Anoka,27,003,27003,615,539,63,4,9,0.87642,0.10244,0.0065,0.01463
Minnesota,Becker,27,005,27005,40,35,4,1,0,0.875,0.1,0.025,0
Minnesota,Beltrami,27,007,27007,67,57,9,0,1,0.85075,0.13433,0,0.01493
Minnesota,Benton,27,009,27009,27,25,2,0,0,0.92593,0.07407,0,0
Minnesota,Big Stone,27,011,27011,15,13,2,0,0,0.86667,0.13333,0,0
Minnesota,Blue Earth,27,013,27013,186,130,51,3,2,0.69892,0.27419,0.01613,0.01075
Minnesota,Brown,27,015,27015,53,44,8,0,1,0.83019,0.15094,0,0.01887
Minnesota,Carlton,27,017,27017,65,54,9,2,0,0.83077,0.13846,0.03077,0
Minnesota,Carver,27,019,27019,164,139,17,2,6,0.84756,0.10366,0.0122,0.03659
Minnesota,Cass,27,021,27021,22,21,0,1,0,0.95455,0,0.04545,0
Minnesota,Chippewa,27,023,27023,26,24,2,0,0,0.92308,0.07692,0,0
Minnesota,Chisago,27,025,27025,59,53,6,0,0,0.89831,0.10169,0,0
Minnesota,Clay,27,027,27027,124,104,16,1,3,0.83871,0.12903,0.00806,0.02419
Minnesota,Clearwater,27,029,27029,10,9,0,0,1,0.9,0,0,0.1
Minnesota,Cook,27,031,27031,12,9,3,0,0,0.75,0.25,0,0
Minnesota,Cottonwood,27,033,27033,25,24,1,0,0,0.96,0.04,0,0
Minnesota,Crow Wing,27,035,27035,80,70,8,0,2,0.875,0.1,0,0.025
Minnesota,Dakota,27,037,27037,859,733,102,13,11,0.85332,0.11874,0.01513,0.01281
Minnesota,Dodge,27,039,27039,24,21,3,0,0,0.875,0.125,0,0
Minnesota,Douglas,27,041,27041,44,40,2,1,1,0.90909,0.04545,0.02273,0.02273
Minnesota,Faribault,27,043,27043,26,24,2,0,0,0.92308,0.07692,0,0
Minnesota,Fillmore,27,045,27045,32,28,4,0,0,0.875,0.125,0,0
Minnesota,Freeborn,27,047,27047,57,50,6,0,1,0.87719,0.10526,0,0.01754
Minnesota,Goodhue,27,049,27049,98,83,13,0,2,0.84694,0.13265,0,0.02041
Minnesota,Grant,27,051,27051,12,10,2,0,0,0.83333,0.16667,0,0
Minnesota,Hennepin,27,053,27053,3028,2478,477,20,53,0.81836,0.15753,0.00661,0.0175
Minnesota,Houston,27,055,27055,34,28,5,0,1,0.82353,0.14706,0,0.02941
Minnesota,Hubbard,27,057,27057,21,19,1,0,1,0.90476,0.04762,0,0.04762
Minnesota,Isanti,27,059,27059,42,39,2,0,1,0.92857,0.04762,0,0.02381
Minnesota,Itasca,27,061,27061,85,71,13,1,0,0.83529,0.15294,0.01176,0
Minnesota,Jackson,27,063,27063,24,20,2,0,2,0.83333,0.08333,0,0.08333
Minnesota,Kanabec,27,065,27065,8,8,0,0,0,1,0,0,0
Minnesota,Kandiyohi,27,067,27067,71,64,6,1,0,0.90141,0.08451,0.01408,0
Minnesota,Kittson,27,069,27069,8,7,0,0,1,0.875,0,0,0.125
Minnesota,Koochiching,27,071,27071,27,25,2,0,0,0.92593,0.07407,0,0
Minnesota,Lac Qui Parle,27,073,27073,19,19,0,0,0,1,0,0,0
Minnesota,Lake,27,075,27075,18,17,0,1,0,0.94444,0,0.05556,0
Minnesota,Lake of The Woods,27,077,27077,16,14,0,0,2,0.875,0,0,0.125
Minnesota,Le Sueur,27,079,27079,33,29,4,0,0,0.87879,0.12121,0,0
Minnesota,Lincoln,27,081,27081,16,15,1,0,0,0.9375,0.0625,0,0
Minnesota,Lyon,27,083,27083,55,47,4,1,3,0.85455,0.07273,0.01818,0.05455
Minnesota,McLeod,27,085,27085,69,66,2,0,1,0.95652,0.02899,0,0.01449
Minnesota,Mahnomen,27,087,27087,8,7,1,0,0,0.875,0.125,0,0
Minnesota,Marshall,27,089,27089,14,13,1,0,0,0.92857,0.07143,0,0
Minnesota,Martin,27,091,27091,53,45,8,0,0,0.84906,0.15094,0,0
Minnesota,Meeker,27,093,27093,39,37,1,0,1,0.94872,0.02564,0,0.02564
Minnesota,Mille Lacs,27,095,27095,42,38,4,0,0,0.90476,0.09524,0,0
Minnesota,Morrison,27,097,27097,34,33,1,0,0,0.97059,0.02941,0,0
Minnesota,Mower,27,099,27099,73,58,15,0,0,0.79452,0.20548,0,0
Minnesota,Murray,27,101,27101,26,24,2,0,0,0.92308,0.07692,0,0
Minnesota,Nicollet,27,103,27103,65,55,6,1,3,0.84615,0.09231,0.01538,0.04615
Minnesota,Nobles,27,105,27105,31,27,3,1,0,0.87097,0.09677,0.03226,0
Minnesota,Norman,27,107,27107,15,13,2,0,0,0.86667,0.13333,0,0
Minnesota,Olmsted,27,109,27109,346,277,53,3,13,0.80058,0.15318,0.00867,0.03757
Minnesota,Otter Tail,27,111,27111,81,73,7,0,1,0.90123,0.08642,0,0.01235
Minnesota,Pennington,27,113,27113,25,20,5,0,0,0.8,0.2,0,0
Minnesota,Pine,27,115,27115,24,22,1,1,0,0.91667,0.04167,0.04167,0
Minnesota,Pipestone,27,117,27117,14,9,4,0,1,0.64286,0.28571,0,0.07143
Minnesota,Polk,27,119,27119,53,48,3,1,1,0.90566,0.0566,0.01887,0.01887
Minnesota,Pope,27,121,27121,16,14,2,0,0,0.875,0.125,0,0
Minnesota,Ramsey,27,123,27123,1368,1130,202,10,26,0.82602,0.14766,0.00731,0.01901
Minnesota,Red Lake,27,125,27125,11,9,1,0,1,0.81818,0.09091,0,0.09091
Minnesota,Redwood,27,127,27127,21,21,0,0,0,1,0,0,0
Minnesota,Renville,27,129,27129,29,27,2,0,0,0.93103,0.06897,0,0
Minnesota,Rice,27,131,27131,120,95,23,0,2,0.79167,0.19167,0,0.01667
Minnesota,Rock,27,133,27133,19,18,1,0,0,0.94737,0.05263,0,0
Minnesota,Roseau,27,135,27135,18,17,1,0,0,0.94444,0.05556,0,0
Minnesota,St Louis,27,137,27137,518,446,59,3,10,0.861,0.1139,0.00579,0.01931
Minnesota,Scott,27,139,27139,220,197,21,0,2,0.89545,0.09545,0,0.00909
Minnesota,Sherburne,27,141,27141,122,104,14,0,4,0.85246,0.11475,0,0.03279
Minnesota,Sibley,27,143,27143,27,26,0,0,1,0.96296,0,0,0.03704
Minnesota,Stearns,27,145,27145,231,189,38,0,4,0.81818,0.1645,0,0.01732
Minnesota,Steele,27,147,27147,74,73,1,0,0,0.98649,0.01351,0,0
Minnesota,Stevens,27,149,27149,31,11,1,19,0,0.35484,0.03226,0.6129,0
Minnesota,Swift,27,151,27151,22,21,1,0,0,0.95455,0.04545,0,0
Minnesota,Todd,27,153,27153,22,19,3,0,0,0.86364,0.13636,0,0
Minnesota,Traverse,27,155,27155,5,5,0,0,0,1,0,0,0
Minnesota,Wabasha,27,157,27157,32,31,1,0,0,0.96875,0.03125,0,0
Minnesota,Wadena,27,159,27159,32,29,2,0,1,0.90625,0.0625,0,0.03125
Minnesota,Waseca,27,161,27161,55,52,2,0,1,0.94545,0.03636,0,0.01818
Minnesota,Washington,27,163,27163,582,461,80,5,36,0.7921,0.13746,0.00859,0.06186
Minnesota,Watonwan,27,165,27165,30,27,2,0,1,0.9,0.06667,0,0.03333
Minnesota,Wilkin,27,167,27167,13,11,2,0,0,0.84615,0.15385,0,0
Minnesota,Winona,27,169,27169,95,81,10,1,3,0.85263,0.10526,0.01053,0.03158
Minnesota,Wright,27,171,27171,148,136,11,1,0,0.91892,0.07432,0.00676,0
Minnesota,Yellow Medicine,27,173,27173,21,19,2,0,0,0.90476,0.09524,0,0
Mississippi,Adams,28,001,28001,22,1,4,17,0,0.04545,0.18182,0.77273,0
Mississippi,Alcorn,28,003,28003,17,0,0,16,1,0,0,0.94118,0.05882
Mississippi,Amite,28,005,28005,2,0,0,2,0,0,0,1,0
Mississippi,Attala,28,007,28007,12,0,1,10,1,0,0.08333,0.83333,0.08333
Mississippi,Benton,28,009,28009,1,0,0,1,0,0,0,1,0
Mississippi,Bolivar,28,011,28011,8,0,0,8,0,0,0,1,0
Mississippi,Calhoun,28,013,28013,5,0,0,4,1,0,0,0.8,0.2
Mississippi,Carroll,28,015,28015,0,0,0,0,0,0,0,0,0
Mississippi,Chickasaw,28,017,28017,5,0,0,5,0,0,0,1,0
Mississippi,Choctaw,28,019,28019,3,0,0,3,0,0,0,1,0
Mississippi,Claiborne,28,021,28021,2,0,0,2,0,0,0,1,0
Mississippi,Clarke,28,023,28023,7,0,0,7,0,0,0,1,0
Mississippi,Clay,28,025,28025,9,2,0,7,0,0.22222,0,0.77778,0
Mississippi,Coahoma,28,027,28027,11,3,1,7,0,0.27273,0.09091,0.63636,0
Mississippi,Copiah,28,029,28029,10,0,0,9,1,0,0,0.9,0.1
Mississippi,Covington,28,031,28031,5,0,0,4,1,0,0,0.8,0.2
Mississippi,De Soto,28,033,28033,58,0,6,51,1,0,0.10345,0.87931,0.01724
Mississippi,Forrest,28,035,28035,49,0,6,40,3,0,0.12245,0.81633,0.06122
Mississippi,Franklin,28,037,28037,3,0,0,3,0,0,0,1,0
Mississippi,George,28,039,28039,9,0,1,8,0,0,0.11111,0.88889,0
Mississippi,Greene,28,041,28041,2,0,1,1,0,0,0.5,0.5,0
Mississippi,Grenada,28,043,28043,11,1,1,8,1,0.09091,0.09091,0.72727,0.09091
Mississippi,Hancock,28,045,28045,17,0,3,11,3,0,0.17647,0.64706,0.17647
Mississippi,Harrison,28,047,28047,158,5,24,119,10,0.03165,0.1519,0.75316,0.06329
Mississippi,Hinds,28,049,28049,182,4,11,160,7,0.02198,0.06044,0.87912,0.03846
Mississippi,Holmes,28,051,28051,2,1,0,1,0,0.5,0,0.5,0
Mississippi,Humphreys,28,053,28053,2,1,0,1,0,0.5,0,0.5,0
Mississippi,Issaquena,28,055,28055,0,0,0,0,0,0,0,0,0
Mississippi,Itawamba,28,057,28057,8,0,3,5,0,0,0.375,0.625,0
Mississippi,Jackson,28,059,28059,95,3,12,77,3,0.03158,0.12632,0.81053,0.03158
Mississippi,Jasper,28,061,28061,4,0,0,4,0,0,0,1,0
Mississippi,Jefferson,28,063,28063,1,0,0,1,0,0,0,1,0
Mississippi,Jefferson Davis,28,065,28065,3,0,0,2,1,0,0,0.66667,0.33333
Mississippi,Jones,28,067,28067,27,0,0,23,4,0,0,0.85185,0.14815
Mississippi,Kemper,28,069,28069,5,0,0,4,1,0,0,0.8,0.2
Mississippi,Lafayette,28,071,28071,31,0,3,27,1,0,0.09677,0.87097,0.03226
Mississippi,Lamar,28,073,28073,31,1,2,27,1,0.03226,0.06452,0.87097,0.03226
Mississippi,Lauderdale,28,075,28075,50,2,2,43,3,0.04,0.04,0.86,0.06
Mississippi,Lawrence,28,077,28077,10,0,0,9,1,0,0,0.9,0.1
Mississippi,Leake,28,079,28079,1,1,0,0,0,1,0,0,0
Mississippi,Lee,28,081,28081,65,4,4,55,2,0.06154,0.06154,0.84615,0.03077
Mississippi,Leflore,28,083,28083,13,1,1,11,0,0.07692,0.07692,0.84615,0
Mississippi,Lincoln,28,085,28085,15,0,0,15,0,0,0,1,0
Mississippi,Lowndes,28,087,28087,55,0,3,51,1,0,0.05455,0.92727,0.01818
Mississippi,Madison,28,089,28089,44,1,3,39,1,0.02273,0.06818,0.88636,0.02273
Mississippi,Marion,28,091,28091,5,0,2,3,0,0,0.4,0.6,0
Mississippi,Marshall,28,093,28093,13,2,0,11,0,0.15385,0,0.84615,0
Mississippi,Monroe,28,095,28095,24,0,2,22,0,0,0.08333,0.91667,0
Mississippi,Montgomery,28,097,28097,2,0,0,1,1,0,0,0.5,0.5
Mississippi,Neshoba,28,099,28099,11,0,2,8,1,0,0.18182,0.72727,0.09091
Mississippi,Newton,28,101,28101,9,1,2,5,1,0.11111,0.22222,0.55556,0.11111
Mississippi,Noxubee,28,103,28103,5,0,1,4,0,0,0.2,0.8,0
Mississippi,Oktibbeha,28,105,28105,38,2,3,33,0,0.05263,0.07895,0.86842,0
Mississippi,Panola,28,107,28107,9,0,1,8,0,0,0.11111,0.88889,0
Mississippi,Pearl River,28,109,28109,18,0,1,12,5,0,0.05556,0.66667,0.27778
Mississippi,Perry,28,111,28111,4,0,0,4,0,0,0,1,0
Mississippi,Pike,28,113,28113,17,0,1,14,2,0,0.05882,0.82353,0.11765
Mississippi,Pontotoc,28,115,28115,73,9,2,59,3,0.12329,0.0274,0.80822,0.0411
Mississippi,Prentiss,28,117,28117,11,0,0,11,0,0,0,1,0
Mississippi,Quitman,28,119,28119,3,0,1,2,0,0,0.33333,0.66667,0
Mississippi,Rankin,28,121,28121,72,0,4,67,1,0,0.05556,0.93056,0.01389
Mississippi,Scott,28,123,28123,5,0,0,4,1,0,0,0.8,0.2
Mississippi,Sharkey,28,125,28125,0,0,0,0,0,0,0,0,0
Mississippi,Simpson,28,127,28127,6,0,0,5,1,0,0,0.83333,0.16667
Mississippi,Smith,28,129,28129,5,0,1,4,0,0,0.2,0.8,0
Mississippi,Stone,28,131,28131,0,0,0,0,0,0,0,0,0
Mississippi,Sunflower,28,133,28133,4,0,1,3,0,0,0.25,0.75,0
Mississippi,Tallahatchie,28,135,28135,0,0,0,0,0,0,0,0,0
Mississippi,Tate,28,137,28137,5,0,0,5,0,0,0,1,0
Mississippi,Tippah,28,139,28139,3,0,1,1,1,0,0.33333,0.33333,0.33333
Mississippi,Tishomingo,28,141,28141,2,0,0,2,0,0,0,1,0
Mississippi,Tunica,28,143,28143,2,0,0,2,0,0,0,1,0
Mississippi,Union,28,145,28145,16,1,0,15,0,0.0625,0,0.9375,0
Mississippi,Walthall,28,147,28147,1,0,0,1,0,0,0,1,0
Mississippi,Warren,28,149,28149,41,1,3,33,4,0.02439,0.07317,0.80488,0.09756
Mississippi,Washington,28,151,28151,18,2,2,11,3,0.11111,0.11111,0.61111,0.16667
Mississippi,Wayne,28,153,28153,4,0,0,3,1,0,0,0.75,0.25
Mississippi,Webster,28,155,28155,9,0,0,9,0,0,0,1,0
Mississippi,Wilkinson,28,157,28157,2,0,0,1,1,0,0,0.5,0.5
Mississippi,Winston,28,159,28159,3,0,1,2,0,0,0.33333,0.66667,0
Mississippi,Yalobusha,28,161,28161,1,0,0,1,0,0,0,1,0
Mississippi,Yazoo,28,163,28163,9,1,1,6,1,0.11111,0.11111,0.66667,0.11111
Missouri,Adair,29,001,29001,42,17,21,2,2,0.40476,0.5,0.04762,0.04762
Missouri,Andrew,29,003,29003,9,8,1,0,0,0.88889,0.11111,0,0
Missouri,Atchison,29,005,29005,9,8,1,0,0,0.88889,0.11111,0,0
Missouri,Audrain,29,007,29007,45,3,40,1,1,0.06667,0.88889,0.02222,0.02222
Missouri,Barry,29,009,29009,33,12,7,11,3,0.36364,0.21212,0.33333,0.09091
Missouri,Barton,29,011,29011,10,9,0,1,0,0.9,0,0.1,0
Missouri,Bates,29,013,29013,15,13,2,0,0,0.86667,0.13333,0,0
Missouri,Benton,29,015,29015,12,8,3,1,0,0.66667,0.25,0.08333,0
Missouri,Bollinger,29,017,29017,5,0,5,0,0,0,1,0,0
Missouri,Boone,29,019,29019,303,26,261,12,4,0.08581,0.86139,0.0396,0.0132
Missouri,Buchanan,29,021,29021,118,87,27,0,4,0.73729,0.22881,0,0.0339
Missouri,Butler,29,023,29023,32,2,27,1,2,0.0625,0.84375,0.03125,0.0625
Missouri,Caldwell,29,025,29025,7,6,1,0,0,0.85714,0.14286,0,0
Missouri,Callaway,29,027,29027,57,4,51,1,1,0.07018,0.89474,0.01754,0.01754
Missouri,Camden,29,029,29029,29,2,26,0,1,0.06897,0.89655,0,0.03448
Missouri,Cape Girardeau,29,031,29031,108,1,98,9,0,0.00926,0.90741,0.08333,0
Missouri,Carroll,29,033,29033,11,7,3,1,0,0.63636,0.27273,0.09091,0
Missouri,Carter,29,035,29035,6,2,3,1,0,0.33333,0.5,0.16667,0
Missouri,Cass,29,037,29037,88,49,28,9,2,0.55682,0.31818,0.10227,0.02273
Missouri,Cedar,29,039,29039,6,1,1,4,0,0.16667,0.16667,0.66667,0
Missouri,Chariton,29,041,29041,16,11,4,1,0,0.6875,0.25,0.0625,0
Missouri,Christian,29,043,29043,41,15,23,2,1,0.36585,0.56098,0.04878,0.02439
Missouri,Clark,29,045,29045,4,2,2,0,0,0.5,0.5,0,0
Missouri,Clay,29,047,29047,282,178,68,36,0,0.63121,0.24113,0.12766,0
Missouri,Clinton,29,049,29049,7,7,0,0,0,1,0,0,0
Missouri,Cole,29,051,29051,156,4,139,7,6,0.02564,0.89103,0.04487,0.03846
Missouri,Cooper,29,053,29053,18,7,10,1,0,0.38889,0.55556,0.05556,0
Missouri,Crawford,29,055,29055,27,1,24,1,1,0.03704,0.88889,0.03704,0.03704
Missouri,Dade,29,057,29057,4,2,1,0,1,0.5,0.25,0,0.25
Missouri,Dallas,29,059,29059,5,2,3,0,0,0.4,0.6,0,0
Missouri,Daviess,29,061,29061,4,3,1,0,0,0.75,0.25,0,0
Missouri,Dekalb,29,063,29063,15,12,3,0,0,0.8,0.2,0,0
Missouri,Dent,29,065,29065,22,0,21,0,1,0,0.95455,0,0.04545
Missouri,Douglas,29,067,29067,3,1,1,0,1,0.33333,0.33333,0,0.33333
Missouri,Dunklin,29,069,29069,40,0,21,16,3,0,0.525,0.4,0.075
Missouri,Franklin,29,071,29071,142,3,134,2,3,0.02113,0.94366,0.01408,0.02113
Missouri,Gasconade,29,073,29073,15,1,14,0,0,0.06667,0.93333,0,0
Missouri,Gentry,29,075,29075,13,8,5,0,0,0.61538,0.38462,0,0
Missouri,Greene,29,077,29077,296,98,152,40,6,0.33108,0.51351,0.13514,0.02027
Missouri,Grundy,29,079,29079,14,9,5,0,0,0.64286,0.35714,0,0
Missouri,Harrison,29,081,29081,8,6,1,1,0,0.75,0.125,0.125,0
Missouri,Henry,29,083,29083,17,9,6,2,0,0.52941,0.35294,0.11765,0
Missouri,Hickory,29,085,29085,4,2,0,2,0,0.5,0,0.5,0
Missouri,Holt,29,087,29087,9,9,0,0,0,1,0,0,0
Missouri,Howard,29,089,29089,7,2,5,0,0,0.28571,0.71429,0,0
Missouri,Howell,29,091,29091,24,4,18,1,1,0.16667,0.75,0.04167,0.04167
Missouri,Iron,29,093,29093,5,0,5,0,0,0,1,0,0
Missouri,Jackson,29,095,29095,892,506,213,145,28,0.56726,0.23879,0.16256,0.03139
Missouri,Jasper,29,097,29097,77,40,29,7,1,0.51948,0.37662,0.09091,0.01299
Missouri,Jefferson,29,099,29099,252,4,233,9,6,0.01587,0.9246,0.03571,0.02381
Missouri,Johnson,29,101,29101,44,15,26,3,0,0.34091,0.59091,0.06818,0
Missouri,Knox,29,103,29103,1,0,1,0,0,0,1,0,0
Missouri,Laclede,29,105,29105,20,4,9,5,2,0.2,0.45,0.25,0.1
Missouri,Lafayette,29,107,29107,34,21,8,4,1,0.61765,0.23529,0.11765,0.02941
Missouri,Lawrence,29,109,29109,13,7,3,1,2,0.53846,0.23077,0.07692,0.15385
Missouri,Lewis,29,111,29111,14,1,13,0,0,0.07143,0.92857,0,0
Missouri,Lincoln,29,113,29113,47,2,42,2,1,0.04255,0.89362,0.04255,0.02128
Missouri,Linn,29,115,29115,8,6,1,1,0,0.75,0.125,0.125,0
Missouri,Livingston,29,117,29117,22,18,3,0,1,0.81818,0.13636,0,0.04545
Missouri,McDonald,29,119,29119,5,0,1,3,1,0,0.2,0.6,0.2
Missouri,Macon,29,121,29121,18,10,7,0,1,0.55556,0.38889,0,0.05556
Missouri,Madison,29,123,29123,7,1,5,0,1,0.14286,0.71429,0,0.14286
Missouri,Maries,29,125,29125,5,0,5,0,0,0,1,0,0
Missouri,Marion,29,127,29127,46,1,38,4,3,0.02174,0.82609,0.08696,0.06522
Missouri,Mercer,29,129,29129,0,0,0,0,0,0,0,0,0
Missouri,Miller,29,131,29131,7,1,6,0,0,0.14286,0.85714,0,0
Missouri,Mississippi,29,133,29133,14,0,10,3,1,0,0.71429,0.21429,0.07143
Missouri,Moniteau,29,135,29135,14,0,14,0,0,0,1,0,0
Missouri,Monroe,29,137,29137,6,1,5,0,0,0.16667,0.83333,0,0
Missouri,Montgomery,29,139,29139,10,0,9,0,1,0,0.9,0,0.1
Missouri,Morgan,29,141,29141,7,2,4,0,1,0.28571,0.57143,0,0.14286
Missouri,New Madrid,29,143,29143,8,0,6,1,1,0,0.75,0.125,0.125
Missouri,Newton,29,145,29145,50,29,9,9,3,0.58,0.18,0.18,0.06
Missouri,Nodaway,29,147,29147,15,12,2,0,1,0.8,0.13333,0,0.06667
Missouri,Oregon,29,149,29149,6,2,3,0,1,0.33333,0.5,0,0.16667
Missouri,Osage,29,151,29151,12,1,11,0,0,0.08333,0.91667,0,0
Missouri,Ozark,29,153,29153,3,1,1,1,0,0.33333,0.33333,0.33333,0
Missouri,Pemiscot,29,155,29155,11,0,5,6,0,0,0.45455,0.54545,0
Missouri,Perry,29,157,29157,21,0,21,0,0,0,1,0,0
Missouri,Pettis,29,159,29159,35,17,13,2,3,0.48571,0.37143,0.05714,0.08571
Missouri,Phelps,29,161,29161,82,9,66,6,1,0.10976,0.80488,0.07317,0.0122
Missouri,Pike,29,163,29163,24,1,22,1,0,0.04167,0.91667,0.04167,0
Missouri,Platte,29,165,29165,111,77,20,13,1,0.69369,0.18018,0.11712,0.00901
Missouri,Polk,29,167,29167,21,6,11,3,1,0.28571,0.52381,0.14286,0.04762
Missouri,Pulaski,29,169,29169,24,6,13,2,3,0.25,0.54167,0.08333,0.125
Missouri,Putnam,29,171,29171,11,7,3,0,1,0.63636,0.27273,0,0.09091
Missouri,Ralls,29,173,29173,11,0,11,0,0,0,1,0,0
Missouri,Randolph,29,175,29175,10,3,5,2,0,0.3,0.5,0.2,0
Missouri,Ray,29,177,29177,14,9,2,3,0,0.64286,0.14286,0.21429,0
Missouri,Reynolds,29,179,29179,2,1,0,0,1,0.5,0,0,0.5
Missouri,Ripley,29,181,29181,9,0,8,1,0,0,0.88889,0.11111,0
Missouri,St Charles,29,183,29183,490,12,460,7,11,0.02449,0.93878,0.01429,0.02245
Missouri,St Clair,29,185,29185,6,4,2,0,0,0.66667,0.33333,0,0
Missouri,Ste Genevieve,29,186,29186,14,0,14,0,0,0,1,0,0
Missouri,St Francois,29,187,29187,34,0,32,1,1,0,0.94118,0.02941,0.02941
Missouri,St Louis,29,189,29189,2973,90,2773,62,48,0.03027,0.93273,0.02085,0.01615
Missouri,Saline,29,195,29195,21,15,5,1,0,0.71429,0.2381,0.04762,0
Missouri,Schuyler,29,197,29197,0,0,0,0,0,0,0,0,0
Missouri,Scotland,29,199,29199,5,4,1,0,0,0.8,0.2,0,0
Missouri,Scott,29,201,29201,44,0,35,5,4,0,0.79545,0.11364,0.09091
Missouri,Shannon,29,203,29203,8,0,7,0,1,0,0.875,0,0.125
Missouri,Shelby,29,205,29205,11,5,6,0,0,0.45455,0.54545,0,0
Missouri,Stoddard,29,207,29207,14,0,13,1,0,0,0.92857,0.07143,0
Missouri,Stone,29,209,29209,13,4,8,0,1,0.30769,0.61538,0,0.07692
Missouri,Sullivan,29,211,29211,7,5,2,0,0,0.71429,0.28571,0,0
Missouri,Taney,29,213,29213,23,4,12,6,1,0.17391,0.52174,0.26087,0.04348
Missouri,Texas,29,215,29215,12,0,12,0,0,0,1,0,0
Missouri,Vernon,29,217,29217,27,18,4,4,1,0.66667,0.14815,0.14815,0.03704
Missouri,Warren,29,219,29219,22,1,21,0,0,0.04545,0.95455,0,0
Missouri,Washington,29,221,29221,14,0,14,0,0,0,1,0,0
Missouri,Wayne,29,223,29223,7,1,6,0,0,0.14286,0.85714,0,0
Missouri,Webster,29,225,29225,13,8,4,1,0,0.61538,0.30769,0.07692,0
Missouri,Worth,29,227,29227,2,2,0,0,0,1,0,0,0
Missouri,Wright,29,229,29229,5,4,1,0,0,0.8,0.2,0,0
Montana,Beaverhead,30,001,30001,8,6,2,0,0,0.75,0.25,0,0
Montana,Big Horn,30,003,30003,8,7,1,0,0,0.875,0.125,0,0
Montana,Blaine,30,005,30005,9,7,1,0,1,0.77778,0.11111,0,0.11111
Montana,Broadwater,30,007,30007,4,3,0,0,1,0.75,0,0,0.25
Montana,Carbon,30,009,30009,9,7,1,1,0,0.77778,0.11111,0.11111,0
Montana,Carter,30,011,30011,3,1,2,0,0,0.33333,0.66667,0,0
Montana,Cascade,30,013,30013,122,88,27,5,2,0.72131,0.22131,0.04098,0.01639
Montana,Chouteau,30,015,30015,8,7,1,0,0,0.875,0.125,0,0
Montana,Custer,30,017,30017,18,14,2,2,0,0.77778,0.11111,0.11111,0
Montana,Daniels,30,019,30019,6,6,0,0,0,1,0,0,0
Montana,Dawson,30,021,30021,18,15,2,0,1,0.83333,0.11111,0,0.05556
Montana,Deer Lodge,30,023,30023,14,11,0,1,2,0.78571,0,0.07143,0.14286
Montana,Fallon,30,025,30025,4,4,0,0,0,1,0,0,0
Montana,Fergus,30,027,30027,11,9,1,1,0,0.81818,0.09091,0.09091,0
Montana,Flathead,30,029,30029,61,46,8,5,2,0.7541,0.13115,0.08197,0.03279
Montana,Gallatin,30,031,30031,90,67,21,1,1,0.74444,0.23333,0.01111,0.01111
Montana,Garfield,30,033,30033,2,2,0,0,0,1,0,0,0
Montana,Glacier,30,035,30035,6,4,1,1,0,0.66667,0.16667,0.16667,0
Montana,Golden Valley,30,037,30037,1,0,0,0,1,0,0,0,1
Montana,Granite,30,039,30039,3,2,1,0,0,0.66667,0.33333,0,0
Montana,Hill,30,041,30041,31,23,8,0,0,0.74194,0.25806,0,0
Montana,Jefferson,30,043,30043,16,12,3,1,0,0.75,0.1875,0.0625,0
Montana,Judith Basin,30,045,30045,7,7,0,0,0,1,0,0,0
Montana,Lake,30,047,30047,29,24,5,0,0,0.82759,0.17241,0,0
Montana,Lewis and Clark,30,049,30049,90,65,22,1,2,0.72222,0.24444,0.01111,0.02222
Montana,Liberty,30,051,30051,2,2,0,0,0,1,0,0,0
Montana,Lincoln,30,053,30053,16,13,3,0,0,0.8125,0.1875,0,0
Montana,McCone,30,055,30055,0,0,0,0,0,0,0,0,0
Montana,Madison,30,057,30057,8,6,2,0,0,0.75,0.25,0,0
Montana,Meagher,30,059,30059,3,2,1,0,0,0.66667,0.33333,0,0
Montana,Mineral,30,061,30061,3,2,1,0,0,0.66667,0.33333,0,0
Montana,Missoula,30,063,30063,157,104,41,3,9,0.66242,0.26115,0.01911,0.05732
Montana,Musselshell,30,065,30065,4,4,0,0,0,1,0,0,0
Montana,Park,30,067,30067,18,9,6,1,2,0.5,0.33333,0.05556,0.11111
Montana,Petroleum,30,069,30069,1,1,0,0,0,1,0,0,0
Montana,Phillips,30,071,30071,11,10,1,0,0,0.90909,0.09091,0,0
Montana,Pondera,30,073,30073,14,12,1,1,0,0.85714,0.07143,0.07143,0
Montana,Powder River,30,075,30075,2,2,0,0,0,1,0,0,0
Montana,Powell,30,077,30077,5,5,0,0,0,1,0,0,0
Montana,Prairie,30,079,30079,3,2,1,0,0,0.66667,0.33333,0,0
Montana,Ravalli,30,081,30081,28,22,3,1,2,0.78571,0.10714,0.03571,0.07143
Montana,Richland,30,083,30083,18,16,1,0,1,0.88889,0.05556,0,0.05556
Montana,Roosevelt,30,085,30085,11,11,0,0,0,1,0,0,0
Montana,Rosebud,30,087,30087,9,7,2,0,0,0.77778,0.22222,0,0
Montana,Sanders,30,089,30089,4,1,3,0,0,0.25,0.75,0,0
Montana,Sheridan,30,091,30091,10,9,1,0,0,0.9,0.1,0,0
Montana,Silver Bow,30,093,30093,44,37,7,0,0,0.84091,0.15909,0,0
Montana,Stillwater,30,095,30095,10,9,1,0,0,0.9,0.1,0,0
Montana,Sweet Grass,30,097,30097,4,4,0,0,0,1,0,0,0
Montana,Teton,30,099,30099,4,3,1,0,0,0.75,0.25,0,0
Montana,Toole,30,101,30101,5,4,1,0,0,0.8,0.2,0,0
Montana,Treasure,30,103,30103,2,2,0,0,0,1,0,0,0
Montana,Valley,30,105,30105,18,11,3,4,0,0.61111,0.16667,0.22222,0
Montana,Wheatland,30,107,30107,2,2,0,0,0,1,0,0,0
Montana,Wibaux,30,109,30109,0,0,0,0,0,0,0,0,0
Montana,Yellowstone,30,111,30111,183,152,25,3,3,0.8306,0.13661,0.01639,0.01639
Nebraska,Adams,31,001,31001,65,55,7,0,3,0.84615,0.10769,0,0.04615
Nebraska,Antelope,31,003,31003,7,6,1,0,0,0.85714,0.14286,0,0
Nebraska,Arthur,31,005,31005,2,2,0,0,0,1,0,0,0
Nebraska,Banner,31,007,31007,1,1,0,0,0,1,0,0,0
Nebraska,Blaine,31,009,31009,0,0,0,0,0,0,0,0,0
Nebraska,Boone,31,011,31011,10,10,0,0,0,1,0,0,0
Nebraska,Box Butte,31,013,31013,20,18,2,0,0,0.9,0.1,0,0
Nebraska,Boyd,31,015,31015,6,4,1,1,0,0.66667,0.16667,0.16667,0
Nebraska,Brown,31,017,31017,5,5,0,0,0,1,0,0,0
Nebraska,Buffalo,31,019,31019,66,51,14,1,0,0.77273,0.21212,0.01515,0
Nebraska,Burt,31,021,31021,20,17,3,0,0,0.85,0.15,0,0
Nebraska,Butler,31,023,31023,9,7,2,0,0,0.77778,0.22222,0,0
Nebraska,Cass,31,025,31025,24,19,4,1,0,0.79167,0.16667,0.04167,0
Nebraska,Cedar,31,027,31027,21,16,5,0,0,0.7619,0.2381,0,0
Nebraska,Chase,31,029,31029,5,4,1,0,0,0.8,0.2,0,0
Nebraska,Cherry,31,031,31031,25,20,4,1,0,0.8,0.16,0.04,0
Nebraska,Cheyenne,31,033,31033,16,15,1,0,0,0.9375,0.0625,0,0
Nebraska,Clay,31,035,31035,12,9,3,0,0,0.75,0.25,0,0
Nebraska,Colfax,31,037,31037,10,9,0,0,1,0.9,0,0,0.1
Nebraska,Cuming,31,039,31039,19,15,4,0,0,0.78947,0.21053,0,0
Nebraska,Custer,31,041,31041,26,24,2,0,0,0.92308,0.07692,0,0
Nebraska,Dakota,31,043,31043,25,22,3,0,0,0.88,0.12,0,0
Nebraska,Dawes,31,045,31045,9,9,0,0,0,1,0,0,0
Nebraska,Dawson,31,047,31047,41,33,8,0,0,0.80488,0.19512,0,0
Nebraska,Deuel,31,049,31049,2,2,0,0,0,1,0,0,0
Nebraska,Dixon,31,051,31051,17,17,0,0,0,1,0,0,0
Nebraska,Dodge,31,053,31053,65,53,9,2,1,0.81538,0.13846,0.03077,0.01538
Nebraska,Douglas,31,055,31055,1072,839,205,13,15,0.78265,0.19123,0.01213,0.01399
Nebraska,Dundy,31,057,31057,1,1,0,0,0,1,0,0,0
Nebraska,Fillmore,31,059,31059,8,7,1,0,0,0.875,0.125,0,0
Nebraska,Franklin,31,061,31061,6,5,1,0,0,0.83333,0.16667,0,0
Nebraska,Frontier,31,063,31063,2,2,0,0,0,1,0,0,0
Nebraska,Furnas,31,065,31065,9,9,0,0,0,1,0,0,0
Nebraska,Gage,31,067,31067,31,28,3,0,0,0.90323,0.09677,0,0
Nebraska,Garden,31,069,31069,2,1,0,1,0,0.5,0,0.5,0
Nebraska,Garfield,31,071,31071,2,2,0,0,0,1,0,0,0
Nebraska,Gosper,31,073,31073,2,2,0,0,0,1,0,0,0
Nebraska,Grant,31,075,31075,2,1,0,0,1,0.5,0,0,0.5
Nebraska,Greeley,31,077,31077,4,4,0,0,0,1,0,0,0
Nebraska,Hall,31,079,31079,73,65,7,0,1,0.89041,0.09589,0,0.0137
Nebraska,Hamilton,31,081,31081,16,12,4,0,0,0.75,0.25,0,0
Nebraska,Harlan,31,083,31083,5,4,1,0,0,0.8,0.2,0,0
Nebraska,Hayes,31,085,31085,5,5,0,0,0,1,0,0,0
Nebraska,Hitchcock,31,087,31087,11,11,0,0,0,1,0,0,0
Nebraska,Holt,31,089,31089,28,27,1,0,0,0.96429,0.03571,0,0
Nebraska,Hooker,31,091,31091,3,3,0,0,0,1,0,0,0
Nebraska,Howard,31,093,31093,8,8,0,0,0,1,0,0,0
Nebraska,Jefferson,31,095,31095,6,5,1,0,0,0.83333,0.16667,0,0
Nebraska,Johnson,31,097,31097,6,6,0,0,0,1,0,0,0
Nebraska,Kearney,31,099,31099,7,5,1,1,0,0.71429,0.14286,0.14286,0
Nebraska,Keith,31,101,31101,12,12,0,0,0,1,0,0,0
Nebraska,Keya Paha,31,103,31103,2,2,0,0,0,1,0,0,0
Nebraska,Kimball,31,105,31105,9,8,1,0,0,0.88889,0.11111,0,0
Nebraska,Knox,31,107,31107,14,12,0,0,2,0.85714,0,0,0.14286
Nebraska,Lancaster,31,109,31109,501,389,97,3,12,0.77645,0.19361,0.00599,0.02395
Nebraska,Lincoln,31,111,31111,35,31,3,0,1,0.88571,0.08571,0,0.02857
Nebraska,Logan,31,113,31113,1,1,0,0,0,1,0,0,0
Nebraska,Loup,31,115,31115,1,1,0,0,0,1,0,0,0
Nebraska,McPherson,31,117,31117,0,0,0,0,0,0,0,0,0
Nebraska,Madison,31,119,31119,50,42,7,1,0,0.84,0.14,0.02,0
Nebraska,Merrick,31,121,31121,7,7,0,0,0,1,0,0,0
Nebraska,Morrill,31,123,31123,13,7,3,1,2,0.53846,0.23077,0.07692,0.15385
Nebraska,Nance,31,125,31125,2,2,0,0,0,1,0,0,0
Nebraska,Nemaha,31,127,31127,10,9,0,0,1,0.9,0,0,0.1
Nebraska,Nuckolls,31,129,31129,12,12,0,0,0,1,0,0,0
Nebraska,Otoe,31,131,31131,20,17,1,1,1,0.85,0.05,0.05,0.05
Nebraska,Pawnee,31,133,31133,7,6,1,0,0,0.85714,0.14286,0,0
Nebraska,Perkins,31,135,31135,7,5,2,0,0,0.71429,0.28571,0,0
Nebraska,Phelps,31,137,31137,12,12,0,0,0,1,0,0,0
Nebraska,Pierce,31,139,31139,9,8,1,0,0,0.88889,0.11111,0,0
Nebraska,Platte,31,141,31141,63,53,6,1,3,0.84127,0.09524,0.01587,0.04762
Nebraska,Polk,31,143,31143,4,3,1,0,0,0.75,0.25,0,0
Nebraska,Red Willow,31,145,31145,14,12,2,0,0,0.85714,0.14286,0,0
Nebraska,Richardson,31,147,31147,14,12,2,0,0,0.85714,0.14286,0,0
Nebraska,Rock,31,149,31149,4,2,2,0,0,0.5,0.5,0,0
Nebraska,Saline,31,151,31151,15,14,1,0,0,0.93333,0.06667,0,0
Nebraska,Sarpy,31,153,31153,318,207,69,12,30,0.65094,0.21698,0.03774,0.09434
Nebraska,Saunders,31,155,31155,31,30,0,0,1,0.96774,0,0,0.03226
Nebraska,Scotts Bluff,31,157,31157,49,38,5,4,2,0.77551,0.10204,0.08163,0.04082
Nebraska,Seward,31,159,31159,24,19,5,0,0,0.79167,0.20833,0,0
Nebraska,Sheridan,31,161,31161,4,4,0,0,0,1,0,0,0
Nebraska,Sherman,31,163,31163,3,3,0,0,0,1,0,0,0
Nebraska,Sioux,31,165,31165,2,1,1,0,0,0.5,0.5,0,0
Nebraska,Stanton,31,167,31167,3,2,1,0,0,0.66667,0.33333,0,0
Nebraska,Thayer,31,169,31169,7,7,0,0,0,1,0,0,0
Nebraska,Thomas,31,171,31171,0,0,0,0,0,0,0,0,0
Nebraska,Thurston,31,173,31173,9,8,1,0,0,0.88889,0.11111,0,0
Nebraska,Valley,31,175,31175,3,3,0,0,0,1,0,0,0
Nebraska,Washington,31,177,31177,40,35,4,0,1,0.875,0.1,0,0.025
Nebraska,Wayne,31,179,31179,27,24,2,1,0,0.88889,0.07407,0.03704,0
Nebraska,Webster,31,181,31181,2,1,1,0,0,0.5,0.5,0,0
Nebraska,Wheeler,31,183,31183,3,3,0,0,0,1,0,0,0
Nebraska,York,31,185,31185,31,22,6,2,1,0.70968,0.19355,0.06452,0.03226
Nevada,Churchill,32,001,32001,7,0,3,2,2,0,0.42857,0.28571,0.28571
Nevada,Clark,32,003,32003,525,57,393,57,18,0.10857,0.74857,0.10857,0.03429
Nevada,Douglas,32,005,32005,25,3,18,4,0,0.12,0.72,0.16,0
Nevada,Elko,32,007,32007,25,13,3,3,6,0.52,0.12,0.12,0.24
Nevada,Esmeralda,32,009,32009,3,1,1,1,0,0.33333,0.33333,0.33333,0
Nevada,Eureka,32,011,32011,4,0,1,3,0,0,0.25,0.75,0
Nevada,Humboldt,32,013,32013,6,3,2,0,1,0.5,0.33333,0,0.16667
Nevada,Lander,32,015,32015,5,3,2,0,0,0.6,0.4,0,0
Nevada,Lincoln,32,017,32017,7,1,5,1,0,0.14286,0.71429,0.14286,0
Nevada,Lyon,32,019,32019,15,3,10,1,1,0.2,0.66667,0.06667,0.06667
Nevada,Mineral,32,021,32021,4,1,1,1,1,0.25,0.25,0.25,0.25
Nevada,Nye,32,023,32023,17,6,8,1,2,0.35294,0.47059,0.05882,0.11765
Nevada,Pershing,32,027,32027,0,0,0,0,0,0,0,0,0
Nevada,Storey,32,029,32029,1,0,1,0,0,0,1,0,0
Nevada,Washoe,32,031,32031,210,12,159,32,7,0.05714,0.75714,0.15238,0.03333
Nevada,White Pine,32,033,32033,8,0,3,2,3,0,0.375,0.25,0.375
Nevada,Carson City,32,510,32510,22,1,14,7,0,0.04545,0.63636,0.31818,0
New Hampshire,Belknap,33,001,33001,70,1,49,1,19,0.01429,0.7,0.01429,0.27143
New Hampshire,Carroll,33,003,33003,45,0,42,0,3,0,0.93333,0,0.06667
New Hampshire,Cheshire,33,005,33005,93,0,78,0,15,0,0.83871,0,0.16129
New Hampshire,Coos,33,007,33007,31,0,30,0,1,0,0.96774,0,0.03226
New Hampshire,Grafton,33,009,33009,88,2,77,1,8,0.02273,0.875,0.01136,0.09091
New Hampshire,Hillsborough,33,011,33011,468,5,384,14,65,0.01068,0.82051,0.02991,0.13889
New Hampshire,Merrimack,33,013,33013,188,2,161,3,22,0.01064,0.85638,0.01596,0.11702
New Hampshire,Rockingham,33,015,33015,326,1,251,10,64,0.00307,0.76994,0.03067,0.19632
New Hampshire,Strafford,33,017,33017,126,2,102,1,21,0.01587,0.80952,0.00794,0.16667
New Hampshire,Sullivan,33,019,33019,28,0,26,1,1,0,0.92857,0.03571,0.03571
New Jersey,Atlantic,34,001,34001,141,2,134,4,1,0.01418,0.95035,0.02837,0.00709
New Jersey,Bergen,34,003,34003,987,11,928,29,19,0.01114,0.94022,0.02938,0.01925
New Jersey,Burlington,34,005,34005,398,13,368,15,2,0.03266,0.92462,0.03769,0.00503
New Jersey,Camden,34,007,34007,465,6,437,14,8,0.0129,0.93978,0.03011,0.0172
New Jersey,Cape May,34,009,34009,62,1,60,1,0,0.01613,0.96774,0.01613,0
New Jersey,Cumberland,34,011,34011,85,0,82,1,2,0,0.96471,0.01176,0.02353
New Jersey,Essex,34,013,34013,611,16,571,18,6,0.02619,0.93453,0.02946,0.00982
New Jersey,Gloucester,34,015,34015,192,9,179,4,0,0.04688,0.93229,0.02083,0
New Jersey,Hudson,34,017,34017,281,5,258,15,3,0.01779,0.91815,0.05338,0.01068
New Jersey,Hunterdon,34,019,34019,164,1,157,5,1,0.0061,0.95732,0.03049,0.0061
New Jersey,Mercer,34,021,34021,375,4,358,9,4,0.01067,0.95467,0.024,0.01067
New Jersey,Middlesex,34,023,34023,661,8,613,31,9,0.0121,0.92738,0.0469,0.01362
New Jersey,Monmouth,34,025,34025,716,4,668,30,14,0.00559,0.93296,0.0419,0.01955
New Jersey,Morris,34,027,34027,650,8,616,20,6,0.01231,0.94769,0.03077,0.00923
New Jersey,Ocean,34,029,34029,322,1,307,9,5,0.00311,0.95342,0.02795,0.01553
New Jersey,Passaic,34,031,34031,348,6,327,12,3,0.01724,0.93966,0.03448,0.00862
New Jersey,Salem,34,033,34033,42,0,41,1,0,0,0.97619,0.02381,0
New Jersey,Somerset,34,035,34035,300,3,280,12,5,0.01,0.93333,0.04,0.01667
New Jersey,Sussex,34,037,34037,142,1,136,4,1,0.00704,0.95775,0.02817,0.00704
New Jersey,Union,34,039,34039,469,2,450,14,3,0.00426,0.95949,0.02985,0.0064
New Jersey,Warren,34,041,34041,106,4,100,2,0,0.03774,0.9434,0.01887,0
New Mexico,Bernalillo,35,001,35001,479,26,183,256,14,0.05428,0.38205,0.53445,0.02923
New Mexico,Catron,35,003,35003,2,2,0,0,0,1,0,0,0
New Mexico,Chaves,35,005,35005,55,2,12,40,1,0.03636,0.21818,0.72727,0.01818
New Mexico,Cibola,35,006,35006,8,3,1,4,0,0.375,0.125,0.5,0
New Mexico,Colfax,35,007,35007,5,1,0,4,0,0.2,0,0.8,0
New Mexico,Curry,35,009,35009,43,2,10,28,3,0.04651,0.23256,0.65116,0.06977
New Mexico,De Baca,35,011,35011,1,0,1,0,0,0,1,0,0
New Mexico,Dona Ana,35,013,35013,95,2,38,54,1,0.02105,0.4,0.56842,0.01053
New Mexico,Eddy,35,015,35015,29,0,7,21,1,0,0.24138,0.72414,0.03448
New Mexico,Grant,35,017,35017,17,1,7,5,4,0.05882,0.41176,0.29412,0.23529
New Mexico,Guadalupe,35,019,35019,1,0,0,1,0,0,0,1,0
New Mexico,Harding,35,021,35021,1,1,0,0,0,1,0,0,0
New Mexico,Hidalgo,35,023,35023,4,2,1,1,0,0.5,0.25,0.25,0
New Mexico,Lea,35,025,35025,41,1,6,33,1,0.02439,0.14634,0.80488,0.02439
New Mexico,Lincoln,35,027,35027,8,1,2,5,0,0.125,0.25,0.625,0
New Mexico,Los Alamos,35,028,35028,57,5,30,18,4,0.08772,0.52632,0.31579,0.07018
New Mexico,Luna,35,029,35029,4,0,2,2,0,0,0.5,0.5,0
New Mexico,Mckinley,35,031,35031,29,7,8,14,0,0.24138,0.27586,0.48276,0
New Mexico,Mora,35,033,35033,1,0,0,1,0,0,0,1,0
New Mexico,Otero,35,035,35035,39,4,18,15,2,0.10256,0.46154,0.38462,0.05128
New Mexico,Quay,35,037,35037,3,0,0,3,0,0,0,1,0
New Mexico,Rio Arriba,35,039,35039,11,2,2,6,1,0.18182,0.18182,0.54545,0.09091
New Mexico,Roosevelt,35,041,35041,17,0,3,14,0,0,0.17647,0.82353,0
New Mexico,Sandoval,35,043,35043,42,5,18,17,2,0.11905,0.42857,0.40476,0.04762
New Mexico,San Juan,35,045,35045,33,6,5,21,1,0.18182,0.15152,0.63636,0.0303
New Mexico,San Miguel,35,047,35047,8,2,1,5,0,0.25,0.125,0.625,0
New Mexico,Santa Fe,35,049,35049,73,3,25,43,2,0.0411,0.34247,0.58904,0.0274
New Mexico,Sierra,35,051,35051,5,0,2,3,0,0,0.4,0.6,0
New Mexico,Socorro,35,053,35053,13,0,5,4,4,0,0.38462,0.30769,0.30769
New Mexico,Taos,35,055,35055,10,0,4,5,1,0,0.4,0.5,0.1
New Mexico,Torrance,35,057,35057,7,0,0,6,1,0,0,0.85714,0.14286
New Mexico,Union,35,059,35059,3,1,1,1,0,0.33333,0.33333,0.33333,0
New Mexico,Valencia,35,061,35061,27,4,8,15,0,0.14815,0.2963,0.55556,0
New York,Albany,36,001,36001,378,6,356,11,5,0.01587,0.9418,0.0291,0.01323
New York,Allegany,36,003,36003,101,76,22,1,2,0.75248,0.21782,0.0099,0.0198
New York,Bronx,36,005,36005,453,6,431,11,5,0.01325,0.95143,0.02428,0.01104
New York,Broome,36,007,36007,351,9,318,5,19,0.02564,0.90598,0.01425,0.05413
New York,Cattaraugus,36,009,36009,192,162,29,0,1,0.84375,0.15104,0,0.00521
New York,Cayuga,36,011,36011,114,17,93,3,1,0.14912,0.81579,0.02632,0.00877
New York,Chautauqua,36,013,36013,322,282,35,0,5,0.87578,0.1087,0,0.01553
New York,Chemung,36,015,36015,164,58,103,3,0,0.35366,0.62805,0.01829,0
New York,Chenango,36,017,36017,54,3,49,1,1,0.05556,0.90741,0.01852,0.01852
New York,Clinton,36,019,36019,87,1,84,1,1,0.01149,0.96552,0.01149,0.01149
New York,Columbia,36,021,36021,64,0,61,3,0,0,0.95312,0.04688,0
New York,Cortland,36,023,36023,66,3,56,5,2,0.04545,0.84848,0.07576,0.0303
New York,Delaware,36,025,36025,31,0,30,0,1,0,0.96774,0,0.03226
New York,Dutchess,36,027,36027,371,7,347,10,7,0.01887,0.93531,0.02695,0.01887
New York,Erie,36,029,36029,3137,2842,254,12,29,0.90596,0.08097,0.00383,0.00924
New York,Essex,36,031,36031,26,0,26,0,0,0,1,0,0
New York,Franklin,36,033,36033,49,1,43,0,5,0.02041,0.87755,0,0.10204
New York,Fulton,36,035,36035,39,0,35,4,0,0,0.89744,0.10256,0
New York,Genesee,36,037,36037,185,157,20,0,8,0.84865,0.10811,0,0.04324
New York,Greene,36,039,36039,42,0,39,2,1,0,0.92857,0.04762,0.02381
New York,Hamilton,36,041,36041,4,0,4,0,0,0,1,0,0
New York,Herkimer,36,043,36043,83,3,79,0,1,0.03614,0.95181,0,0.01205
New York,Jefferson,36,045,36045,118,5,94,7,12,0.04237,0.79661,0.05932,0.10169
New York,Kings,36,047,36047,1087,18,1025,28,16,0.01656,0.94296,0.02576,0.01472
New York,Lewis,36,049,36049,37,1,34,1,1,0.02703,0.91892,0.02703,0.02703
New York,Livingston,36,051,36051,124,96,24,1,3,0.77419,0.19355,0.00806,0.02419
New York,Madison,36,053,36053,114,2,109,2,1,0.01754,0.95614,0.01754,0.00877
New York,Monroe,36,055,36055,2124,1397,651,30,46,0.65772,0.3065,0.01412,0.02166
New York,Montgomery,36,057,36057,50,0,47,2,1,0,0.94,0.04,0.02
New York,Nassau,36,059,36059,1509,30,1405,51,23,0.01988,0.93108,0.0338,0.01524
New York,New York,36,061,36061,1106,32,988,56,30,0.02893,0.89331,0.05063,0.02712
New York,Niagara,36,063,36063,614,564,42,2,6,0.91857,0.0684,0.00326,0.00977
New York,Oneida,36,065,36065,334,11,308,10,5,0.03293,0.92216,0.02994,0.01497
New York,Onondaga,36,067,36067,860,16,821,13,10,0.0186,0.95465,0.01512,0.01163
New York,Ontario,36,069,36069,178,106,62,2,8,0.59551,0.34831,0.01124,0.04494
New York,Orange,36,071,36071,351,9,330,7,5,0.02564,0.94017,0.01994,0.01425
New York,Orleans,36,073,36073,111,99,11,0,1,0.89189,0.0991,0,0.00901
New York,Oswego,36,075,36075,269,54,209,1,5,0.20074,0.77695,0.00372,0.01859
New York,Otsego,36,077,36077,88,1,83,2,2,0.01136,0.94318,0.02273,0.02273
New York,Putnam,36,079,36079,92,0,84,7,1,0,0.91304,0.07609,0.01087
New York,Queens,36,081,36081,1060,15,1002,35,8,0.01415,0.94528,0.03302,0.00755
New York,Rensselaer,36,083,36083,183,7,169,5,2,0.03825,0.9235,0.02732,0.01093
New York,Richmond,36,085,36085,265,2,252,10,1,0.00755,0.95094,0.03774,0.00377
New York,Rockland,36,087,36087,308,2,296,6,4,0.00649,0.96104,0.01948,0.01299
New York,St Lawrence,36,089,36089,164,12,140,2,10,0.07317,0.85366,0.0122,0.06098
New York,Saratoga,36,091,36091,289,7,276,1,5,0.02422,0.95502,0.00346,0.0173
New York,Schenectady,36,093,36093,283,12,254,4,13,0.0424,0.89753,0.01413,0.04594
New York,Schoharie,36,095,36095,32,1,27,0,4,0.03125,0.84375,0,0.125
New York,Schuyler,36,097,36097,21,10,9,0,2,0.47619,0.42857,0,0.09524
New York,Seneca,36,099,36099,35,13,21,1,0,0.37143,0.6,0.02857,0
New York,Steuben,36,101,36101,131,58,66,3,4,0.44275,0.50382,0.0229,0.03053
New York,Suffolk,36,103,36103,1338,16,1264,41,17,0.01196,0.94469,0.03064,0.01271
New York,Sullivan,36,105,36105,53,1,51,1,0,0.01887,0.96226,0.01887,0
New York,Tioga,36,107,36107,82,11,69,2,0,0.13415,0.84146,0.02439,0
New York,Tompkins,36,109,36109,214,22,186,3,3,0.1028,0.86916,0.01402,0.01402
New York,Ulster,36,111,36111,176,3,167,3,3,0.01705,0.94886,0.01705,0.01705
New York,Warren,36,113,36113,83,3,79,1,0,0.03614,0.95181,0.01205,0
New York,Washington,36,115,36115,50,2,44,3,1,0.04,0.88,0.06,0.02
New York,Wayne,36,117,36117,184,126,54,1,3,0.68478,0.29348,0.00543,0.0163
New York,Westchester,36,119,36119,1050,10,993,24,23,0.00952,0.94571,0.02286,0.0219
New York,Wyoming,36,121,36121,86,74,9,0,3,0.86047,0.10465,0,0.03488
New York,Yates,36,123,36123,42,24,17,1,0,0.57143,0.40476,0.02381,0
North Carolina,Alamance,37,001,37001,70,3,28,27,12,0.04286,0.4,0.38571,0.17143
North Carolina,Alexander,37,003,37003,7,0,2,4,1,0,0.28571,0.57143,0.14286
North Carolina,Alleghany,37,005,37005,2,0,0,1,1,0,0,0.5,0.5
North Carolina,Anson,37,007,37007,10,1,3,4,2,0.1,0.3,0.4,0.2
North Carolina,Ashe,37,009,37009,8,2,3,2,1,0.25,0.375,0.25,0.125
North Carolina,Avery,37,011,37011,6,0,3,2,1,0,0.5,0.33333,0.16667
North Carolina,Beaufort,37,013,37013,19,0,6,7,6,0,0.31579,0.36842,0.31579
North Carolina,Bertie,37,015,37015,2,0,1,1,0,0,0.5,0.5,0
North Carolina,Bladen,37,017,37017,15,0,3,2,10,0,0.2,0.13333,0.66667
North Carolina,Brunswick,37,019,37019,23,0,9,7,7,0,0.3913,0.30435,0.30435
North Carolina,Buncombe,37,021,37021,100,1,37,48,14,0.01,0.37,0.48,0.14
North Carolina,Burke,37,023,37023,28,0,12,7,9,0,0.42857,0.25,0.32143
North Carolina,Cabarrus,37,025,37025,91,4,40,28,19,0.04396,0.43956,0.30769,0.20879
North Carolina,Caldwell,37,027,37027,32,0,13,12,7,0,0.40625,0.375,0.21875
North Carolina,Camden,37,029,37029,1,0,1,0,0,0,1,0,0
North Carolina,Carteret,37,031,37031,22,1,9,7,5,0.04545,0.40909,0.31818,0.22727
North Carolina,Caswell,37,033,37033,4,1,3,0,0,0.25,0.75,0,0
North Carolina,Catawba,37,035,37035,85,3,35,28,19,0.03529,0.41176,0.32941,0.22353
North Carolina,Chatham,37,037,37037,21,1,8,4,8,0.04762,0.38095,0.19048,0.38095
North Carolina,Cherokee,37,039,37039,13,0,5,7,1,0,0.38462,0.53846,0.07692
North Carolina,Chowan,37,041,37041,6,0,2,2,2,0,0.33333,0.33333,0.33333
North Carolina,Clay,37,043,37043,3,0,1,2,0,0,0.33333,0.66667,0
North Carolina,Cleveland,37,045,37045,48,0,9,29,10,0,0.1875,0.60417,0.20833
North Carolina,Columbus,37,047,37047,27,0,5,4,18,0,0.18519,0.14815,0.66667
North Carolina,Craven,37,049,37049,56,4,25,15,12,0.07143,0.44643,0.26786,0.21429
North Carolina,Cumberland,37,051,37051,168,3,88,65,12,0.01786,0.52381,0.3869,0.07143
North Carolina,Currituck,37,053,37053,3,0,2,1,0,0,0.66667,0.33333,0
North Carolina,Dare,37,055,37055,17,0,10,7,0,0,0.58824,0.41176,0
North Carolina,Davidson,37,057,37057,49,1,10,19,19,0.02041,0.20408,0.38776,0.38776
North Carolina,Davie,37,059,37059,17,2,5,6,4,0.11765,0.29412,0.35294,0.23529
North Carolina,Duplin,37,061,37061,12,1,2,2,7,0.08333,0.16667,0.16667,0.58333
North Carolina,Durham,37,063,37063,199,19,88,71,21,0.09548,0.44221,0.35678,0.10553
North Carolina,Edgecombe,37,065,37065,18,0,4,3,11,0,0.22222,0.16667,0.61111
North Carolina,Forsyth,37,067,37067,230,8,90,90,42,0.03478,0.3913,0.3913,0.18261
North Carolina,Franklin,37,069,37069,20,0,9,5,6,0,0.45,0.25,0.3
North Carolina,Gaston,37,071,37071,102,2,22,50,28,0.01961,0.21569,0.4902,0.27451
North Carolina,Gates,37,073,37073,4,0,2,1,1,0,0.5,0.25,0.25
North Carolina,Graham,37,075,37075,2,0,0,1,1,0,0,0.5,0.5
North Carolina,Granville,37,077,37077,13,0,5,4,4,0,0.38462,0.30769,0.30769
North Carolina,Greene,37,079,37079,3,0,1,0,2,0,0.33333,0,0.66667
North Carolina,Guilford,37,081,37081,290,8,127,121,34,0.02759,0.43793,0.41724,0.11724
North Carolina,Halifax,37,083,37083,24,0,12,4,8,0,0.5,0.16667,0.33333
North Carolina,Harnett,37,085,37085,47,1,16,19,11,0.02128,0.34043,0.40426,0.23404
North Carolina,Haywood,37,087,37087,19,0,5,9,5,0,0.26316,0.47368,0.26316
North Carolina,Henderson,37,089,37089,43,2,7,31,3,0.04651,0.16279,0.72093,0.06977
North Carolina,Hertford,37,091,37091,7,0,2,3,2,0,0.28571,0.42857,0.28571
North Carolina,Hoke,37,093,37093,6,0,2,1,3,0,0.33333,0.16667,0.5
North Carolina,Hyde,37,095,37095,1,0,0,0,1,0,0,0,1
North Carolina,Iredell,37,097,37097,60,5,20,25,10,0.08333,0.33333,0.41667,0.16667
North Carolina,Jackson,37,099,37099,19,0,4,14,1,0,0.21053,0.73684,0.05263
North Carolina,Johnston,37,101,37101,40,0,12,15,13,0,0.3,0.375,0.325
North Carolina,Jones,37,103,37103,2,0,1,0,1,0,0.5,0,0.5
North Carolina,Lee,37,105,37105,18,0,4,10,4,0,0.22222,0.55556,0.22222
North Carolina,Lenoir,37,107,37107,15,1,7,3,4,0.06667,0.46667,0.2,0.26667
North Carolina,Lincoln,37,109,37109,32,3,5,13,11,0.09375,0.15625,0.40625,0.34375
North Carolina,McDowell,37,111,37111,14,0,2,6,6,0,0.14286,0.42857,0.42857
North Carolina,Macon,37,113,37113,8,0,2,6,0,0,0.25,0.75,0
North Carolina,Madison,37,115,37115,5,0,0,4,1,0,0,0.8,0.2
North Carolina,Martin,37,117,37117,10,0,3,2,5,0,0.3,0.2,0.5
North Carolina,Mecklenburg,37,119,37119,545,18,203,290,34,0.03303,0.37248,0.53211,0.06239
North Carolina,Mitchell,37,121,37121,15,0,5,2,8,0,0.33333,0.13333,0.53333
North Carolina,Montgomery,37,123,37123,3,0,1,1,1,0,0.33333,0.33333,0.33333
North Carolina,Moore,37,125,37125,24,1,13,10,0,0.04167,0.54167,0.41667,0
North Carolina,Nash,37,127,37127,39,0,20,11,8,0,0.51282,0.28205,0.20513
North Carolina,New Hanover,37,129,37129,103,3,51,29,20,0.02913,0.49515,0.28155,0.19417
North Carolina,Northampton,37,131,37131,0,0,0,0,0,0,0,0,0
North Carolina,Onslow,37,133,37133,47,2,27,10,8,0.04255,0.57447,0.21277,0.17021
North Carolina,Orange,37,135,37135,157,2,95,46,14,0.01274,0.6051,0.29299,0.08917
North Carolina,Pamlico,37,137,37137,2,0,2,0,0,0,1,0,0
North Carolina,Pasquotank,37,139,37139,9,0,6,3,0,0,0.66667,0.33333,0
North Carolina,Pender,37,141,37141,12,0,7,1,4,0,0.58333,0.08333,0.33333
North Carolina,Perquimans,37,143,37143,6,1,3,1,1,0.16667,0.5,0.16667,0.16667
North Carolina,Person,37,145,37145,17,0,3,8,6,0,0.17647,0.47059,0.35294
North Carolina,Pitt,37,147,37147,58,1,27,15,15,0.01724,0.46552,0.25862,0.25862
North Carolina,Polk,37,149,37149,4,0,1,2,1,0,0.25,0.5,0.25
North Carolina,Randolph,37,151,37151,51,1,19,15,16,0.01961,0.37255,0.29412,0.31373
North Carolina,Richmond,37,153,37153,22,1,6,6,9,0.04545,0.27273,0.27273,0.40909
North Carolina,Robeson,37,155,37155,20,0,5,2,13,0,0.25,0.1,0.65
North Carolina,Rockingham,37,157,37157,28,2,13,9,4,0.07143,0.46429,0.32143,0.14286
North Carolina,Rowan,37,159,37159,63,6,22,15,20,0.09524,0.34921,0.2381,0.31746
North Carolina,Rutherford,37,161,37161,30,1,6,17,6,0.03333,0.2,0.56667,0.2
North Carolina,Sampson,37,163,37163,14,0,3,7,4,0,0.21429,0.5,0.28571
North Carolina,Scotland,37,165,37165,10,0,1,4,5,0,0.1,0.4,0.5
North Carolina,Stanly,37,167,37167,29,0,11,11,7,0,0.37931,0.37931,0.24138
North Carolina,Stokes,37,169,37169,10,3,3,3,1,0.3,0.3,0.3,0.1
North Carolina,Surry,37,171,37171,49,31,5,11,2,0.63265,0.10204,0.22449,0.04082
North Carolina,Swain,37,173,37173,6,0,1,2,3,0,0.16667,0.33333,0.5
North Carolina,Transylvania,37,175,37175,18,1,4,13,0,0.05556,0.22222,0.72222,0
North Carolina,Tyrrell,37,177,37177,3,0,2,1,0,0,0.66667,0.33333,0
North Carolina,Union,37,179,37179,65,5,25,27,8,0.07692,0.38462,0.41538,0.12308
North Carolina,Vance,37,181,37181,7,0,4,1,2,0,0.57143,0.14286,0.28571
North Carolina,Wake,37,183,37183,691,31,338,216,106,0.04486,0.48915,0.31259,0.1534
North Carolina,Warren,37,185,37185,5,0,4,1,0,0,0.8,0.2,0
North Carolina,Washington,37,187,37187,5,0,1,2,2,0,0.2,0.4,0.4
North Carolina,Watauga,37,189,37189,25,0,13,8,4,0,0.52,0.32,0.16
North Carolina,Wayne,37,191,37191,54,4,21,9,20,0.07407,0.38889,0.16667,0.37037
North Carolina,Wilkes,37,193,37193,21,1,10,6,4,0.04762,0.47619,0.28571,0.19048
North Carolina,Wilson,37,195,37195,28,0,14,7,7,0,0.5,0.25,0.25
North Carolina,Yadkin,37,197,37197,12,2,2,5,3,0.16667,0.16667,0.41667,0.25
North Carolina,Yancey,37,199,37199,4,0,0,2,2,0,0,0.5,0.5
North Dakota,Adams,38,001,38001,10,10,0,0,0,1,0,0,0
North Dakota,Barnes,38,003,38003,25,24,1,0,0,0.96,0.04,0,0
North Dakota,Benson,38,005,38005,5,5,0,0,0,1,0,0,0
North Dakota,Billings,38,007,38007,1,1,0,0,0,1,0,0,0
North Dakota,Bottineau,38,009,38009,22,18,4,0,0,0.81818,0.18182,0,0
North Dakota,Bowman,38,011,38011,9,9,0,0,0,1,0,0,0
North Dakota,Burke,38,013,38013,7,6,1,0,0,0.85714,0.14286,0,0
North Dakota,Burleigh,38,015,38015,127,102,22,2,1,0.80315,0.17323,0.01575,0.00787
North Dakota,Cass,38,017,38017,274,213,54,2,5,0.77737,0.19708,0.0073,0.01825
North Dakota,Cavalier,38,019,38019,8,8,0,0,0,1,0,0,0
North Dakota,Dickey,38,021,38021,13,11,2,0,0,0.84615,0.15385,0,0
North Dakota,Divide,38,023,38023,5,5,0,0,0,1,0,0,0
North Dakota,Dunn,38,025,38025,9,8,1,0,0,0.88889,0.11111,0,0
North Dakota,Eddy,38,027,38027,8,8,0,0,0,1,0,0,0
North Dakota,Emmons,38,029,38029,4,3,1,0,0,0.75,0.25,0,0
North Dakota,Foster,38,031,38031,6,5,0,1,0,0.83333,0,0.16667,0
North Dakota,Golden Valley,38,033,38033,1,1,0,0,0,1,0,0,0
North Dakota,Grand Forks,38,035,38035,130,100,26,2,2,0.76923,0.2,0.01538,0.01538
North Dakota,Grant,38,037,38037,2,1,1,0,0,0.5,0.5,0,0
North Dakota,Griggs,38,039,38039,8,8,0,0,0,1,0,0,0
North Dakota,Hettinger,38,041,38041,2,2,0,0,0,1,0,0,0
North Dakota,Kidder,38,043,38043,5,5,0,0,0,1,0,0,0
North Dakota,Lamoure,38,045,38045,8,5,3,0,0,0.625,0.375,0,0
North Dakota,Logan,38,047,38047,4,4,0,0,0,1,0,0,0
North Dakota,McHenry,38,049,38049,9,9,0,0,0,1,0,0,0
North Dakota,McIntosh,38,051,38051,9,8,1,0,0,0.88889,0.11111,0,0
North Dakota,McKenzie,38,053,38053,6,6,0,0,0,1,0,0,0
North Dakota,McLean,38,055,38055,29,20,9,0,0,0.68966,0.31034,0,0
North Dakota,Mercer,38,057,38057,9,9,0,0,0,1,0,0,0
North Dakota,Morton,38,059,38059,45,37,8,0,0,0.82222,0.17778,0,0
North Dakota,Mountrail,38,061,38061,7,6,1,0,0,0.85714,0.14286,0,0
North Dakota,Nelson,38,063,38063,6,4,2,0,0,0.66667,0.33333,0,0
North Dakota,Oliver,38,065,38065,7,5,1,0,1,0.71429,0.14286,0,0.14286
North Dakota,Pembina,38,067,38067,8,7,1,0,0,0.875,0.125,0,0
North Dakota,Pierce,38,069,38069,8,6,1,0,1,0.75,0.125,0,0.125
North Dakota,Ramsey,38,071,38071,11,10,1,0,0,0.90909,0.09091,0,0
North Dakota,Ransom,38,073,38073,7,5,2,0,0,0.71429,0.28571,0,0
North Dakota,Renville,38,075,38075,3,2,1,0,0,0.66667,0.33333,0,0
North Dakota,Richland,38,077,38077,37,32,5,0,0,0.86486,0.13514,0,0
North Dakota,Rolette,38,079,38079,7,6,1,0,0,0.85714,0.14286,0,0
North Dakota,Sargent,38,081,38081,8,7,0,0,1,0.875,0,0,0.125
North Dakota,Sheridan,38,083,38083,5,4,1,0,0,0.8,0.2,0,0
North Dakota,Sioux,38,085,38085,1,1,0,0,0,1,0,0,0
North Dakota,Slope,38,087,38087,0,0,0,0,0,0,0,0,0
North Dakota,Stark,38,089,38089,47,40,6,0,1,0.85106,0.12766,0,0.02128
North Dakota,Steele,38,091,38091,5,5,0,0,0,1,0,0,0
North Dakota,Stutsman,38,093,38093,38,33,4,0,1,0.86842,0.10526,0,0.02632
North Dakota,Towner,38,095,38095,2,2,0,0,0,1,0,0,0
North Dakota,Traill,38,097,38097,11,11,0,0,0,1,0,0,0
North Dakota,Walsh,38,099,38099,20,17,3,0,0,0.85,0.15,0,0
North Dakota,Ward,38,101,38101,119,82,30,4,3,0.68908,0.2521,0.03361,0.02521
North Dakota,Wells,38,103,38103,11,8,3,0,0,0.72727,0.27273,0,0
North Dakota,Williams,38,105,38105,34,26,8,0,0,0.76471,0.23529,0,0
Ohio,Adams,39,001,39001,21,18,2,1,0,0.85714,0.09524,0.04762,0
Ohio,Allen,39,003,39003,143,130,7,2,4,0.90909,0.04895,0.01399,0.02797
Ohio,Ashland,39,005,39005,61,53,6,0,2,0.86885,0.09836,0,0.03279
Ohio,Ashtabula,39,007,39007,156,138,14,0,4,0.88462,0.08974,0,0.02564
Ohio,Athens,39,009,39009,115,86,21,3,5,0.74783,0.18261,0.02609,0.04348
Ohio,Auglaize,39,011,39011,72,65,6,1,0,0.90278,0.08333,0.01389,0
Ohio,Belmont,39,013,39013,77,68,5,2,2,0.88312,0.06494,0.02597,0.02597
Ohio,Brown,39,015,39015,29,28,1,0,0,0.96552,0.03448,0,0
Ohio,Butler,39,017,39017,491,391,72,17,11,0.79633,0.14664,0.03462,0.0224
Ohio,Carroll,39,019,39019,39,36,3,0,0,0.92308,0.07692,0,0
Ohio,Champaign,39,021,39021,32,28,2,2,0,0.875,0.0625,0.0625,0
Ohio,Clark,39,023,39023,168,140,23,4,1,0.83333,0.1369,0.02381,0.00595
Ohio,Clermont,39,025,39025,232,184,38,6,4,0.7931,0.16379,0.02586,0.01724
Ohio,Clinton,39,027,39027,42,34,8,0,0,0.80952,0.19048,0,0
Ohio,Columbiana,39,029,39029,168,149,17,2,0,0.8869,0.10119,0.0119,0
Ohio,Coshocton,39,031,39031,37,28,6,2,1,0.75676,0.16216,0.05405,0.02703
Ohio,Crawford,39,033,39033,53,49,4,0,0,0.92453,0.07547,0,0
Ohio,Cuyahoga,39,035,39035,3047,2659,310,35,43,0.87266,0.10174,0.01149,0.01411
Ohio,Darke,39,037,39037,71,64,4,2,1,0.90141,0.05634,0.02817,0.01408
Ohio,Defiance,39,039,39039,63,59,4,0,0,0.93651,0.06349,0,0
Ohio,Delaware,39,041,39041,211,171,38,1,1,0.81043,0.18009,0.00474,0.00474
Ohio,Erie,39,043,39043,148,135,9,1,3,0.91216,0.06081,0.00676,0.02027
Ohio,Fairfield,39,045,39045,150,124,16,8,2,0.82667,0.10667,0.05333,0.01333
Ohio,Fayette,39,047,39047,9,6,2,1,0,0.66667,0.22222,0.11111,0
Ohio,Franklin,39,049,39049,1847,1395,369,44,39,0.75528,0.19978,0.02382,0.02112
Ohio,Fulton,39,051,39051,59,52,4,0,3,0.88136,0.0678,0,0.05085
Ohio,Gallia,39,053,39053,28,24,3,1,0,0.85714,0.10714,0.03571,0
Ohio,Geauga,39,055,39055,196,182,13,0,1,0.92857,0.06633,0,0.0051
Ohio,Greene,39,057,39057,245,166,63,10,6,0.67755,0.25714,0.04082,0.02449
Ohio,Guernsey,39,059,39059,40,35,3,0,2,0.875,0.075,0,0.05
Ohio,Hamilton,39,061,39061,1592,1152,260,110,70,0.72362,0.16332,0.0691,0.04397
Ohio,Hancock,39,063,39063,124,104,14,3,3,0.83871,0.1129,0.02419,0.02419
Ohio,Hardin,39,065,39065,42,38,3,0,1,0.90476,0.07143,0,0.02381
Ohio,Harrison,39,067,39067,10,9,0,1,0,0.9,0,0.1,0
Ohio,Henry,39,069,39069,45,37,7,0,1,0.82222,0.15556,0,0.02222
Ohio,Highland,39,071,39071,26,26,0,0,0,1,0,0,0
Ohio,Hocking,39,073,39073,21,18,3,0,0,0.85714,0.14286,0,0
Ohio,Holmes,39,075,39075,24,21,2,1,0,0.875,0.08333,0.04167,0
Ohio,Huron,39,077,39077,82,75,6,0,1,0.91463,0.07317,0,0.0122
Ohio,Jackson,39,079,39079,31,29,2,0,0,0.93548,0.06452,0,0
Ohio,Jefferson,39,081,39081,117,100,10,3,4,0.8547,0.08547,0.02564,0.03419
Ohio,Knox,39,083,39083,70,52,17,1,0,0.74286,0.24286,0.01429,0
Ohio,Lake,39,085,39085,603,540,50,5,8,0.89552,0.08292,0.00829,0.01327
Ohio,Lawrence,39,087,39087,71,65,3,1,1,0.91549,0.04225,0.01408,0.01408
Ohio,Licking,39,089,39089,170,137,21,9,3,0.80588,0.12353,0.05294,0.01765
Ohio,Logan,39,091,39091,50,44,6,0,0,0.88,0.12,0,0
Ohio,Lorain,39,093,39093,507,453,47,3,4,0.89349,0.0927,0.00592,0.00789
Ohio,Lucas,39,095,39095,830,747,71,2,10,0.9,0.08554,0.00241,0.01205
Ohio,Madison,39,097,39097,54,47,6,0,1,0.87037,0.11111,0,0.01852
Ohio,Mahoning,39,099,39099,428,376,41,5,6,0.8785,0.09579,0.01168,0.01402
Ohio,Marion,39,101,39101,71,62,6,2,1,0.87324,0.08451,0.02817,0.01408
Ohio,Medina,39,103,39103,323,300,18,4,1,0.92879,0.05573,0.01238,0.0031
Ohio,Meigs,39,105,39105,11,10,1,0,0,0.90909,0.09091,0,0
Ohio,Mercer,39,107,39107,67,61,3,0,3,0.91045,0.04478,0,0.04478
Ohio,Miami,39,109,39109,148,122,21,2,3,0.82432,0.14189,0.01351,0.02027
Ohio,Monroe,39,111,39111,7,7,0,0,0,1,0,0,0
Ohio,Montgomery,39,113,39113,954,721,156,36,41,0.75577,0.16352,0.03774,0.04298
Ohio,Morgan,39,115,39115,13,11,2,0,0,0.84615,0.15385,0,0
Ohio,Morrow,39,117,39117,28,24,4,0,0,0.85714,0.14286,0,0
Ohio,Muskingum,39,119,39119,106,92,13,0,1,0.86792,0.12264,0,0.00943
Ohio,Noble,39,121,39121,17,16,0,1,0,0.94118,0,0.05882,0
Ohio,Ottawa,39,123,39123,66,56,8,0,2,0.84848,0.12121,0,0.0303
Ohio,Paulding,39,125,39125,23,17,5,1,0,0.73913,0.21739,0.04348,0
Ohio,Perry,39,127,39127,23,20,3,0,0,0.86957,0.13043,0,0
Ohio,Pickaway,39,129,39129,38,32,4,1,1,0.84211,0.10526,0.02632,0.02632
Ohio,Pike,39,131,39131,19,17,2,0,0,0.89474,0.10526,0,0
Ohio,Portage,39,133,39133,273,233,32,4,4,0.85348,0.11722,0.01465,0.01465
Ohio,Preble,39,135,39135,31,23,5,0,3,0.74194,0.16129,0,0.09677
Ohio,Putnam,39,137,39137,48,46,2,0,0,0.95833,0.04167,0,0
Ohio,Richland,39,139,39139,195,169,18,4,4,0.86667,0.09231,0.02051,0.02051
Ohio,Ross,39,141,39141,86,76,8,0,2,0.88372,0.09302,0,0.02326
Ohio,Sandusky,39,143,39143,108,102,2,1,3,0.94444,0.01852,0.00926,0.02778
Ohio,Scioto,39,145,39145,101,94,5,0,2,0.93069,0.0495,0,0.0198
Ohio,Seneca,39,147,39147,95,85,10,0,0,0.89474,0.10526,0,0
Ohio,Shelby,39,149,39149,51,46,5,0,0,0.90196,0.09804,0,0
Ohio,Stark,39,151,39151,583,512,55,8,8,0.87822,0.09434,0.01372,0.01372
Ohio,Summit,39,153,39153,1088,938,119,18,13,0.86213,0.10938,0.01654,0.01195
Ohio,Trumbull,39,155,39155,368,337,18,9,4,0.91576,0.04891,0.02446,0.01087
Ohio,Tuscarawas,39,157,39157,124,106,9,1,8,0.85484,0.07258,0.00806,0.06452
Ohio,Union,39,159,39159,49,43,5,1,0,0.87755,0.10204,0.02041,0
Ohio,Van Wert,39,161,39161,38,36,2,0,0,0.94737,0.05263,0,0
Ohio,Vinton,39,163,39163,9,6,3,0,0,0.66667,0.33333,0,0
Ohio,Warren,39,165,39165,207,171,23,8,5,0.82609,0.11111,0.03865,0.02415
Ohio,Washington,39,167,39167,91,71,13,5,2,0.78022,0.14286,0.05495,0.02198
Ohio,Wayne,39,169,39169,171,149,15,3,4,0.87135,0.08772,0.01754,0.02339
Ohio,Williams,39,171,39171,52,47,4,1,0,0.90385,0.07692,0.01923,0
Ohio,Wood,39,173,39173,240,208,24,3,5,0.86667,0.1,0.0125,0.02083
Ohio,Wyandot,39,175,39175,29,28,1,0,0,0.96552,0.03448,0,0
Oklahoma,Adair,40,001,40001,6,3,1,2,0,0.5,0.16667,0.33333,0
Oklahoma,Alfalfa,40,003,40003,8,6,1,1,0,0.75,0.125,0.125,0
Oklahoma,Atoka,40,005,40005,2,1,0,1,0,0.5,0,0.5,0
Oklahoma,Beaver,40,007,40007,8,5,0,3,0,0.625,0,0.375,0
Oklahoma,Beckham,40,009,40009,21,12,1,6,2,0.57143,0.04762,0.28571,0.09524
Oklahoma,Blaine,40,011,40011,5,0,1,4,0,0,0.2,0.8,0
Oklahoma,Bryan,40,013,40013,26,6,2,17,1,0.23077,0.07692,0.65385,0.03846
Oklahoma,Caddo,40,015,40015,19,4,4,10,1,0.21053,0.21053,0.52632,0.05263
Oklahoma,Canadian,40,017,40017,78,20,6,51,1,0.25641,0.07692,0.65385,0.01282
Oklahoma,Carter,40,019,40019,38,10,3,22,3,0.26316,0.07895,0.57895,0.07895
Oklahoma,Cherokee,40,021,40021,33,22,5,5,1,0.66667,0.15152,0.15152,0.0303
Oklahoma,Choctaw,40,023,40023,6,0,1,3,2,0,0.16667,0.5,0.33333
Oklahoma,Cimarron,40,025,40025,5,1,1,3,0,0.2,0.2,0.6,0
Oklahoma,Cleveland,40,027,40027,276,72,29,167,8,0.26087,0.10507,0.60507,0.02899
Oklahoma,Coal,40,029,40029,1,1,0,0,0,1,0,0,0
Oklahoma,Comanche,40,031,40031,77,11,26,37,3,0.14286,0.33766,0.48052,0.03896
Oklahoma,Cotton,40,033,40033,6,0,0,5,1,0,0,0.83333,0.16667
Oklahoma,Craig,40,035,40035,19,14,3,1,1,0.73684,0.15789,0.05263,0.05263
Oklahoma,Creek,40,037,40037,52,36,11,4,1,0.69231,0.21154,0.07692,0.01923
Oklahoma,Custer,40,039,40039,17,3,2,12,0,0.17647,0.11765,0.70588,0
Oklahoma,Delaware,40,041,40041,13,6,5,2,0,0.46154,0.38462,0.15385,0
Oklahoma,Dewey,40,043,40043,2,2,0,0,0,1,0,0,0
Oklahoma,Ellis,40,045,40045,3,2,0,1,0,0.66667,0,0.33333,0
Oklahoma,Garfield,40,047,40047,45,17,4,21,3,0.37778,0.08889,0.46667,0.06667
Oklahoma,Garvin,40,049,40049,16,2,1,10,3,0.125,0.0625,0.625,0.1875
Oklahoma,Grady,40,051,40051,15,2,4,9,0,0.13333,0.26667,0.6,0
Oklahoma,Grant,40,053,40053,4,4,0,0,0,1,0,0,0
Oklahoma,Greer,40,055,40055,2,1,0,1,0,0.5,0,0.5,0
Oklahoma,Harmon,40,057,40057,3,0,0,3,0,0,0,1,0
Oklahoma,Harper,40,059,40059,7,1,1,5,0,0.14286,0.14286,0.71429,0
Oklahoma,Haskell,40,061,40061,7,4,0,2,1,0.57143,0,0.28571,0.14286
Oklahoma,Hughes,40,063,40063,7,4,0,2,1,0.57143,0,0.28571,0.14286
Oklahoma,Jackson,40,065,40065,18,7,7,3,1,0.38889,0.38889,0.16667,0.05556
Oklahoma,Jefferson,40,067,40067,4,0,0,4,0,0,0,1,0
Oklahoma,Johnston,40,069,40069,6,1,0,4,1,0.16667,0,0.66667,0.16667
Oklahoma,Kay,40,071,40071,59,27,8,24,0,0.45763,0.13559,0.40678,0
Oklahoma,Kingfisher,40,073,40073,12,4,1,7,0,0.33333,0.08333,0.58333,0
Oklahoma,Kiowa,40,075,40075,5,1,2,2,0,0.2,0.4,0.4,0
Oklahoma,Latimer,40,077,40077,9,6,3,0,0,0.66667,0.33333,0,0
Oklahoma,Le Flore,40,079,40079,19,6,6,5,2,0.31579,0.31579,0.26316,0.10526
Oklahoma,Lincoln,40,081,40081,24,9,4,9,2,0.375,0.16667,0.375,0.08333
Oklahoma,Logan,40,083,40083,20,7,4,9,0,0.35,0.2,0.45,0
Oklahoma,Love,40,085,40085,1,0,0,0,1,0,0,0,1
Oklahoma,McClain,40,087,40087,24,10,1,11,2,0.41667,0.04167,0.45833,0.08333
Oklahoma,McCurtain,40,089,40089,14,4,0,9,1,0.28571,0,0.64286,0.07143
Oklahoma,McIntosh,40,091,40091,10,9,0,1,0,0.9,0,0.1,0
Oklahoma,Major,40,093,40093,9,7,1,1,0,0.77778,0.11111,0.11111,0
Oklahoma,Marshall,40,095,40095,5,1,1,3,0,0.2,0.2,0.6,0
Oklahoma,Mayes,40,097,40097,20,17,1,2,0,0.85,0.05,0.1,0
Oklahoma,Murray,40,099,40099,5,0,0,5,0,0,0,1,0
Oklahoma,Muskogee,40,101,40101,59,34,15,10,0,0.57627,0.25424,0.16949,0
Oklahoma,Noble,40,103,40103,9,8,0,1,0,0.88889,0,0.11111,0
Oklahoma,Nowata,40,105,40105,7,3,0,3,1,0.42857,0,0.42857,0.14286
Oklahoma,Okfuskee,40,107,40107,7,5,1,1,0,0.71429,0.14286,0.14286,0
Oklahoma,Oklahoma,40,109,40109,621,121,100,378,22,0.19485,0.16103,0.6087,0.03543
Oklahoma,Okmulgee,40,111,40111,31,23,3,5,0,0.74194,0.09677,0.16129,0
Oklahoma,Osage,40,113,40113,129,50,7,68,4,0.3876,0.05426,0.52713,0.03101
Oklahoma,Ottawa,40,115,40115,28,14,2,10,2,0.5,0.07143,0.35714,0.07143
Oklahoma,Pawnee,40,117,40117,11,11,0,0,0,1,0,0,0
Oklahoma,Payne,40,119,40119,105,30,38,34,3,0.28571,0.3619,0.32381,0.02857
Oklahoma,Pittsburg,40,121,40121,27,11,6,9,1,0.40741,0.22222,0.33333,0.03704
Oklahoma,Pontotoc,40,123,40123,41,16,5,19,1,0.39024,0.12195,0.46341,0.02439
Oklahoma,Pottawatomie,40,125,40125,53,14,9,27,3,0.26415,0.16981,0.50943,0.0566
Oklahoma,Pushmataha,40,127,40127,3,2,0,1,0,0.66667,0,0.33333,0
Oklahoma,Roger Mills,40,129,40129,4,4,0,0,0,1,0,0,0
Oklahoma,Rogers,40,131,40131,50,32,11,6,1,0.64,0.22,0.12,0.02
Oklahoma,Seminole,40,133,40133,13,2,5,6,0,0.15385,0.38462,0.46154,0
Oklahoma,Sequoyah,40,135,40135,16,10,2,4,0,0.625,0.125,0.25,0
Oklahoma,Stephens,40,137,40137,39,7,8,23,1,0.17949,0.20513,0.58974,0.02564
Oklahoma,Texas,40,139,40139,17,1,1,14,1,0.05882,0.05882,0.82353,0.05882
Oklahoma,Tillman,40,141,40141,9,0,1,8,0,0,0.11111,0.88889,0
Oklahoma,Tulsa,40,143,40143,816,525,145,126,20,0.64338,0.1777,0.15441,0.02451
Oklahoma,Wagoner,40,145,40145,41,29,7,4,1,0.70732,0.17073,0.09756,0.02439
Oklahoma,Washington,40,147,40147,66,41,11,13,1,0.62121,0.16667,0.19697,0.01515
Oklahoma,Washita,40,149,40149,7,4,0,3,0,0.57143,0,0.42857,0
Oklahoma,Woods,40,151,40151,14,9,0,3,2,0.64286,0,0.21429,0.14286
Oklahoma,Woodward,40,153,40153,22,7,2,11,2,0.31818,0.09091,0.5,0.09091
Oregon,Baker,41,001,41001,10,7,1,1,1,0.7,0.1,0.1,0.1
Oregon,Benton,41,003,41003,188,117,59,6,6,0.62234,0.31383,0.03191,0.03191
Oregon,Clackamas,41,005,41005,482,340,119,16,7,0.70539,0.24689,0.0332,0.01452
Oregon,Clatsop,41,007,41007,31,17,12,2,0,0.54839,0.3871,0.06452,0
Oregon,Columbia,41,009,41009,44,32,10,1,1,0.72727,0.22727,0.02273,0.02273
Oregon,Coos,41,011,41011,60,38,19,3,0,0.63333,0.31667,0.05,0
Oregon,Crook,41,013,41013,16,12,4,0,0,0.75,0.25,0,0
Oregon,Curry,41,015,41015,17,10,6,0,1,0.58824,0.35294,0,0.05882
Oregon,Deschutes,41,017,41017,86,48,30,6,2,0.55814,0.34884,0.06977,0.02326
Oregon,Douglas,41,019,41019,95,53,31,8,3,0.55789,0.32632,0.08421,0.03158
Oregon,Gilliam,41,021,41021,4,4,0,0,0,1,0,0,0
Oregon,Grant,41,023,41023,6,4,1,1,0,0.66667,0.16667,0.16667,0
Oregon,Harney,41,025,41025,13,8,4,1,0,0.61538,0.30769,0.07692,0
Oregon,Hood River,41,027,41027,26,17,9,0,0,0.65385,0.34615,0,0
Oregon,Jackson,41,029,41029,128,37,78,4,9,0.28906,0.60938,0.03125,0.07031
Oregon,Jefferson,41,031,41031,6,3,2,1,0,0.5,0.33333,0.16667,0
Oregon,Josephine,41,033,41033,62,16,43,3,0,0.25806,0.69355,0.04839,0
Oregon,Klamath,41,035,41035,53,33,16,1,3,0.62264,0.30189,0.01887,0.0566
Oregon,Lake,41,037,41037,9,6,2,1,0,0.66667,0.22222,0.11111,0
Oregon,Lane,41,039,41039,389,210,153,13,13,0.53985,0.39332,0.03342,0.03342
Oregon,Lincoln,41,041,41041,44,30,11,0,3,0.68182,0.25,0,0.06818
Oregon,Linn,41,043,41043,149,108,38,1,2,0.72483,0.25503,0.00671,0.01342
Oregon,Malheur,41,045,41045,19,12,6,1,0,0.63158,0.31579,0.05263,0
Oregon,Marion,41,047,41047,312,209,81,12,10,0.66987,0.25962,0.03846,0.03205
Oregon,Morrow,41,049,41049,8,4,4,0,0,0.5,0.5,0,0
Oregon,Multnomah,41,051,41051,979,625,279,36,39,0.63841,0.28498,0.03677,0.03984
Oregon,Polk,41,053,41053,83,45,29,1,8,0.54217,0.3494,0.01205,0.09639
Oregon,Sherman,41,055,41055,6,6,0,0,0,1,0,0,0
Oregon,Tillamook,41,057,41057,22,16,3,1,2,0.72727,0.13636,0.04545,0.09091
Oregon,Umatilla,41,059,41059,131,99,23,6,3,0.75573,0.17557,0.0458,0.0229
Oregon,Union,41,061,41061,23,15,4,2,2,0.65217,0.17391,0.08696,0.08696
Oregon,Wallowa,41,063,41063,3,3,0,0,0,1,0,0,0
Oregon,Wasco,41,065,41065,30,24,6,0,0,0.8,0.2,0,0
Oregon,Washington,41,067,41067,738,415,277,29,17,0.56233,0.37534,0.0393,0.02304
Oregon,Wheeler,41,069,41069,2,1,0,0,1,0.5,0,0,0.5
Oregon,Yamhill,41,071,41071,114,68,38,6,2,0.59649,0.33333,0.05263,0.01754
Pennsylvania,Adams,42,001,42001,67,6,57,3,1,0.08955,0.85075,0.04478,0.01493
Pennsylvania,Allegheny,42,003,42003,3847,3339,408,40,60,0.86795,0.10606,0.0104,0.0156
Pennsylvania,Armstrong,42,005,42005,119,111,7,1,0,0.93277,0.05882,0.0084,0
Pennsylvania,Beaver,42,007,42007,451,407,29,5,10,0.90244,0.0643,0.01109,0.02217
Pennsylvania,Bedford,42,009,42009,54,22,25,3,4,0.40741,0.46296,0.05556,0.07407
Pennsylvania,Berks,42,011,42011,405,11,377,13,4,0.02716,0.93086,0.0321,0.00988
Pennsylvania,Blair,42,013,42013,193,122,61,1,9,0.63212,0.31606,0.00518,0.04663
Pennsylvania,Bradford,42,015,42015,69,10,56,2,1,0.14493,0.81159,0.02899,0.01449
Pennsylvania,Bucks,42,017,42017,758,7,727,15,9,0.00923,0.9591,0.01979,0.01187
Pennsylvania,Butler,42,019,42019,451,403,40,4,4,0.89357,0.08869,0.00887,0.00887
Pennsylvania,Cambria,42,021,42021,223,91,124,4,4,0.40807,0.55605,0.01794,0.01794
Pennsylvania,Cameron,42,023,42023,17,16,1,0,0,0.94118,0.05882,0,0
Pennsylvania,Carbon,42,025,42025,41,0,40,1,0,0,0.97561,0.02439,0
Pennsylvania,Centre,42,027,42027,317,60,242,7,8,0.18927,0.76341,0.02208,0.02524
Pennsylvania,Chester,42,029,42029,631,8,611,11,1,0.01268,0.9683,0.01743,0.00158
Pennsylvania,Clarion,42,031,42031,95,81,12,0,2,0.85263,0.12632,0,0.02105
Pennsylvania,Clearfield,42,033,42033,127,106,20,1,0,0.83465,0.15748,0.00787,0
Pennsylvania,Clinton,42,035,42035,31,4,26,0,1,0.12903,0.83871,0,0.03226
Pennsylvania,Columbia,42,037,42037,67,1,63,2,1,0.01493,0.9403,0.02985,0.01493
Pennsylvania,Crawford,42,039,42039,251,168,80,2,1,0.66932,0.31873,0.00797,0.00398
Pennsylvania,Cumberland,42,041,42041,321,19,284,11,7,0.05919,0.88474,0.03427,0.02181
Pennsylvania,Dauphin,42,043,42043,328,15,293,14,6,0.04573,0.89329,0.04268,0.01829
Pennsylvania,Delaware,42,045,42045,689,9,662,12,6,0.01306,0.96081,0.01742,0.00871
Pennsylvania,Elk,42,047,42047,98,88,8,0,2,0.89796,0.08163,0,0.02041
Pennsylvania,Erie,42,049,42049,944,837,92,6,9,0.88665,0.09746,0.00636,0.00953
Pennsylvania,Fayette,42,051,42051,188,169,14,2,3,0.89894,0.07447,0.01064,0.01596
Pennsylvania,Forest,42,053,42053,9,9,0,0,0,1,0,0,0
Pennsylvania,Franklin,42,055,42055,99,17,75,3,4,0.17172,0.75758,0.0303,0.0404
Pennsylvania,Fulton,42,057,42057,7,3,4,0,0,0.42857,0.57143,0,0
Pennsylvania,Greene,42,059,42059,59,54,5,0,0,0.91525,0.08475,0,0
Pennsylvania,Huntingdon,42,061,42061,35,10,23,1,1,0.28571,0.65714,0.02857,0.02857
Pennsylvania,Indiana,42,063,42063,227,188,36,0,3,0.82819,0.15859,0,0.01322
Pennsylvania,Jefferson,42,065,42065,101,87,12,1,1,0.86139,0.11881,0.0099,0.0099
Pennsylvania,Juniata,42,067,42067,21,2,18,0,1,0.09524,0.85714,0,0.04762
Pennsylvania,Lackawanna,42,069,42069,240,2,229,5,4,0.00833,0.95417,0.02083,0.01667
Pennsylvania,Lancaster,42,071,42071,486,9,447,16,14,0.01852,0.91975,0.03292,0.02881
Pennsylvania,Lawrence,42,073,42073,192,184,8,0,0,0.95833,0.04167,0,0
Pennsylvania,Lebanon,42,075,42075,123,2,115,3,3,0.01626,0.93496,0.02439,0.02439
Pennsylvania,Lehigh,42,077,42077,321,6,302,5,8,0.01869,0.94081,0.01558,0.02492
Pennsylvania,Luzerne,42,079,42079,332,24,293,12,3,0.07229,0.88253,0.03614,0.00904
Pennsylvania,Lycoming,42,081,42081,146,13,119,3,11,0.08904,0.81507,0.02055,0.07534
Pennsylvania,McKean,42,083,42083,109,96,10,2,1,0.88073,0.09174,0.01835,0.00917
Pennsylvania,Mercer,42,085,42085,276,255,18,1,2,0.92391,0.06522,0.00362,0.00725
Pennsylvania,Mifflin,42,087,42087,28,6,20,1,1,0.21429,0.71429,0.03571,0.03571
Pennsylvania,Monroe,42,089,42089,105,6,90,5,4,0.05714,0.85714,0.04762,0.0381
Pennsylvania,Montgomery,42,091,42091,1136,14,1084,25,13,0.01232,0.95423,0.02201,0.01144
Pennsylvania,Montour,42,093,42093,26,4,21,0,1,0.15385,0.80769,0,0.03846
Pennsylvania,Northampton,42,095,42095,364,4,349,6,5,0.01099,0.95879,0.01648,0.01374
Pennsylvania,Northumberland,42,097,42097,90,0,88,1,1,0,0.97778,0.01111,0.01111
Pennsylvania,Perry,42,099,42099,46,2,43,0,1,0.04348,0.93478,0,0.02174
Pennsylvania,Philadelphia,42,101,42101,1052,19,987,24,22,0.01806,0.93821,0.02281,0.02091
Pennsylvania,Pike,42,103,42103,39,1,37,1,0,0.02564,0.94872,0.02564,0
Pennsylvania,Potter,42,105,42105,39,25,12,1,1,0.64103,0.30769,0.02564,0.02564
Pennsylvania,Schuylkill,42,107,42107,135,2,131,2,0,0.01481,0.97037,0.01481,0
Pennsylvania,Snyder,42,109,42109,44,0,44,0,0,0,1,0,0
Pennsylvania,Somerset,42,111,42111,117,36,76,1,4,0.30769,0.64957,0.00855,0.03419
Pennsylvania,Sullivan,42,113,42113,9,4,5,0,0,0.44444,0.55556,0,0
Pennsylvania,Susquehanna,42,115,42115,53,0,48,0,5,0,0.90566,0,0.09434
Pennsylvania,Tioga,42,117,42117,37,7,29,0,1,0.18919,0.78378,0,0.02703
Pennsylvania,Union,42,119,42119,40,0,40,0,0,0,1,0,0
Pennsylvania,Venango,42,121,42121,98,89,6,1,2,0.90816,0.06122,0.0102,0.02041
Pennsylvania,Warren,42,123,42123,91,82,9,0,0,0.9011,0.0989,0,0
Pennsylvania,Washington,42,125,42125,458,422,26,7,3,0.9214,0.05677,0.01528,0.00655
Pennsylvania,Wayne,42,127,42127,35,0,33,1,1,0,0.94286,0.02857,0.02857
Pennsylvania,Westmoreland,42,129,42129,1008,935,63,3,7,0.92758,0.0625,0.00298,0.00694
Pennsylvania,Wyoming,42,131,42131,24,1,21,1,1,0.04167,0.875,0.04167,0.04167
Pennsylvania,York,42,133,42133,384,19,345,14,6,0.04948,0.89844,0.03646,0.01562
Rhode Island,Bristol,44,001,44001,67,0,66,0,1,0,0.98507,0,0.01493
Rhode Island,Kent,44,003,44003,154,1,150,2,1,0.00649,0.97403,0.01299,0.00649
Rhode Island,Newport,44,005,44005,120,1,119,0,0,0.00833,0.99167,0,0
Rhode Island,Providence,44,007,44007,411,9,381,12,9,0.0219,0.92701,0.0292,0.0219
Rhode Island,Washington,44,009,44009,95,2,91,0,2,0.02105,0.95789,0,0.02105
South Carolina,Abbeville,45,001,45001,11,0,3,5,3,0,0.27273,0.45455,0.27273
South Carolina,Aiken,45,003,45003,76,1,14,52,9,0.01316,0.18421,0.68421,0.11842
South Carolina,Allendale,45,005,45005,2,0,0,2,0,0,0,1,0
South Carolina,Anderson,45,007,45007,61,1,14,41,5,0.01639,0.22951,0.67213,0.08197
South Carolina,Bamberg,45,009,45009,8,0,1,4,3,0,0.125,0.5,0.375
South Carolina,Barnwell,45,011,45011,6,0,1,5,0,0,0.16667,0.83333,0
South Carolina,Beaufort,45,013,45013,50,1,22,24,3,0.02,0.44,0.48,0.06
South Carolina,Berkeley,45,015,45015,37,4,18,14,1,0.10811,0.48649,0.37838,0.02703
South Carolina,Calhoun,45,017,45017,4,0,0,4,0,0,0,1,0
South Carolina,Charleston,45,019,45019,228,9,82,120,17,0.03947,0.35965,0.52632,0.07456
South Carolina,Cherokee,45,021,45021,21,0,3,15,3,0,0.14286,0.71429,0.14286
South Carolina,Chester,45,023,45023,9,0,3,4,2,0,0.33333,0.44444,0.22222
South Carolina,Chesterfield,45,025,45025,11,0,3,5,3,0,0.27273,0.45455,0.27273
South Carolina,Clarendon,45,027,45027,4,0,2,2,0,0,0.5,0.5,0
South Carolina,Colleton,45,029,45029,6,0,1,3,2,0,0.16667,0.5,0.33333
South Carolina,Darlington,45,031,45031,28,1,7,16,4,0.03571,0.25,0.57143,0.14286
South Carolina,Dillon,45,033,45033,12,0,4,7,1,0,0.33333,0.58333,0.08333
South Carolina,Dorchester,45,035,45035,58,4,24,29,1,0.06897,0.41379,0.5,0.01724
South Carolina,Edgefield,45,037,45037,4,0,0,3,1,0,0,0.75,0.25
South Carolina,Fairfield,45,039,45039,2,0,0,2,0,0,0,1,0
South Carolina,Florence,45,041,45041,62,2,18,33,9,0.03226,0.29032,0.53226,0.14516
South Carolina,Georgetown,45,043,45043,19,0,9,9,1,0,0.47368,0.47368,0.05263
South Carolina,Greenville,45,045,45045,290,8,60,193,29,0.02759,0.2069,0.66552,0.1
South Carolina,Greenwood,45,047,45047,25,1,6,15,3,0.04,0.24,0.6,0.12
South Carolina,Hampton,45,049,45049,0,0,0,0,0,0,0,0,0
South Carolina,Horry,45,051,45051,78,1,24,41,12,0.01282,0.30769,0.52564,0.15385
South Carolina,Jasper,45,053,45053,3,0,2,0,1,0,0.66667,0,0.33333
South Carolina,Kershaw,45,055,45055,18,0,10,6,2,0,0.55556,0.33333,0.11111
South Carolina,Lancaster,45,057,45057,18,1,7,6,4,0.05556,0.38889,0.33333,0.22222
South Carolina,Laurens,45,059,45059,13,0,3,6,4,0,0.23077,0.46154,0.30769
South Carolina,Lee,45,061,45061,2,0,0,2,0,0,0,1,0
South Carolina,Lexington,45,063,45063,132,3,42,75,12,0.02273,0.31818,0.56818,0.09091
South Carolina,McCormick,45,065,45065,1,0,1,0,0,0,1,0,0
South Carolina,Marion,45,067,45067,8,0,4,2,2,0,0.5,0.25,0.25
South Carolina,Marlboro,45,069,45069,9,0,3,3,3,0,0.33333,0.33333,0.33333
South Carolina,Newberry,45,071,45071,13,1,2,10,0,0.07692,0.15385,0.76923,0
South Carolina,Oconee,45,073,45073,33,0,2,29,2,0,0.06061,0.87879,0.06061
South Carolina,Orangeburg,45,075,45075,20,0,4,14,2,0,0.2,0.7,0.1
South Carolina,Pickens,45,077,45077,75,4,18,44,9,0.05333,0.24,0.58667,0.12
South Carolina,Richland,45,079,45079,200,6,45,133,16,0.03,0.225,0.665,0.08
South Carolina,Saluda,45,081,45081,1,0,0,1,0,0,0,1,0
South Carolina,Spartanburg,45,083,45083,124,4,28,74,18,0.03226,0.22581,0.59677,0.14516
South Carolina,Sumter,45,085,45085,36,1,13,18,4,0.02778,0.36111,0.5,0.11111
South Carolina,Union,45,087,45087,9,0,2,5,2,0,0.22222,0.55556,0.22222
South Carolina,Williamsburg,45,089,45089,8,0,5,2,1,0,0.625,0.25,0.125
South Carolina,York,45,091,45091,95,0,34,51,10,0,0.35789,0.53684,0.10526
South Dakota,Aurora,46,003,46003,2,0,2,0,0,0,1,0,0
South Dakota,Beadle,46,005,46005,29,24,5,0,0,0.82759,0.17241,0,0
South Dakota,Bennett,46,007,46007,1,1,0,0,0,1,0,0,0
South Dakota,Bon Homme,46,009,46009,6,4,2,0,0,0.66667,0.33333,0,0
South Dakota,Brookings,46,011,46011,83,66,13,2,2,0.79518,0.15663,0.0241,0.0241
South Dakota,Brown,46,013,46013,48,38,7,0,3,0.79167,0.14583,0,0.0625
South Dakota,Brule,46,015,46015,7,5,1,0,1,0.71429,0.14286,0,0.14286
South Dakota,Buffalo,46,017,46017,1,1,0,0,0,1,0,0,0
South Dakota,Butte,46,019,46019,8,7,1,0,0,0.875,0.125,0,0
South Dakota,Campbell,46,021,46021,1,0,1,0,0,0,1,0,0
South Dakota,Charles Mix,46,023,46023,7,7,0,0,0,1,0,0,0
South Dakota,Clark,46,025,46025,3,3,0,0,0,1,0,0,0
South Dakota,Clay,46,027,46027,28,18,10,0,0,0.64286,0.35714,0,0
South Dakota,Codington,46,029,46029,60,32,27,1,0,0.53333,0.45,0.01667,0
South Dakota,Corson,46,031,46031,7,7,0,0,0,1,0,0,0
South Dakota,Custer,46,033,46033,7,4,2,0,1,0.57143,0.28571,0,0.14286
South Dakota,Davison,46,035,46035,29,26,2,1,0,0.89655,0.06897,0.03448,0
South Dakota,Day,46,037,46037,10,10,0,0,0,1,0,0,0
South Dakota,Deuel,46,039,46039,3,1,2,0,0,0.33333,0.66667,0,0
South Dakota,Dewey,46,041,46041,12,11,1,0,0,0.91667,0.08333,0,0
South Dakota,Douglas,46,043,46043,2,2,0,0,0,1,0,0,0
South Dakota,Edmunds,46,045,46045,7,5,2,0,0,0.71429,0.28571,0,0
South Dakota,Fall River,46,047,46047,10,8,2,0,0,0.8,0.2,0,0
South Dakota,Faulk,46,049,46049,6,6,0,0,0,1,0,0,0
South Dakota,Grant,46,051,46051,15,13,2,0,0,0.86667,0.13333,0,0
South Dakota,Gregory,46,053,46053,10,9,1,0,0,0.9,0.1,0,0
South Dakota,Haakon,46,055,46055,3,3,0,0,0,1,0,0,0
South Dakota,Hamlin,46,057,46057,16,14,2,0,0,0.875,0.125,0,0
South Dakota,Hand,46,059,46059,6,5,1,0,0,0.83333,0.16667,0,0
South Dakota,Hanson,46,061,46061,3,2,1,0,0,0.66667,0.33333,0,0
South Dakota,Harding,46,063,46063,2,1,1,0,0,0.5,0.5,0,0
South Dakota,Hughes,46,065,46065,31,27,2,1,1,0.87097,0.06452,0.03226,0.03226
South Dakota,Hutchinson,46,067,46067,8,8,0,0,0,1,0,0,0
South Dakota,Hyde,46,069,46069,4,3,1,0,0,0.75,0.25,0,0
South Dakota,Jackson,46,071,46071,6,5,1,0,0,0.83333,0.16667,0,0
South Dakota,Jerauld,46,073,46073,4,3,1,0,0,0.75,0.25,0,0
South Dakota,Jones,46,075,46075,2,2,0,0,0,1,0,0,0
South Dakota,Kingsbury,46,077,46077,17,14,3,0,0,0.82353,0.17647,0,0
South Dakota,Lake,46,079,46079,28,23,5,0,0,0.82143,0.17857,0,0
South Dakota,Lawrence,46,081,46081,42,38,4,0,0,0.90476,0.09524,0,0
South Dakota,Lincoln,46,083,46083,39,30,8,0,1,0.76923,0.20513,0,0.02564
South Dakota,Lyman,46,085,46085,4,4,0,0,0,1,0,0,0
South Dakota,McCook,46,087,46087,14,13,0,1,0,0.92857,0,0.07143,0
South Dakota,McPherson,46,089,46089,10,9,0,1,0,0.9,0,0.1,0
South Dakota,Marshall,46,091,46091,6,6,0,0,0,1,0,0,0
South Dakota,Meade,46,093,46093,21,17,4,0,0,0.80952,0.19048,0,0
South Dakota,Mellette,46,095,46095,2,2,0,0,0,1,0,0,0
South Dakota,Miner,46,097,46097,6,4,2,0,0,0.66667,0.33333,0,0
South Dakota,Minnehaha,46,099,46099,329,256,65,6,2,0.77812,0.19757,0.01824,0.00608
South Dakota,Moody,46,101,46101,15,13,1,0,1,0.86667,0.06667,0,0.06667
South Dakota,Pennington,46,103,46103,143,96,34,6,7,0.67133,0.23776,0.04196,0.04895
South Dakota,Perkins,46,105,46105,2,2,0,0,0,1,0,0,0
South Dakota,Potter,46,107,46107,1,1,0,0,0,1,0,0,0
South Dakota,Roberts,46,109,46109,12,11,0,0,1,0.91667,0,0,0.08333
South Dakota,Sanborn,46,111,46111,5,4,1,0,0,0.8,0.2,0,0
South Dakota,Shannon,46,113,46113,3,2,1,0,0,0.66667,0.33333,0,0
South Dakota,Spink,46,115,46115,9,9,0,0,0,1,0,0,0
South Dakota,Stanley,46,117,46117,9,8,1,0,0,0.88889,0.11111,0,0
South Dakota,Sully,46,119,46119,2,2,0,0,0,1,0,0,0
South Dakota,Todd,46,121,46121,1,1,0,0,0,1,0,0,0
South Dakota,Tripp,46,123,46123,25,22,2,0,1,0.88,0.08,0,0.04
South Dakota,Turner,46,125,46125,9,8,1,0,0,0.88889,0.11111,0,0
South Dakota,Union,46,127,46127,18,14,4,0,0,0.77778,0.22222,0,0
South Dakota,Walworth,46,129,46129,7,6,1,0,0,0.85714,0.14286,0,0
South Dakota,Yankton,46,135,46135,33,28,3,0,2,0.84848,0.09091,0,0.06061
South Dakota,Ziebach,46,137,46137,4,4,0,0,0,1,0,0,0
Tennessee,Anderson,47,001,47001,77,6,15,54,2,0.07792,0.19481,0.7013,0.02597
Tennessee,Bedford,47,003,47003,13,0,0,13,0,0,0,1,0
Tennessee,Benton,47,005,47005,15,2,2,11,0,0.13333,0.13333,0.73333,0
Tennessee,Bledsoe,47,007,47007,5,1,0,4,0,0.2,0,0.8,0
Tennessee,Blount,47,009,47009,90,2,10,70,8,0.02222,0.11111,0.77778,0.08889
Tennessee,Bradley,47,011,47011,60,2,7,48,3,0.03333,0.11667,0.8,0.05
Tennessee,Campbell,47,013,47013,19,8,1,7,3,0.42105,0.05263,0.36842,0.15789
Tennessee,Cannon,47,015,47015,4,0,0,3,1,0,0,0.75,0.25
Tennessee,Carroll,47,017,47017,11,0,0,10,1,0,0,0.90909,0.09091
Tennessee,Carter,47,019,47019,17,10,3,3,1,0.58824,0.17647,0.17647,0.05882
Tennessee,Cheatham,47,021,47021,24,2,7,13,2,0.08333,0.29167,0.54167,0.08333
Tennessee,Chester,47,023,47023,5,0,0,5,0,0,0,1,0
Tennessee,Claiborne,47,025,47025,7,4,2,1,0,0.57143,0.28571,0.14286,0
Tennessee,Clay,47,027,47027,2,0,1,1,0,0,0.5,0.5,0
Tennessee,Cocke,47,029,47029,9,1,0,6,2,0.11111,0,0.66667,0.22222
Tennessee,Coffee,47,031,47031,50,0,2,47,1,0,0.04,0.94,0.02
Tennessee,Crockett,47,033,47033,4,0,0,4,0,0,0,1,0
Tennessee,Cumberland,47,035,47035,21,2,1,18,0,0.09524,0.04762,0.85714,0
Tennessee,Davidson,47,037,47037,532,17,76,389,50,0.03195,0.14286,0.7312,0.09398
Tennessee,Decatur,47,039,47039,1,0,0,1,0,0,0,1,0
Tennessee,Dekalb,47,041,47041,9,0,0,7,2,0,0,0.77778,0.22222
Tennessee,Dickson,47,043,47043,17,2,1,13,1,0.11765,0.05882,0.76471,0.05882
Tennessee,Dyer,47,045,47045,20,0,3,16,1,0,0.15,0.8,0.05
Tennessee,Fayette,47,047,47047,13,0,5,8,0,0,0.38462,0.61538,0
Tennessee,Fentress,47,049,47049,9,2,1,6,0,0.22222,0.11111,0.66667,0
Tennessee,Franklin,47,051,47051,23,0,2,21,0,0,0.08696,0.91304,0
Tennessee,Gibson,47,053,47053,17,0,3,12,2,0,0.17647,0.70588,0.11765
Tennessee,Giles,47,055,47055,17,0,2,13,2,0,0.11765,0.76471,0.11765
Tennessee,Grainger,47,057,47057,3,0,0,2,1,0,0,0.66667,0.33333
Tennessee,Greene,47,059,47059,19,0,5,12,2,0,0.26316,0.63158,0.10526
Tennessee,Grundy,47,061,47061,1,0,0,0,1,0,0,0,1
Tennessee,Hamblen,47,063,47063,20,1,0,19,0,0.05,0,0.95,0
Tennessee,Hamilton,47,065,47065,326,4,21,281,20,0.01227,0.06442,0.86196,0.06135
Tennessee,Hancock,47,067,47067,1,0,0,1,0,0,0,1,0
Tennessee,Hardeman,47,069,47069,11,0,2,8,1,0,0.18182,0.72727,0.09091
Tennessee,Hardin,47,071,47071,5,0,0,5,0,0,0,1,0
Tennessee,Hawkins,47,073,47073,10,0,0,9,1,0,0,0.9,0.1
Tennessee,Haywood,47,075,47075,5,0,0,5,0,0,0,1,0
Tennessee,Henderson,47,077,47077,13,1,1,11,0,0.07692,0.07692,0.84615,0
Tennessee,Henry,47,079,47079,10,0,1,8,1,0,0.1,0.8,0.1
Tennessee,Hickman,47,081,47081,7,0,1,6,0,0,0.14286,0.85714,0
Tennessee,Houston,47,083,47083,6,0,1,5,0,0,0.16667,0.83333,0
Tennessee,Humphreys,47,085,47085,9,0,0,9,0,0,0,1,0
Tennessee,Jackson,47,087,47087,6,2,0,3,1,0.33333,0,0.5,0.16667
Tennessee,Jefferson,47,089,47089,20,2,1,14,3,0.1,0.05,0.7,0.15
Tennessee,Johnson,47,091,47091,3,2,0,0,1,0.66667,0,0,0.33333
Tennessee,Knox,47,093,47093,448,13,64,346,25,0.02902,0.14286,0.77232,0.0558
Tennessee,Lake,47,095,47095,1,1,0,0,0,1,0,0,0
Tennessee,Lauderdale,47,097,47097,4,0,0,3,1,0,0,0.75,0.25
Tennessee,Lawrence,47,099,47099,16,0,1,14,1,0,0.0625,0.875,0.0625
Tennessee,Lewis,47,101,47101,3,0,0,3,0,0,0,1,0
Tennessee,Lincoln,47,103,47103,26,0,0,24,2,0,0,0.92308,0.07692
Tennessee,Loudon,47,105,47105,24,0,1,20,3,0,0.04167,0.83333,0.125
Tennessee,McMinn,47,107,47107,19,1,0,18,0,0.05263,0,0.94737,0
Tennessee,McNairy,47,109,47109,12,3,0,9,0,0.25,0,0.75,0
Tennessee,Macon,47,111,47111,6,2,1,3,0,0.33333,0.16667,0.5,0
Tennessee,Madison,47,113,47113,49,3,5,40,1,0.06122,0.10204,0.81633,0.02041
Tennessee,Marion,47,115,47115,14,0,0,14,0,0,0,1,0
Tennessee,Marshall,47,117,47117,15,0,0,14,1,0,0,0.93333,0.06667
Tennessee,Maury,47,119,47119,48,4,1,40,3,0.08333,0.02083,0.83333,0.0625
Tennessee,Meigs,47,121,47121,3,0,1,2,0,0,0.33333,0.66667,0
Tennessee,Monroe,47,123,47123,15,0,2,12,1,0,0.13333,0.8,0.06667
Tennessee,Montgomery,47,125,47125,64,2,13,48,1,0.03125,0.20312,0.75,0.01562
Tennessee,Moore,47,127,47127,1,0,0,1,0,0,0,1,0
Tennessee,Morgan,47,129,47129,10,1,2,6,1,0.1,0.2,0.6,0.1
Tennessee,Obion,47,131,47131,20,0,2,17,1,0,0.1,0.85,0.05
Tennessee,Overton,47,133,47133,5,1,0,4,0,0.2,0,0.8,0
Tennessee,Perry,47,135,47135,0,0,0,0,0,0,0,0,0
Tennessee,Pickett,47,137,47137,2,1,0,1,0,0.5,0,0.5,0
Tennessee,Polk,47,139,47139,6,0,0,6,0,0,0,1,0
Tennessee,Putnam,47,141,47141,30,0,4,25,1,0,0.13333,0.83333,0.03333
Tennessee,Rhea,47,143,47143,19,1,1,16,1,0.05263,0.05263,0.84211,0.05263
Tennessee,Roane,47,145,47145,33,0,2,31,0,0,0.06061,0.93939,0
Tennessee,Robertson,47,147,47147,35,2,2,27,4,0.05714,0.05714,0.77143,0.11429
Tennessee,Rutherford,47,149,47149,150,2,32,109,7,0.01333,0.21333,0.72667,0.04667
Tennessee,Scott,47,151,47151,7,7,0,0,0,1,0,0,0
Tennessee,Sequatchie,47,153,47153,4,0,0,4,0,0,0,1,0
Tennessee,Sevier,47,155,47155,39,2,3,32,2,0.05128,0.07692,0.82051,0.05128
Tennessee,Shelby,47,157,47157,787,14,77,647,49,0.01779,0.09784,0.82211,0.06226
Tennessee,Smith,47,159,47159,8,0,0,7,1,0,0,0.875,0.125
Tennessee,Stewart,47,161,47161,8,0,0,8,0,0,0,1,0
Tennessee,Sullivan,47,163,47163,128,9,17,85,17,0.07031,0.13281,0.66406,0.13281
Tennessee,Sumner,47,165,47165,115,6,9,94,6,0.05217,0.07826,0.81739,0.05217
Tennessee,Tipton,47,167,47167,24,1,3,20,0,0.04167,0.125,0.83333,0
Tennessee,Trousdale,47,169,47169,1,0,0,1,0,0,0,1,0
Tennessee,Unicoi,47,171,47171,5,0,2,2,1,0,0.4,0.4,0.2
Tennessee,Union,47,173,47173,6,0,1,5,0,0,0.16667,0.83333,0
Tennessee,Van Buren,47,175,47175,2,0,0,1,1,0,0,0.5,0.5
Tennessee,Warren,47,177,47177,11,0,3,8,0,0,0.27273,0.72727,0
Tennessee,Washington,47,179,47179,63,5,15,37,6,0.07937,0.2381,0.5873,0.09524
Tennessee,Wayne,47,181,47181,4,0,0,4,0,0,0,1,0
Tennessee,Weakley,47,183,47183,19,1,1,16,1,0.05263,0.05263,0.84211,0.05263
Tennessee,White,47,185,47185,9,0,0,6,3,0,0,0.66667,0.33333
Tennessee,Williamson,47,187,47187,169,7,29,132,1,0.04142,0.1716,0.78107,0.00592
Tennessee,Wilson,47,189,47189,53,0,5,46,2,0,0.09434,0.86792,0.03774
Texas,Anderson,48,001,48001,19,0,2,15,2,0,0.10526,0.78947,0.10526
Texas,Andrews,48,003,48003,9,1,2,6,0,0.11111,0.22222,0.66667,0
Texas,Angelina,48,005,48005,41,0,7,33,1,0,0.17073,0.80488,0.02439
Texas,Aransas,48,007,48007,13,0,2,11,0,0,0.15385,0.84615,0
Texas,Archer,48,009,48009,6,0,0,6,0,0,0,1,0
Texas,Armstrong,48,011,48011,1,0,0,1,0,0,0,1,0
Texas,Atascosa,48,013,48013,23,0,10,10,3,0,0.43478,0.43478,0.13043
Texas,Austin,48,015,48015,19,0,3,15,1,0,0.15789,0.78947,0.05263
Texas,Bailey,48,017,48017,2,0,0,2,0,0,0,1,0
Texas,Bandera,48,019,48019,9,0,4,5,0,0,0.44444,0.55556,0
Texas,Bastrop,48,021,48021,27,1,7,17,2,0.03704,0.25926,0.62963,0.07407
Texas,Baylor,48,023,48023,7,0,0,6,1,0,0,0.85714,0.14286
Texas,Bee,48,025,48025,13,0,5,7,1,0,0.38462,0.53846,0.07692
Texas,Bell,48,027,48027,164,6,58,85,15,0.03659,0.35366,0.51829,0.09146
Texas,Bexar,48,029,48029,925,14,392,455,64,0.01514,0.42378,0.49189,0.06919
Texas,Blanco,48,031,48031,5,0,0,1,4,0,0,0.2,0.8
Texas,Borden,48,033,48033,3,0,0,1,2,0,0,0.33333,0.66667
Texas,Bosque,48,035,48035,7,0,0,7,0,0,0,1,0
Texas,Bowie,48,037,48037,54,1,7,44,2,0.01852,0.12963,0.81481,0.03704
Texas,Brazoria,48,039,48039,243,3,26,207,7,0.01235,0.107,0.85185,0.02881
Texas,Brazos,48,041,48041,183,1,39,136,7,0.00546,0.21311,0.74317,0.03825
Texas,Brewster,48,043,48043,10,0,2,7,1,0,0.2,0.7,0.1
Texas,Briscoe,48,045,48045,4,0,0,4,0,0,0,1,0
Texas,Brooks,48,047,48047,2,0,0,2,0,0,0,1,0
Texas,Brown,48,049,48049,21,0,0,21,0,0,0,1,0
Texas,Burleson,48,051,48051,8,0,1,6,1,0,0.125,0.75,0.125
Texas,Burnet,48,053,48053,8,0,1,7,0,0,0.125,0.875,0
Texas,Caldwell,48,055,48055,10,1,2,7,0,0.1,0.2,0.7,0
Texas,Calhoun,48,057,48057,8,1,1,6,0,0.125,0.125,0.75,0
Texas,Callahan,48,059,48059,8,0,1,7,0,0,0.125,0.875,0
Texas,Cameron,48,061,48061,94,1,10,80,3,0.01064,0.10638,0.85106,0.03191
Texas,Camp,48,063,48063,9,1,0,8,0,0.11111,0,0.88889,0
Texas,Carson,48,065,48065,11,0,1,10,0,0,0.09091,0.90909,0
Texas,Cass,48,067,48067,25,1,2,22,0,0.04,0.08,0.88,0
Texas,Castro,48,069,48069,5,0,0,5,0,0,0,1,0
Texas,Chambers,48,071,48071,16,0,1,15,0,0,0.0625,0.9375,0
Texas,Cherokee,48,073,48073,21,1,0,17,3,0.04762,0,0.80952,0.14286
Texas,Childress,48,075,48075,3,0,0,3,0,0,0,1,0
Texas,Clay,48,077,48077,5,0,0,5,0,0,0,1,0
Texas,Cochran,48,079,48079,2,0,0,2,0,0,0,1,0
Texas,Coke,48,081,48081,2,0,0,2,0,0,0,1,0
Texas,Coleman,48,083,48083,3,0,0,3,0,0,0,1,0
Texas,Collin,48,085,48085,628,38,124,447,19,0.06051,0.19745,0.71178,0.03025
Texas,Collingsworth,48,087,48087,2,0,0,2,0,0,0,1,0
Texas,Colorado,48,089,48089,8,0,3,4,1,0,0.375,0.5,0.125
Texas,Comal,48,091,48091,45,2,16,25,2,0.04444,0.35556,0.55556,0.04444
Texas,Comanche,48,093,48093,9,0,0,8,1,0,0,0.88889,0.11111
Texas,Concho,48,095,48095,2,0,0,2,0,0,0,1,0
Texas,Cooke,48,097,48097,15,0,1,14,0,0,0.06667,0.93333,0
Texas,Coryell,48,099,48099,24,1,10,13,0,0.04167,0.41667,0.54167,0
Texas,Cottle,48,101,48101,0,0,0,0,0,0,0,0,0
Texas,Crane,48,103,48103,5,0,0,5,0,0,0,1,0
Texas,Crockett,48,105,48105,4,0,0,3,1,0,0,0.75,0.25
Texas,Crosby,48,107,48107,4,0,1,3,0,0,0.25,0.75,0
Texas,Culberson,48,109,48109,2,0,0,2,0,0,0,1,0
Texas,Dallam,48,111,48111,15,1,0,14,0,0.06667,0,0.93333,0
Texas,Dallas,48,113,48113,1869,38,273,1452,106,0.02033,0.14607,0.77689,0.05671
Texas,Dawson,48,115,48115,6,0,1,5,0,0,0.16667,0.83333,0
Texas,Deaf Smith,48,117,48117,15,0,1,14,0,0,0.06667,0.93333,0
Texas,Delta,48,119,48119,4,0,0,4,0,0,0,1,0
Texas,Denton,48,121,48121,420,9,70,327,14,0.02143,0.16667,0.77857,0.03333
Texas,De Witt,48,123,48123,11,0,2,5,4,0,0.18182,0.45455,0.36364
Texas,Dickens,48,125,48125,4,0,0,4,0,0,0,1,0
Texas,Dimmit,48,127,48127,5,0,2,3,0,0,0.4,0.6,0
Texas,Donley,48,129,48129,1,0,0,1,0,0,0,1,0
Texas,Duval,48,131,48131,2,0,0,2,0,0,0,1,0
Texas,Eastland,48,133,48133,13,0,2,10,1,0,0.15385,0.76923,0.07692
Texas,Ector,48,135,48135,104,2,6,93,3,0.01923,0.05769,0.89423,0.02885
Texas,Edwards,48,137,48137,0,0,0,0,0,0,0,0,0
Texas,Ellis,48,139,48139,90,1,9,77,3,0.01111,0.1,0.85556,0.03333
Texas,El Paso,48,141,48141,281,6,82,191,2,0.02135,0.29181,0.67972,0.00712
Texas,Erath,48,143,48143,17,0,3,14,0,0,0.17647,0.82353,0
Texas,Falls,48,145,48145,7,0,1,5,1,0,0.14286,0.71429,0.14286
Texas,Fannin,48,147,48147,19,0,0,17,2,0,0,0.89474,0.10526
Texas,Fayette,48,149,48149,18,0,8,9,1,0,0.44444,0.5,0.05556
Texas,Fisher,48,151,48151,0,0,0,0,0,0,0,0,0
Texas,Floyd,48,153,48153,18,0,0,18,0,0,0,1,0
Texas,Foard,48,155,48155,0,0,0,0,0,0,0,0,0
Texas,Fort Bend,48,157,48157,296,4,48,231,13,0.01351,0.16216,0.78041,0.04392
Texas,Franklin,48,159,48159,5,0,1,4,0,0,0.2,0.8,0
Texas,Freestone,48,161,48161,15,0,3,10,2,0,0.2,0.66667,0.13333
Texas,Frio,48,163,48163,4,0,2,2,0,0,0.5,0.5,0
Texas,Gaines,48,165,48165,4,0,1,3,0,0,0.25,0.75,0
Texas,Galveston,48,167,48167,244,0,37,195,12,0,0.15164,0.79918,0.04918
Texas,Garza,48,169,48169,2,0,0,2,0,0,0,1,0
Texas,Gillespie,48,171,48171,14,0,3,11,0,0,0.21429,0.78571,0
Texas,Glasscock,48,173,48173,1,0,0,0,1,0,0,0,1
Texas,Goliad,48,175,48175,2,0,0,2,0,0,0,1,0
Texas,Gonzales,48,177,48177,12,0,2,8,2,0,0.16667,0.66667,0.16667
Texas,Gray,48,179,48179,18,1,3,14,0,0.05556,0.16667,0.77778,0
Texas,Grayson,48,181,48181,83,1,8,71,3,0.01205,0.09639,0.85542,0.03614
Texas,Gregg,48,183,48183,118,6,11,98,3,0.05085,0.09322,0.83051,0.02542
Texas,Grimes,48,185,48185,11,0,1,8,2,0,0.09091,0.72727,0.18182
Texas,Guadalupe,48,187,48187,36,0,18,16,2,0,0.5,0.44444,0.05556
Texas,Hale,48,189,48189,20,0,1,18,1,0,0.05,0.9,0.05
Texas,Hall,48,191,48191,2,0,0,2,0,0,0,1,0
Texas,Hamilton,48,193,48193,7,0,0,7,0,0,0,1,0
Texas,Hansford,48,195,48195,7,0,0,7,0,0,0,1,0
Texas,Hardeman,48,197,48197,2,0,0,2,0,0,0,1,0
Texas,Hardin,48,199,48199,20,0,1,19,0,0,0.05,0.95,0
Texas,Harris,48,201,48201,3632,37,909,2553,133,0.01019,0.25028,0.70292,0.03662
Texas,Harrison,48,203,48203,40,0,7,30,3,0,0.175,0.75,0.075
Texas,Hartley,48,205,48205,3,0,0,3,0,0,0,1,0
Texas,Haskell,48,207,48207,2,0,0,2,0,0,0,1,0
Texas,Hays,48,209,48209,68,2,7,59,0,0.02941,0.10294,0.86765,0
Texas,Hemphill,48,211,48211,3,0,0,3,0,0,0,1,0
Texas,Henderson,48,213,48213,37,2,3,30,2,0.05405,0.08108,0.81081,0.05405
Texas,Hidalgo,48,215,48215,164,2,19,137,6,0.0122,0.11585,0.83537,0.03659
Texas,Hill,48,217,48217,10,0,3,6,1,0,0.3,0.6,0.1
Texas,Hockley,48,219,48219,13,0,1,12,0,0,0.07692,0.92308,0
Texas,Hood,48,221,48221,21,0,4,15,2,0,0.19048,0.71429,0.09524
Texas,Hopkins,48,223,48223,17,0,0,17,0,0,0,1,0
Texas,Houston,48,225,48225,12,0,1,9,2,0,0.08333,0.75,0.16667
Texas,Howard,48,227,48227,34,0,3,29,2,0,0.08824,0.85294,0.05882
Texas,Hudspeth,48,229,48229,0,0,0,0,0,0,0,0,0
Texas,Hunt,48,231,48231,70,3,3,60,4,0.04286,0.04286,0.85714,0.05714
Texas,Hutchinson,48,233,48233,33,1,2,29,1,0.0303,0.06061,0.87879,0.0303
Texas,Irion,48,235,48235,0,0,0,0,0,0,0,0,0
Texas,Jack,48,237,48237,7,0,0,7,0,0,0,1,0
Texas,Jackson,48,239,48239,6,0,0,6,0,0,0,1,0
Texas,Jasper,48,241,48241,11,0,6,4,1,0,0.54545,0.36364,0.09091
Texas,Jeff Davis,48,243,48243,2,0,0,2,0,0,0,1,0
Texas,Jefferson,48,245,48245,205,4,22,167,12,0.01951,0.10732,0.81463,0.05854
Texas,Jim Hogg,48,247,48247,3,0,0,3,0,0,0,1,0
Texas,Jim Wells,48,249,48249,12,0,2,10,0,0,0.16667,0.83333,0
Texas,Johnson,48,251,48251,91,3,15,71,2,0.03297,0.16484,0.78022,0.02198
Texas,Jones,48,253,48253,10,0,0,10,0,0,0,1,0
Texas,Karnes,48,255,48255,4,0,1,3,0,0,0.25,0.75,0
Texas,Kaufman,48,257,48257,34,0,5,27,2,0,0.14706,0.79412,0.05882
Texas,Kendall,48,259,48259,26,3,4,18,1,0.11538,0.15385,0.69231,0.03846
Texas,Kenedy,48,261,48261,1,0,0,1,0,0,0,1,0
Texas,Kent,48,263,48263,1,0,0,1,0,0,0,1,0
Texas,Kerr,48,265,48265,20,0,2,17,1,0,0.1,0.85,0.05
Texas,Kimble,48,267,48267,1,0,0,1,0,0,0,1,0
Texas,King,48,269,48269,1,0,0,1,0,0,0,1,0
Texas,Kinney,48,271,48271,2,0,1,1,0,0,0.5,0.5,0
Texas,Kleberg,48,273,48273,11,1,0,10,0,0.09091,0,0.90909,0
Texas,Knox,48,275,48275,4,0,0,3,1,0,0,0.75,0.25
Texas,Lamar,48,277,48277,29,1,2,24,2,0.03448,0.06897,0.82759,0.06897
Texas,Lamb,48,279,48279,10,0,0,10,0,0,0,1,0
Texas,Lampasas,48,281,48281,7,0,1,5,1,0,0.14286,0.71429,0.14286
Texas,La Salle,48,283,48283,1,0,0,1,0,0,0,1,0
Texas,Lavaca,48,285,48285,6,0,5,1,0,0,0.83333,0.16667,0
Texas,Lee,48,287,48287,8,0,1,6,1,0,0.125,0.75,0.125
Texas,Leon,48,289,48289,7,0,0,7,0,0,0,1,0
Texas,Liberty,48,291,48291,39,2,3,30,4,0.05128,0.07692,0.76923,0.10256
Texas,Limestone,48,293,48293,6,0,1,5,0,0,0.16667,0.83333,0
Texas,Lipscomb,48,295,48295,4,0,0,4,0,0,0,1,0
Texas,Live Oak,48,297,48297,2,0,1,1,0,0,0.5,0.5,0
Texas,Llano,48,299,48299,5,0,0,4,1,0,0,0.8,0.2
Texas,Loving,48,301,48301,2,0,1,1,0,0,0.5,0.5,0
Texas,Lubbock,48,303,48303,240,6,20,207,7,0.025,0.08333,0.8625,0.02917
Texas,Lynn,48,305,48305,0,0,0,0,0,0,0,0,0
Texas,McCulloch,48,307,48307,4,0,1,3,0,0,0.25,0.75,0
Texas,McLennan,48,309,48309,161,4,39,101,17,0.02484,0.24224,0.62733,0.10559
Texas,McMullen,48,311,48311,0,0,0,0,0,0,0,0,0
Texas,Madison,48,313,48313,2,0,1,0,1,0,0.5,0,0.5
Texas,Marion,48,315,48315,6,0,1,5,0,0,0.16667,0.83333,0
Texas,Martin,48,317,48317,3,0,0,3,0,0,0,1,0
Texas,Mason,48,319,48319,1,0,0,1,0,0,0,1,0
Texas,Matagorda,48,321,48321,15,0,1,13,1,0,0.06667,0.86667,0.06667
Texas,Maverick,48,323,48323,9,1,1,6,1,0.11111,0.11111,0.66667,0.11111
Texas,Medina,48,325,48325,21,1,8,9,3,0.04762,0.38095,0.42857,0.14286
Texas,Menard,48,327,48327,1,0,0,1,0,0,0,1,0
Texas,Midland,48,329,48329,126,3,15,104,4,0.02381,0.11905,0.8254,0.03175
Texas,Milam,48,331,48331,11,0,4,7,0,0,0.36364,0.63636,0
Texas,Mills,48,333,48333,1,1,0,0,0,1,0,0,0
Texas,Mitchell,48,335,48335,3,0,0,3,0,0,0,1,0
Texas,Montague,48,337,48337,18,0,0,17,1,0,0,0.94444,0.05556
Texas,Montgomery,48,339,48339,284,6,46,224,8,0.02113,0.16197,0.78873,0.02817
Texas,Moore,48,341,48341,17,0,1,15,1,0,0.05882,0.88235,0.05882
Texas,Morris,48,343,48343,5,0,0,5,0,0,0,1,0
Texas,Motley,48,345,48345,0,0,0,0,0,0,0,0,0
Texas,Nacogdoches,48,347,48347,29,2,3,24,0,0.06897,0.10345,0.82759,0
Texas,Navarro,48,349,48349,28,1,2,24,1,0.03571,0.07143,0.85714,0.03571
Texas,Newton,48,351,48351,2,0,0,2,0,0,0,1,0
Texas,Nolan,48,353,48353,12,0,0,12,0,0,0,1,0
Texas,Nueces,48,355,48355,228,2,55,165,6,0.00877,0.24123,0.72368,0.02632
Texas,Ochiltree,48,357,48357,6,0,0,6,0,0,0,1,0
Texas,Oldham,48,359,48359,0,0,0,0,0,0,0,0,0
Texas,Orange,48,361,48361,61,1,4,51,5,0.01639,0.06557,0.83607,0.08197
Texas,Palo Pinto,48,363,48363,23,0,2,21,0,0,0.08696,0.91304,0
Texas,Panola,48,365,48365,10,0,2,7,1,0,0.2,0.7,0.1
Texas,Parker,48,367,48367,70,2,8,57,3,0.02857,0.11429,0.81429,0.04286
Texas,Parmer,48,369,48369,8,0,0,8,0,0,0,1,0
Texas,Pecos,48,371,48371,9,0,0,8,1,0,0,0.88889,0.11111
Texas,Polk,48,373,48373,15,0,4,10,1,0,0.26667,0.66667,0.06667
Texas,Potter,48,375,48375,68,1,5,59,3,0.01471,0.07353,0.86765,0.04412
Texas,Presidio,48,377,48377,2,0,1,1,0,0,0.5,0.5,0
Texas,Rains,48,379,48379,5,0,1,3,1,0,0.2,0.6,0.2
Texas,Randall,48,381,48381,106,0,2,102,2,0,0.01887,0.96226,0.01887
Texas,Reagan,48,383,48383,2,0,0,2,0,0,0,1,0
Texas,Real,48,385,48385,0,0,0,0,0,0,0,0,0
Texas,Red River,48,387,48387,7,1,0,6,0,0.14286,0,0.85714,0
Texas,Reeves,48,389,48389,6,0,0,5,1,0,0,0.83333,0.16667
Texas,Refugio,48,391,48391,4,0,0,4,0,0,0,1,0
Texas,Roberts,48,393,48393,0,0,0,0,0,0,0,0,0
Texas,Robertson,48,395,48395,8,0,2,4,2,0,0.25,0.5,0.25
Texas,Rockwall,48,397,48397,47,1,9,37,0,0.02128,0.19149,0.78723,0
Texas,Runnels,48,399,48399,8,0,0,8,0,0,0,1,0
Texas,Rusk,48,401,48401,16,0,0,16,0,0,0,1,0
Texas,Sabine,48,403,48403,2,0,0,2,0,0,0,1,0
Texas,San Augustine,48,405,48405,4,0,1,3,0,0,0.25,0.75,0
Texas,San Jacinto,48,407,48407,7,0,3,4,0,0,0.42857,0.57143,0
Texas,San Patricio,48,409,48409,44,3,4,36,1,0.06818,0.09091,0.81818,0.02273
Texas,San Saba,48,411,48411,3,0,0,3,0,0,0,1,0
Texas,Schleicher,48,413,48413,2,0,0,2,0,0,0,1,0
Texas,Scurry,48,415,48415,15,0,1,13,1,0,0.06667,0.86667,0.06667
Texas,Shackelford,48,417,48417,1,0,0,1,0,0,0,1,0
Texas,Shelby,48,419,48419,12,0,2,9,1,0,0.16667,0.75,0.08333
Texas,Sherman,48,421,48421,3,0,0,3,0,0,0,1,0
Texas,Smith,48,423,48423,119,2,13,99,5,0.01681,0.10924,0.83193,0.04202
Texas,Somervell,48,425,48425,5,0,1,3,1,0,0.2,0.6,0.2
Texas,Starr,48,427,48427,9,0,2,7,0,0,0.22222,0.77778,0
Texas,Stephens,48,429,48429,9,0,0,9,0,0,0,1,0
Texas,Sterling,48,431,48431,1,0,0,1,0,0,0,1,0
Texas,Stonewall,48,433,48433,1,0,0,1,0,0,0,1,0
Texas,Sutton,48,435,48435,2,0,1,1,0,0,0.5,0.5,0
Texas,Swisher,48,437,48437,3,0,0,3,0,0,0,1,0
Texas,Tarrant,48,439,48439,1349,32,250,1020,47,0.02372,0.18532,0.75612,0.03484
Texas,Taylor,48,441,48441,102,2,14,78,8,0.01961,0.13725,0.76471,0.07843
Texas,Terrell,48,443,48443,2,0,0,2,0,0,0,1,0
Texas,Terry,48,445,48445,8,0,0,8,0,0,0,1,0
Texas,Throckmorton,48,447,48447,0,0,0,0,0,0,0,0,0
Texas,Titus,48,449,48449,11,0,2,9,0,0,0.18182,0.81818,0
Texas,Tom Green,48,451,48451,86,5,11,68,2,0.05814,0.12791,0.7907,0.02326
Texas,Travis,48,453,48453,1150,23,263,820,44,0.02,0.2287,0.71304,0.03826
Texas,Trinity,48,455,48455,4,0,0,4,0,0,0,1,0
Texas,Tyler,48,457,48457,9,0,2,6,1,0,0.22222,0.66667,0.11111
Texas,Upshur,48,459,48459,13,0,1,12,0,0,0.07692,0.92308,0
Texas,Upton,48,461,48461,2,0,0,2,0,0,0,1,0
Texas,Uvalde,48,463,48463,14,0,0,14,0,0,0,1,0
Texas,Val Verde,48,465,48465,13,1,2,10,0,0.07692,0.15385,0.76923,0
Texas,Van Zandt,48,467,48467,22,1,3,18,0,0.04545,0.13636,0.81818,0
Texas,Victoria,48,469,48469,54,0,9,44,1,0,0.16667,0.81481,0.01852
Texas,Walker,48,471,48471,24,0,8,14,2,0,0.33333,0.58333,0.08333
Texas,Waller,48,473,48473,5,0,1,3,1,0,0.2,0.6,0.2
Texas,Ward,48,475,48475,15,2,0,13,0,0.13333,0,0.86667,0
Texas,Washington,48,477,48477,20,0,4,14,2,0,0.2,0.7,0.1
Texas,Webb,48,479,48479,32,1,1,29,1,0.03125,0.03125,0.90625,0.03125
Texas,Wharton,48,481,48481,25,0,3,22,0,0,0.12,0.88,0
Texas,Wheeler,48,483,48483,5,1,0,4,0,0.2,0,0.8,0
Texas,Wichita,48,485,48485,161,3,13,142,3,0.01863,0.08075,0.88199,0.01863
Texas,Wilbarger,48,487,48487,17,0,0,16,1,0,0,0.94118,0.05882
Texas,Willacy,48,489,48489,6,1,1,4,0,0.16667,0.16667,0.66667,0
Texas,Williamson,48,491,48491,263,8,69,177,9,0.03042,0.26236,0.673,0.03422
Texas,Wilson,48,493,48493,16,1,9,4,2,0.0625,0.5625,0.25,0.125
Texas,Winkler,48,495,48495,3,1,0,2,0,0.33333,0,0.66667,0
Texas,Wise,48,497,48497,22,0,2,19,1,0,0.09091,0.86364,0.04545
Texas,Wood,48,499,48499,18,0,0,16,2,0,0,0.88889,0.11111
Texas,Yoakum,48,501,48501,4,0,0,4,0,0,0,1,0
Texas,Young,48,503,48503,17,1,0,15,1,0.05882,0,0.88235,0.05882
Texas,Zapata,48,505,48505,2,0,0,1,1,0,0,0.5,0.5
Texas,Zavala,48,507,48507,1,0,0,1,0,0,0,1,0
Utah,Beaver,49,001,49001,0,0,0,0,0,0,0,0,0
Utah,Box Elder,49,003,49003,29,23,6,0,0,0.7931,0.2069,0,0
Utah,Cache,49,005,49005,70,47,18,2,3,0.67143,0.25714,0.02857,0.04286
Utah,Carbon,49,007,49007,9,4,4,1,0,0.44444,0.44444,0.11111,0
Utah,Daggett,49,009,49009,0,0,0,0,0,0,0,0,0
Utah,Davis,49,011,49011,200,116,67,10,7,0.58,0.335,0.05,0.035
Utah,Duchesne,49,013,49013,15,10,4,1,0,0.66667,0.26667,0.06667,0
Utah,Emery,49,015,49015,6,4,2,0,0,0.66667,0.33333,0,0
Utah,Garfield,49,017,49017,2,1,0,0,1,0.5,0,0,0.5
Utah,Grand,49,019,49019,7,3,3,1,0,0.42857,0.42857,0.14286,0
Utah,Iron,49,021,49021,19,8,4,7,0,0.42105,0.21053,0.36842,0
Utah,Juab,49,023,49023,3,3,0,0,0,1,0,0,0
Utah,Kane,49,025,49025,5,2,1,1,1,0.4,0.2,0.2,0.2
Utah,Millard,49,027,49027,8,4,2,1,1,0.5,0.25,0.125,0.125
Utah,Morgan,49,029,49029,4,3,1,0,0,0.75,0.25,0,0
Utah,Piute,49,031,49031,3,3,0,0,0,1,0,0,0
Utah,Rich,49,033,49033,5,2,3,0,0,0.4,0.6,0,0
Utah,Salt Lake,49,035,49035,672,215,342,64,51,0.31994,0.50893,0.09524,0.07589
Utah,San Juan,49,037,49037,2,2,0,0,0,1,0,0,0
Utah,Sanpete,49,039,49039,11,5,3,2,1,0.45455,0.27273,0.18182,0.09091
Utah,Sevier,49,041,49041,7,3,1,2,1,0.42857,0.14286,0.28571,0.14286
Utah,Summit,49,043,49043,14,5,7,1,1,0.35714,0.5,0.07143,0.07143
Utah,Tooele,49,045,49045,25,14,10,1,0,0.56,0.4,0.04,0
Utah,Uintah,49,047,49047,18,12,6,0,0,0.66667,0.33333,0,0
Utah,Utah,49,049,49049,343,156,155,11,21,0.45481,0.4519,0.03207,0.06122
Utah,Wasatch,49,051,49051,4,0,4,0,0,0,1,0,0
Utah,Washington,49,053,49053,42,17,23,1,1,0.40476,0.54762,0.02381,0.02381
Utah,Wayne,49,055,49055,3,1,1,0,1,0.33333,0.33333,0,0.33333
Utah,Weber,49,057,49057,124,76,30,13,5,0.6129,0.24194,0.10484,0.04032
Vermont,Addison,50,001,50001,32,2,30,0,0,0.0625,0.9375,0,0
Vermont,Bennington,50,003,50003,37,1,36,0,0,0.02703,0.97297,0,0
Vermont,Caledonia,50,005,50005,24,1,23,0,0,0.04167,0.95833,0,0
Vermont,Chittenden,50,007,50007,216,4,202,7,3,0.01852,0.93519,0.03241,0.01389
Vermont,Essex,50,009,50009,3,0,3,0,0,0,1,0,0
Vermont,Franklin,50,011,50011,24,0,24,0,0,0,1,0,0
Vermont,Grand Isle,50,013,50013,5,0,5,0,0,0,1,0,0
Vermont,Lamoille,50,015,50015,10,0,9,0,1,0,0.9,0,0.1
Vermont,Orange,50,017,50017,20,0,20,0,0,0,1,0,0
Vermont,Orleans,50,019,50019,14,0,13,0,1,0,0.92857,0,0.07143
Vermont,Rutland,50,021,50021,54,3,46,1,4,0.05556,0.85185,0.01852,0.07407
Vermont,Washington,50,023,50023,59,3,55,0,1,0.05085,0.9322,0,0.01695
Vermont,Windham,50,025,50025,37,0,37,0,0,0,1,0,0
Vermont,Windsor,50,027,50027,63,1,61,0,1,0.01587,0.96825,0,0.01587
Virginia,Accomack,51,001,51001,10,0,5,3,2,0,0.5,0.3,0.2
Virginia,Albemarle,51,003,51003,153,4,125,20,4,0.02614,0.81699,0.13072,0.02614
Virginia,Alleghany,51,005,51005,23,12,7,4,0,0.52174,0.30435,0.17391,0
Virginia,Amelia,51,007,51007,3,0,1,2,0,0,0.33333,0.66667,0
Virginia,Amherst,51,009,51009,8,0,4,2,2,0,0.5,0.25,0.25
Virginia,Appomattox,51,011,51011,10,1,2,2,5,0.1,0.2,0.2,0.5
Virginia,Arlington,51,013,51013,254,9,186,50,9,0.03543,0.73228,0.19685,0.03543
Virginia,Augusta,51,015,51015,20,2,13,3,2,0.1,0.65,0.15,0.1
Virginia,Bath,51,017,51017,4,1,3,0,0,0.25,0.75,0,0
Virginia,Bedford,51,019,51019,31,0,17,7,7,0,0.54839,0.22581,0.22581
Virginia,Bland,51,021,51021,10,7,2,0,1,0.7,0.2,0,0.1
Virginia,Botetourt,51,023,51023,19,1,12,3,3,0.05263,0.63158,0.15789,0.15789
Virginia,Brunswick,51,025,51025,6,0,5,1,0,0,0.83333,0.16667,0
Virginia,Buchanan,51,027,51027,21,18,2,1,0,0.85714,0.09524,0.04762,0
Virginia,Buckingham,51,029,51029,4,0,3,1,0,0,0.75,0.25,0
Virginia,Campbell,51,031,51031,11,1,4,2,4,0.09091,0.36364,0.18182,0.36364
Virginia,Caroline,51,033,51033,5,0,2,2,1,0,0.4,0.4,0.2
Virginia,Carroll,51,035,51035,11,9,0,2,0,0.81818,0,0.18182,0
Virginia,Charles City,51,036,51036,2,0,2,0,0,0,1,0,0
Virginia,Charlotte,51,037,51037,6,0,1,1,4,0,0.16667,0.16667,0.66667
Virginia,Chesterfield,51,041,51041,219,8,111,79,21,0.03653,0.50685,0.36073,0.09589
Virginia,Clarke,51,043,51043,8,0,7,1,0,0,0.875,0.125,0
Virginia,Craig,51,045,51045,3,2,1,0,0,0.66667,0.33333,0,0
Virginia,Culpeper,51,047,51047,30,7,17,3,3,0.23333,0.56667,0.1,0.1
Virginia,Cumberland,51,049,51049,0,0,0,0,0,0,0,0,0
Virginia,Dickenson,51,051,51051,17,17,0,0,0,1,0,0,0
Virginia,Dinwiddie,51,053,51053,4,0,1,1,2,0,0.25,0.25,0.5
Virginia,Essex,51,057,51057,2,0,0,1,1,0,0,0.5,0.5
Virginia,Fairfax,51,059,51059,1546,53,1203,246,44,0.03428,0.77814,0.15912,0.02846
Virginia,Fauquier,51,061,51061,36,1,29,6,0,0.02778,0.80556,0.16667,0
Virginia,Floyd,51,063,51063,11,1,9,1,0,0.09091,0.81818,0.09091,0
Virginia,Fluvanna,51,065,51065,9,0,7,2,0,0,0.77778,0.22222,0
Virginia,Franklin,51,067,51067,19,1,9,7,2,0.05263,0.47368,0.36842,0.10526
Virginia,Frederick,51,069,51069,26,3,22,0,1,0.11538,0.84615,0,0.03846
Virginia,Giles,51,071,51071,10,8,0,0,2,0.8,0,0,0.2
Virginia,Gloucester,51,073,51073,18,1,9,6,2,0.05556,0.5,0.33333,0.11111
Virginia,Goochland,51,075,51075,25,0,17,7,1,0,0.68,0.28,0.04
Virginia,Grayson,51,077,51077,2,1,0,0,1,0.5,0,0,0.5
Virginia,Greene,51,079,51079,6,0,4,1,1,0,0.66667,0.16667,0.16667
Virginia,Greensville,51,081,51081,4,0,1,3,0,0,0.25,0.75,0
Virginia,Halifax,51,083,51083,18,0,10,1,7,0,0.55556,0.05556,0.38889
Virginia,Hanover,51,085,51085,64,0,34,27,3,0,0.53125,0.42188,0.04688
Virginia,Henrico,51,087,51087,224,3,133,69,19,0.01339,0.59375,0.30804,0.08482
Virginia,Henry,51,089,51089,6,2,3,0,1,0.33333,0.5,0,0.16667
Virginia,Highland,51,091,51091,0,0,0,0,0,0,0,0,0
Virginia,Isle of Wight,51,093,51093,15,2,6,4,3,0.13333,0.4,0.26667,0.2
Virginia,James City,51,095,51095,36,2,27,5,2,0.05556,0.75,0.13889,0.05556
Virginia,King and Queen,51,097,51097,3,0,1,2,0,0,0.33333,0.66667,0
Virginia,King George,51,099,51099,11,1,8,2,0,0.09091,0.72727,0.18182,0
Virginia,King William,51,101,51101,6,0,4,1,1,0,0.66667,0.16667,0.16667
Virginia,Lancaster,51,103,51103,5,0,3,2,0,0,0.6,0.4,0
Virginia,Lee,51,105,51105,9,3,0,6,0,0.33333,0,0.66667,0
Virginia,Loudoun,51,107,51107,194,7,154,28,5,0.03608,0.79381,0.14433,0.02577
Virginia,Louisa,51,109,51109,14,1,9,4,0,0.07143,0.64286,0.28571,0
Virginia,Lunenburg,51,111,51111,2,0,1,1,0,0,0.5,0.5,0
Virginia,Madison,51,113,51113,8,0,7,1,0,0,0.875,0.125,0
Virginia,Mathews,51,115,51115,11,0,6,4,1,0,0.54545,0.36364,0.09091
Virginia,Mecklenburg,51,117,51117,14,1,5,7,1,0.07143,0.35714,0.5,0.07143
Virginia,Middlesex,51,119,51119,4,1,1,2,0,0.25,0.25,0.5,0
Virginia,Montgomery,51,121,51121,112,12,45,32,23,0.10714,0.40179,0.28571,0.20536
Virginia,Nelson,51,125,51125,6,0,5,1,0,0,0.83333,0.16667,0
Virginia,New Kent,51,127,51127,4,0,1,2,1,0,0.25,0.5,0.25
Virginia,Northampton,51,131,51131,7,1,4,1,1,0.14286,0.57143,0.14286,0.14286
Virginia,Northumberland,51,133,51133,4,0,0,3,1,0,0,0.75,0.25
Virginia,Nottoway,51,135,51135,6,0,3,1,2,0,0.5,0.16667,0.33333
Virginia,Orange,51,137,51137,8,0,4,3,1,0,0.5,0.375,0.125
Virginia,Page,51,139,51139,9,7,1,1,0,0.77778,0.11111,0.11111,0
Virginia,Patrick,51,141,51141,4,1,1,2,0,0.25,0.25,0.5,0
Virginia,Pittsylvania,51,143,51143,13,0,4,4,5,0,0.30769,0.30769,0.38462
Virginia,Powhatan,51,145,51145,12,3,7,2,0,0.25,0.58333,0.16667,0
Virginia,Prince Edward,51,147,51147,9,0,7,1,1,0,0.77778,0.11111,0.11111
Virginia,Prince George,51,149,51149,7,0,4,3,0,0,0.57143,0.42857,0
Virginia,Prince William,51,153,51153,280,10,223,43,4,0.03571,0.79643,0.15357,0.01429
Virginia,Pulaski,51,155,51155,17,4,8,5,0,0.23529,0.47059,0.29412,0
Virginia,Rappahannock,51,157,51157,10,0,8,2,0,0,0.8,0.2,0
Virginia,Richmond,51,159,51159,,,,,,,,,
Virginia,Roanoke,51,161,51161,138,8,74,41,15,0.05797,0.53623,0.2971,0.1087
Virginia,Rockbridge,51,163,51163,34,1,16,8,9,0.02941,0.47059,0.23529,0.26471
Virginia,Rockingham,51,165,51165,33,8,19,6,0,0.24242,0.57576,0.18182,0
Virginia,Russell,51,167,51167,12,10,2,0,0,0.83333,0.16667,0,0
Virginia,Scott,51,169,51169,8,0,1,6,1,0,0.125,0.75,0.125
Virginia,Shenandoah,51,171,51171,18,4,10,1,3,0.22222,0.55556,0.05556,0.16667
Virginia,Smyth,51,173,51173,16,9,2,3,2,0.5625,0.125,0.1875,0.125
Virginia,Southampton,51,175,51175,5,0,3,2,0,0,0.6,0.4,0
Virginia,Spotsylvania,51,177,51177,69,5,50,11,3,0.07246,0.72464,0.15942,0.04348
Virginia,Stafford,51,179,51179,61,5,40,15,1,0.08197,0.65574,0.2459,0.01639
Virginia,Surry,51,181,51181,5,0,3,2,0,0,0.6,0.4,0
Virginia,Sussex,51,183,51183,3,0,1,2,0,0,0.33333,0.66667,0
Virginia,Tazewell,51,185,51185,32,21,3,5,3,0.65625,0.09375,0.15625,0.09375
Virginia,Warren,51,187,51187,18,2,8,6,2,0.11111,0.44444,0.33333,0.11111
Virginia,Washington,51,191,51191,28,8,6,8,6,0.28571,0.21429,0.28571,0.21429
Virginia,Westmoreland,51,193,51193,9,0,6,2,1,0,0.66667,0.22222,0.11111
Virginia,Wise,51,195,51195,35,17,7,9,2,0.48571,0.2,0.25714,0.05714
Virginia,Wythe,51,197,51197,19,9,4,3,3,0.47368,0.21053,0.15789,0.15789
Virginia,York,51,199,51199,67,0,53,11,3,0,0.79104,0.16418,0.04478
Virginia,Alexandria City,51,510,51510,106,4,81,19,2,0.03774,0.76415,0.17925,0.01887
Virginia,Bedford City,51,515,51515,,,,,,,,,
Virginia,Bristol City,51,520,51520,7,1,2,4,0,0.14286,0.28571,0.57143,0
Virginia,Buena Vista City,51,530,51530,3,0,2,0,1,0,0.66667,0,0.33333
Virginia,Charlottesville City,51,540,51540,3,0,1,2,0,0,0.33333,0.66667,0
Virginia,Chesapeake City,51,550,51550,128,3,85,31,9,0.02344,0.66406,0.24219,0.07031
Virginia,Clifton Forge City,51,560,51560,0,0,0,0,0,0,0,0,0
Virginia,Colonial Heights City,51,570,51570,18,0,10,7,1,0,0.55556,0.38889,0.05556
Virginia,Covington City,51,580,51580,0,0,0,0,0,0,0,0,0
Virginia,Danville City,51,590,51590,32,0,13,8,11,0,0.40625,0.25,0.34375
Virginia,Emporia City,51,595,51595,0,0,0,0,0,0,0,0,0
Virginia,Fairfax City,51,600,51600,,,,,,,,,
Virginia,Falls Church City,51,610,51610,43,0,27,14,2,0,0.62791,0.32558,0.04651
Virginia,Franklin City,51,620,51620,,,,,,,,,
Virginia,Fredericksburg City,51,630,51630,22,1,16,5,0,0.04545,0.72727,0.22727,0
Virginia,Galax City,51,640,51640,10,5,3,0,2,0.5,0.3,0,0.2
Virginia,Hampton City,51,650,51650,108,3,73,25,7,0.02778,0.67593,0.23148,0.06481
Virginia,Harrisonburg City,51,660,51660,40,5,23,11,1,0.125,0.575,0.275,0.025
Virginia,Hopewell City,51,670,51670,16,2,11,3,0,0.125,0.6875,0.1875,0
Virginia,Lexington City,51,678,51678,0,0,0,0,0,0,0,0,0
Virginia,Lynchburg City,51,680,51680,71,0,48,13,10,0,0.67606,0.1831,0.14085
Virginia,Manassas City,51,683,51683,49,0,41,4,4,0,0.83673,0.08163,0.08163
Virginia,Manassas Park City,51,685,51685,20,3,14,3,0,0.15,0.7,0.15,0
Virginia,Martinsville City,51,690,51690,14,0,2,7,5,0,0.14286,0.5,0.35714
Virginia,Newport News City,51,700,51700,130,4,88,27,11,0.03077,0.67692,0.20769,0.08462
Virginia,Norfolk City,51,710,51710,128,4,79,33,12,0.03125,0.61719,0.25781,0.09375
Virginia,Norton City,51,720,51720,3,1,1,1,0,0.33333,0.33333,0.33333,0
Virginia,Petersburg City,51,730,51730,11,0,6,5,0,0,0.54545,0.45455,0
Virginia,Poquoson City,51,735,51735,71,0,47,16,8,0,0.66197,0.22535,0.11268
Virginia,Portsmouth City,51,740,51740,60,0,35,20,5,0,0.58333,0.33333,0.08333
Virginia,Radford,51,750,51750,20,6,6,6,2,0.3,0.3,0.3,0.1
Virginia,Richmond City,51,760,51760,110,2,58,36,14,0.01818,0.52727,0.32727,0.12727
Virginia,Roanoke City,51,770,51770,,,,,,,,,
Virginia,Salem City,51,775,51775,24,3,16,3,2,0.125,0.66667,0.125,0.08333
Virginia,South Boston City,51,780,51780,,,,,,,,,
Virginia,Staunton City,51,790,51790,19,1,11,6,1,0.05263,0.57895,0.31579,0.05263
Virginia,Suffolk City,51,800,51800,37,1,23,9,4,0.02703,0.62162,0.24324,0.10811
Virginia,Virginia Beach City,51,810,51810,358,21,244,86,7,0.05866,0.68156,0.24022,0.01955
Virginia,Waynesboro City,51,820,51820,9,0,6,2,1,0,0.66667,0.22222,0.11111
Virginia,Williamsburg City,51,830,51830,40,1,27,11,1,0.025,0.675,0.275,0.025
Virginia,Winchester City,51,840,51840,24,2,17,5,0,0.08333,0.70833,0.20833,0
Washington,Adams,53,001,53001,18,14,4,0,0,0.77778,0.22222,0,0
Washington,Asotin,53,003,53003,17,13,2,1,1,0.76471,0.11765,0.05882,0.05882
Washington,Benton,53,005,53005,225,165,50,7,3,0.73333,0.22222,0.03111,0.01333
Washington,Chelan,53,007,53007,120,99,18,1,2,0.825,0.15,0.00833,0.01667
Washington,Clallam,53,009,53009,67,49,16,0,2,0.73134,0.23881,0,0.02985
Washington,Clark,53,011,53011,490,349,124,7,10,0.71224,0.25306,0.01429,0.02041
Washington,Columbia,53,013,53013,4,3,1,0,0,0.75,0.25,0,0
Washington,Cowlitz,53,015,53015,87,68,17,1,1,0.78161,0.1954,0.01149,0.01149
Washington,Douglas,53,017,53017,31,28,2,0,1,0.90323,0.06452,0,0.03226
Washington,Ferry,53,019,53019,7,5,2,0,0,0.71429,0.28571,0,0
Washington,Franklin,53,021,53021,46,34,12,0,0,0.73913,0.26087,0,0
Washington,Garfield,53,023,53023,4,3,1,0,0,0.75,0.25,0,0
Washington,Grant,53,025,53025,75,56,13,2,4,0.74667,0.17333,0.02667,0.05333
Washington,Grays Harbor,53,027,53027,70,50,18,0,2,0.71429,0.25714,0,0.02857
Washington,Island,53,029,53029,57,28,27,2,0,0.49123,0.47368,0.03509,0
Washington,Jefferson,53,031,53031,24,16,7,0,1,0.66667,0.29167,0,0.04167
Washington,King,53,033,53033,3312,2304,818,90,100,0.69565,0.24698,0.02717,0.03019
Washington,Kitsap,53,035,53035,315,142,155,12,6,0.45079,0.49206,0.0381,0.01905
Washington,Kittitas,53,037,53037,36,27,7,0,2,0.75,0.19444,0,0.05556
Washington,Klickitat,53,039,53039,21,18,2,0,1,0.85714,0.09524,0,0.04762
Washington,Lewis,53,041,53041,55,39,10,0,6,0.70909,0.18182,0,0.10909
Washington,Lincoln,53,043,53043,21,21,0,0,0,1,0,0,0
Washington,Mason,53,045,53045,25,17,7,0,1,0.68,0.28,0,0.04
Washington,Okanogan,53,047,53047,48,41,6,0,1,0.85417,0.125,0,0.02083
Washington,Pacific,53,049,53049,15,13,2,0,0,0.86667,0.13333,0,0
Washington,Pend Oreille,53,051,53051,9,5,4,0,0,0.55556,0.44444,0,0
Washington,Pierce,53,053,53053,725,469,218,17,21,0.6469,0.30069,0.02345,0.02897
Washington,San Juan,53,055,53055,6,3,3,0,0,0.5,0.5,0,0
Washington,Skagit,53,057,53057,109,76,25,3,5,0.69725,0.22936,0.02752,0.04587
Washington,Skamania,53,059,53059,19,5,14,0,0,0.26316,0.73684,0,0
Washington,Snohomish,53,061,53061,786,573,168,23,22,0.72901,0.21374,0.02926,0.02799
Washington,Spokane,53,063,53063,611,426,164,14,7,0.69722,0.26841,0.02291,0.01146
Washington,Stevens,53,065,53065,38,30,7,0,1,0.78947,0.18421,0,0.02632
Washington,Thurston,53,067,53067,250,177,61,6,6,0.708,0.244,0.024,0.024
Washington,Wahkiakum,53,069,53069,6,5,1,0,0,0.83333,0.16667,0,0
Washington,Walla Walla,53,071,53071,8,7,1,0,0,0.875,0.125,0,0
Washington,Whatcom,53,073,53073,223,165,51,3,4,0.73991,0.2287,0.01345,0.01794
Washington,Whitman,53,075,53075,106,56,47,2,1,0.5283,0.4434,0.01887,0.00943
Washington,Yakima,53,077,53077,221,176,38,2,5,0.79638,0.17195,0.00905,0.02262
West Virginia,Barbour,54,001,54001,12,10,1,0,1,0.83333,0.08333,0,0.08333
West Virginia,Berkeley,54,003,54003,42,10,29,2,1,0.2381,0.69048,0.04762,0.02381
West Virginia,Boone,54,005,54005,25,23,1,1,0,0.92,0.04,0.04,0
West Virginia,Braxton,54,007,54007,15,13,1,1,0,0.86667,0.06667,0.06667,0
West Virginia,Brooke,54,009,54009,34,33,1,0,0,0.97059,0.02941,0,0
West Virginia,Cabell,54,011,54011,133,79,40,10,4,0.59398,0.30075,0.07519,0.03008
West Virginia,Calhoun,54,013,54013,7,6,1,0,0,0.85714,0.14286,0,0
West Virginia,Clay,54,015,54015,4,4,0,0,0,1,0,0,0
West Virginia,Doddridge,54,017,54017,1,1,0,0,0,1,0,0,0
West Virginia,Fayette,54,019,54019,43,28,13,2,0,0.65116,0.30233,0.04651,0
West Virginia,Gilmer,54,021,54021,0,0,0,0,0,0,0,0,0
West Virginia,Grant,54,023,54023,9,5,4,0,0,0.55556,0.44444,0,0
West Virginia,Greenbrier,54,025,54025,26,18,4,2,2,0.69231,0.15385,0.07692,0.07692
West Virginia,Hampshire,54,027,54027,5,1,3,0,1,0.2,0.6,0,0.2
West Virginia,Hancock,54,029,54029,47,38,6,1,2,0.80851,0.12766,0.02128,0.04255
West Virginia,Hardy,54,031,54031,10,5,4,0,1,0.5,0.4,0,0.1
West Virginia,Harrison,54,033,54033,98,59,15,16,8,0.60204,0.15306,0.16327,0.08163
West Virginia,Jackson,54,035,54035,27,23,3,0,1,0.85185,0.11111,0,0.03704
West Virginia,Jefferson,54,037,54037,25,1,22,2,0,0.04,0.88,0.08,0
West Virginia,Kanawha,54,039,54039,284,120,54,92,18,0.42254,0.19014,0.32394,0.06338
West Virginia,Lewis,54,041,54041,11,8,1,2,0,0.72727,0.09091,0.18182,0
West Virginia,Lincoln,54,043,54043,13,11,1,1,0,0.84615,0.07692,0.07692,0
West Virginia,Logan,54,045,54045,34,32,2,0,0,0.94118,0.05882,0,0
West Virginia,McDowell,54,047,54047,28,19,8,1,0,0.67857,0.28571,0.03571,0
West Virginia,Marion,54,049,54049,62,51,10,1,0,0.82258,0.16129,0.01613,0
West Virginia,Marshall,54,051,54051,40,35,3,1,1,0.875,0.075,0.025,0.025
West Virginia,Mason,54,053,54053,16,12,4,0,0,0.75,0.25,0,0
West Virginia,Mercer,54,055,54055,61,37,16,4,4,0.60656,0.2623,0.06557,0.06557
West Virginia,Mineral,54,057,54057,19,4,10,2,3,0.21053,0.52632,0.10526,0.15789
West Virginia,Mingo,54,059,54059,17,13,1,3,0,0.76471,0.05882,0.17647,0
West Virginia,Monongalia,54,061,54061,151,95,38,10,8,0.62914,0.25166,0.06623,0.05298
West Virginia,Monroe,54,063,54063,11,7,2,2,0,0.63636,0.18182,0.18182,0
West Virginia,Morgan,54,065,54065,3,0,3,0,0,0,1,0,0
West Virginia,Nicholas,54,067,54067,21,18,2,1,0,0.85714,0.09524,0.04762,0
West Virginia,Ohio,54,069,54069,122,110,8,3,1,0.90164,0.06557,0.02459,0.0082
West Virginia,Pendleton,54,071,54071,8,4,3,0,1,0.5,0.375,0,0.125
West Virginia,Pleasants,54,073,54073,5,4,1,0,0,0.8,0.2,0,0
West Virginia,Pocahontas,54,075,54075,6,2,2,2,0,0.33333,0.33333,0.33333,0
West Virginia,Preston,54,077,54077,20,18,1,1,0,0.9,0.05,0.05,0
West Virginia,Putnam,54,079,54079,48,28,8,11,1,0.58333,0.16667,0.22917,0.02083
West Virginia,Raleigh,54,081,54081,62,40,14,6,2,0.64516,0.22581,0.09677,0.03226
West Virginia,Randolph,54,083,54083,25,20,4,1,0,0.8,0.16,0.04,0
West Virginia,Ritchie,54,085,54085,6,5,1,0,0,0.83333,0.16667,0,0
West Virginia,Roane,54,087,54087,4,3,0,1,0,0.75,0,0.25,0
West Virginia,Summers,54,089,54089,13,9,2,1,1,0.69231,0.15385,0.07692,0.07692
West Virginia,Taylor,54,091,54091,10,7,2,1,0,0.7,0.2,0.1,0
West Virginia,Tucker,54,093,54093,4,3,1,0,0,0.75,0.25,0,0
West Virginia,Tyler,54,095,54095,6,4,1,1,0,0.66667,0.16667,0.16667,0
West Virginia,Upshur,54,097,54097,21,16,3,2,0,0.7619,0.14286,0.09524,0
West Virginia,Wayne,54,099,54099,45,37,2,5,1,0.82222,0.04444,0.11111,0.02222
West Virginia,Webster,54,101,54101,6,5,1,0,0,0.83333,0.16667,0,0
West Virginia,Wetzel,54,103,54103,36,28,6,2,0,0.77778,0.16667,0.05556,0
West Virginia,Wirt,54,105,54105,1,1,0,0,0,1,0,0,0
West Virginia,Wood,54,107,54107,142,86,40,13,3,0.60563,0.28169,0.09155,0.02113
West Virginia,Wyoming,54,109,54109,18,17,1,0,0,0.94444,0.05556,0,0
Wisconsin,Adams,55,001,55001,24,15,7,1,1,0.625,0.29167,0.04167,0.04167
Wisconsin,Ashland,55,003,55003,37,24,13,0,0,0.64865,0.35135,0,0
Wisconsin,Barron,55,005,55005,53,46,7,0,0,0.86792,0.13208,0,0
Wisconsin,Bayfield,55,007,55007,15,11,3,0,1,0.73333,0.2,0,0.06667
Wisconsin,Brown,55,009,55009,418,111,294,3,10,0.26555,0.70335,0.00718,0.02392
Wisconsin,Buffalo,55,011,55011,14,7,7,0,0,0.5,0.5,0,0
Wisconsin,Burnett,55,013,55013,11,10,1,0,0,0.90909,0.09091,0,0
Wisconsin,Calumet,55,015,55015,45,4,41,0,0,0.08889,0.91111,0,0
Wisconsin,Chippewa,55,017,55017,78,59,18,1,0,0.75641,0.23077,0.01282,0
Wisconsin,Clark,55,019,55019,31,19,12,0,0,0.6129,0.3871,0,0
Wisconsin,Columbia,55,021,55021,83,49,34,0,0,0.59036,0.40964,0,0
Wisconsin,Crawford,55,023,55023,24,20,4,0,0,0.83333,0.16667,0,0
Wisconsin,Dane,55,025,55025,1013,420,563,10,20,0.41461,0.55577,0.00987,0.01974
Wisconsin,Dodge,55,027,55027,101,13,87,0,1,0.12871,0.86139,0,0.0099
Wisconsin,Door,55,029,55029,38,6,31,1,0,0.15789,0.81579,0.02632,0
Wisconsin,Douglas,55,031,55031,81,66,14,0,1,0.81481,0.17284,0,0.01235
Wisconsin,Dunn,55,033,55033,59,38,20,0,1,0.64407,0.33898,0,0.01695
Wisconsin,Eau Claire,55,035,55035,186,130,52,1,3,0.69892,0.27957,0.00538,0.01613
Wisconsin,Florence,55,037,55037,2,1,1,0,0,0.5,0.5,0,0
Wisconsin,Fond Du Lac,55,039,55039,182,29,149,2,2,0.15934,0.81868,0.01099,0.01099
Wisconsin,Forest,55,041,55041,10,5,5,0,0,0.5,0.5,0,0
Wisconsin,Grant,55,043,55043,96,64,27,3,2,0.66667,0.28125,0.03125,0.02083
Wisconsin,Green,55,045,55045,21,13,6,0,2,0.61905,0.28571,0,0.09524
Wisconsin,Green Lake,55,047,55047,51,42,7,0,2,0.82353,0.13725,0,0.03922
Wisconsin,Iowa,55,049,55049,30,22,8,0,0,0.73333,0.26667,0,0
Wisconsin,Iron,55,051,55051,8,8,0,0,0,1,0,0,0
Wisconsin,Jackson,55,053,55053,14,12,2,0,0,0.85714,0.14286,0,0
Wisconsin,Jefferson,55,055,55055,129,28,96,1,4,0.21705,0.74419,0.00775,0.03101
Wisconsin,Juneau,55,057,55057,25,17,6,0,2,0.68,0.24,0,0.08
Wisconsin,Kenosha,55,059,55059,199,72,115,3,9,0.36181,0.57789,0.01508,0.04523
Wisconsin,Kewaunee,55,061,55061,28,3,24,0,1,0.10714,0.85714,0,0.03571
Wisconsin,La Crosse,55,063,55063,192,139,50,0,3,0.72396,0.26042,0,0.01562
Wisconsin,Lafayette,55,065,55065,32,21,11,0,0,0.65625,0.34375,0,0
Wisconsin,Langlade,55,067,55067,12,2,10,0,0,0.16667,0.83333,0,0
Wisconsin,Lincoln,55,069,55069,47,28,18,0,1,0.59574,0.38298,0,0.02128
Wisconsin,Manitowoc,55,071,55071,169,3,163,1,2,0.01775,0.9645,0.00592,0.01183
Wisconsin,Marathon,55,073,55073,181,106,74,0,1,0.58564,0.40884,0,0.00552
Wisconsin,Marinette,55,075,55075,55,22,32,0,1,0.4,0.58182,0,0.01818
Wisconsin,Marquette,55,077,55077,15,8,7,0,0,0.53333,0.46667,0,0
Wisconsin,Menominee,55,078,55078,0,0,0,0,0,0,0,0,0
Wisconsin,Milwaukee,55,079,55079,2170,75,2055,13,27,0.03456,0.947,0.00599,0.01244
Wisconsin,Monroe,55,081,55081,42,30,11,0,1,0.71429,0.2619,0,0.02381
Wisconsin,Oconto,55,083,55083,24,6,17,0,1,0.25,0.70833,0,0.04167
Wisconsin,Oneida,55,085,55085,48,17,28,0,3,0.35417,0.58333,0,0.0625
Wisconsin,Outagamie,55,087,55087,310,106,191,3,10,0.34194,0.61613,0.00968,0.03226
Wisconsin,Ozaukee,55,089,55089,280,10,263,3,4,0.03571,0.93929,0.01071,0.01429
Wisconsin,Pepin,55,091,55091,15,15,0,0,0,1,0,0,0
Wisconsin,Pierce,55,093,55093,75,63,12,0,0,0.84,0.16,0,0
Wisconsin,Polk,55,095,55095,60,51,9,0,0,0.85,0.15,0,0
Wisconsin,Portage,55,097,55097,109,31,78,0,0,0.2844,0.7156,0,0
Wisconsin,Price,55,099,55099,27,14,13,0,0,0.51852,0.48148,0,0
Wisconsin,Racine,55,101,55101,451,19,422,3,7,0.04213,0.9357,0.00665,0.01552
Wisconsin,Richland,55,103,55103,21,12,8,0,1,0.57143,0.38095,0,0.04762
Wisconsin,Rock,55,105,55105,315,196,102,6,11,0.62222,0.32381,0.01905,0.03492
Wisconsin,Rusk,55,107,55107,19,12,5,1,1,0.63158,0.26316,0.05263,0.05263
Wisconsin,St Croix,55,109,55109,124,103,19,0,2,0.83065,0.15323,0,0.01613
Wisconsin,Sauk,55,111,55111,90,57,29,1,3,0.63333,0.32222,0.01111,0.03333
Wisconsin,Sawyer,55,113,55113,18,12,4,1,1,0.66667,0.22222,0.05556,0.05556
Wisconsin,Shawano,55,115,55115,48,9,33,4,2,0.1875,0.6875,0.08333,0.04167
Wisconsin,Sheboygan,55,117,55117,274,12,258,2,2,0.0438,0.94161,0.0073,0.0073
Wisconsin,Taylor,55,119,55119,21,12,8,0,1,0.57143,0.38095,0,0.04762
Wisconsin,Trempealeau,55,121,55121,40,31,8,0,1,0.775,0.2,0,0.025
Wisconsin,Vernon,55,123,55123,39,29,9,0,1,0.74359,0.23077,0,0.02564
Wisconsin,Vilas,55,125,55125,24,5,17,0,2,0.20833,0.70833,0,0.08333
Wisconsin,Walworth,55,127,55127,115,37,75,0,3,0.32174,0.65217,0,0.02609
Wisconsin,Washburn,55,129,55129,31,25,4,0,2,0.80645,0.12903,0,0.06452
Wisconsin,Washington,55,131,55131,302,10,286,2,4,0.03311,0.94702,0.00662,0.01325
Wisconsin,Waukesha,55,133,55133,1053,21,1009,6,17,0.01994,0.95821,0.0057,0.01614
Wisconsin,Waupaca,55,135,55135,67,22,44,1,0,0.32836,0.65672,0.01493,0
Wisconsin,Waushara,55,137,55137,16,3,13,0,0,0.1875,0.8125,0,0
Wisconsin,Winnebago,55,139,55139,247,105,134,2,6,0.4251,0.54251,0.0081,0.02429
Wisconsin,Wood,55,141,55141,110,55,51,3,1,0.5,0.46364,0.02727,0.00909
Wyoming,Albany,56,001,56001,44,28,11,5,0,0.63636,0.25,0.11364,0
Wyoming,Big Horn,56,003,56003,13,6,1,0,6,0.46154,0.07692,0,0.46154
Wyoming,Campbell,56,005,56005,54,35,6,2,11,0.64815,0.11111,0.03704,0.2037
Wyoming,Carbon,56,007,56007,15,14,1,0,0,0.93333,0.06667,0,0
Wyoming,Converse,56,009,56009,10,8,2,0,0,0.8,0.2,0,0
Wyoming,Crook,56,011,56011,7,3,3,1,0,0.42857,0.42857,0.14286,0
Wyoming,Fremont,56,013,56013,39,32,6,0,1,0.82051,0.15385,0,0.02564
Wyoming,Goshen,56,015,56015,12,9,1,0,2,0.75,0.08333,0,0.16667
Wyoming,Hot Springs,56,017,56017,3,3,0,0,0,1,0,0,0
Wyoming,Johnson,56,019,56019,13,11,1,1,0,0.84615,0.07692,0.07692,0
Wyoming,Laramie,56,021,56021,90,63,21,3,3,0.7,0.23333,0.03333,0.03333
Wyoming,Lincoln,56,023,56023,10,8,1,1,0,0.8,0.1,0.1,0
Wyoming,Natrona,56,025,56025,75,57,15,2,1,0.76,0.2,0.02667,0.01333
Wyoming,Niobrara,56,027,56027,1,1,0,0,0,1,0,0,0
Wyoming,Park,56,029,56029,34,22,9,1,2,0.64706,0.26471,0.02941,0.05882
Wyoming,Platte,56,031,56031,11,8,3,0,0,0.72727,0.27273,0,0
Wyoming,Sheridan,56,033,56033,32,21,10,1,0,0.65625,0.3125,0.03125,0
Wyoming,Sublette,56,035,56035,3,3,0,0,0,1,0,0,0
Wyoming,Sweetwater,56,037,56037,32,27,2,1,2,0.84375,0.0625,0.03125,0.0625
Wyoming,Teton,56,039,56039,14,8,3,3,0,0.57143,0.21429,0.21429,0
Wyoming,Uinta,56,041,56041,21,16,4,1,0,0.7619,0.19048,0.04762,0
Wyoming,Washakie,56,043,56043,67,15,4,0,48,0.22388,0.0597,0,0.71642
Wyoming,Weston,56,045,56045,11,10,1,0,0,0.90909,0.09091,0,0
