geoid,name,state,lat,lon,pop
3651000,New York,NY,40.66271,-73.93868,8478072
0644000,Los Angeles,CA,34.01939,-118.41083,3878704
1714000,Chicago,IL,41.83705,-87.68494,2721308
4835000,Houston,TX,29.78574,-95.38881,2390125
0455000,Phoenix,AZ,33.57215,-112.09013,1673164
4260000,Philadelphia,PA,40.00938,-75.13335,1573916
4865000,San Antonio,TX,29.46281,-98.52464,1526656
0666000,San Diego,CA,32.81498,-117.13556,1404452
4819000,Dallas,TX,32.79333,-96.76651,1326087
1235000,Jacksonville,FL,30.33686,-81.6616,1009833
4827000,Fort Worth,TX,32.78195,-97.34857,1008106
0668000,San Jose,CA,37.29601,-121.81455,997368
4805000,Austin,TX,30.29862,-97.75413,993588
3712000,Charlotte,NC,35.20905,-80.83099,943476
3918000,Columbus,OH,39.98394,-82.98488,933263
1836003,Indianapolis city,IN,39.77666,-86.14593,891484
0667000,San Francisco,CA,37.72724,-123.03223,827526
5363000,Seattle,WA,47.61933,-122.35154,780995
0820000,Denver,CO,39.76185,-104.88111,729019
4055000,Oklahoma City,OK,35.46708,-97.51366,712919
4752006,Nashville-Davidson,TN,36.1718,-86.785,704963
1150000,Washington,DC,38.90425,-77.01652,702250
4824000,El Paso,TX,31.84778,-106.43111,681723
3240000,Las Vegas,NV,36.2335,-115.26404,678922
2507000,Boston,MA,42.33855,-71.01825,673458
2622000,Detroit,MI,42.38304,-83.10224,645705
2148006,Louisville/Jefferson County,KY,38.16538,-85.64738,640796
4159000,Portland,OR,45.53695,-122.64997,635749
4748000,Memphis,TN,35.10903,-89.96746,610919
2404000,Baltimore,MD,39.30003,-76.61048,568271
5553000,Milwaukee,WI,43.06335,-87.9667,563531
3502000,Albuquerque,NM,35.10478,-106.64681,560326
0477000,Tucson,AZ,32.15304,-110.87077,554013
0627000,Fresno,CA,36.78268,-119.79336,550105
0664000,Sacramento,CA,38.56769,-121.46816,535798
1304000,Atlanta,GA,33.76291,-84.42267,520070
0446000,Mesa,AZ,33.40063,-111.71649,517151
2938000,Kansas City,MO,39.12236,-94.55512,516032
3755000,Raleigh,NC,35.83187,-78.64104,499825
0816000,Colorado Springs,CO,38.86726,-104.76075,493554
3137000,Omaha,NE,41.2627,-96.05348,489265
1245000,Miami,FL,25.77516,-80.20861,487014
5182000,Virginia Beach,VA,36.77952,-76.02914,454808
0643000,Long Beach,CA,33.78079,-118.16818,450901
0653000,Oakland,CA,37.76985,-122.22569,443554
2743000,Minneapolis,MN,44.96332,-93.26832,428579
0603526,Bakersfield,CA,35.35317,-119.03792,417468
4075000,Tulsa,OK,36.12795,-95.90232,415154
1271000,Tampa,FL,27.96626,-82.47762,414547
4804000,Arlington,TX,32.70071,-97.12469,403672
0804000,Aurora,CO,39.70363,-104.72009,403130
2079000,Wichita,KS,37.69064,-97.34584,400991
3916000,Cleveland,OH,41.47846,-81.67943,365379
2255000,New Orleans,LA,30.05342,-89.9345,362701
3231900,Henderson,NV,36.00896,-115.0268,350039
0602000,Anaheim,CA,33.8555,-117.75866,344561
1253000,Orlando,FL,28.40865,-81.25481,334854
2146027,Lexington-Fayette urban county,KY,38.04068,-84.45827,329437
0675000,Stockton,CA,37.97724,-121.30886,324975
0662000,Riverside,CA,33.93814,-117.39317,323757
0636770,Irvine,CA,33.6784,-117.77125,318683
4817000,Corpus Christi,TX,27.75425,-97.17338,317317
3451000,Newark,NJ,40.72422,-74.17257,317303
0669000,Santa Ana,CA,33.73633,-117.8829,316184
3915000,Cincinnati,OH,39.14018,-84.50583,314915
4261000,Pittsburgh,PA,40.43994,-79.97568,307668
2758000,St. Paul,MN,44.9489,-93.10406,307465
3728000,Greensboro,NC,36.09485,-79.82362,307381
3436000,Jersey City,NJ,40.71142,-74.06476,302824
3719000,Durham,NC,35.97806,-78.8995,301870
3128000,Lincoln,NE,40.80894,-96.6779,300619
3251800,North Las Vegas,NV,36.28986,-115.08918,294034
4858016,Plano,TX,33.05077,-96.74794,293286
0427400,Gilbert,AZ,33.31034,-111.74312,288790
5548000,Madison,WI,43.08781,-89.42986,285300
3260600,Reno,NV,39.5491,-119.84991,281714
0412000,Chandler,AZ,33.28276,-111.85182,281231
2965000,St. Louis,MO,38.6357,-90.24458,279695
0613392,Chula Vista,CA,32.62767,-117.01517,278546
3611000,Buffalo,NY,42.89249,-78.85969,276617
1825000,Fort Wayne,IN,41.08913,-85.1439,273203
4845000,Lubbock,TX,33.5619,-101.88888,272086
1263000,St. Petersburg,FL,27.76273,-82.64413,267102
3977000,Toledo,OH,41.66407,-83.58186,265638
4841464,Laredo,TX,27.56038,-99.48918,261260
1258715,Port St. Lucie,FL,27.28055,-80.38826,258575
0427820,Glendale,AZ,33.53311,-112.1899,258143
4837000,Irving,TX,32.85775,-96.97002,258060
3775000,Winston-Salem,NC,36.10286,-80.26083,255769
5116000,Chesapeake,VA,36.67938,-76.30179,254997
4829000,Garland,TX,32.90983,-96.63033,250431
0465000,Scottsdale,AZ,33.68427,-111.86145,246170
1608830,Boise City,ID,43.60023,-116.23166,237963
1230000,Hialeah,FL,25.86994,-80.30286,235388
4827684,Frisco,TX,33.15543,-96.8226,235208
5167000,Richmond,VA,37.5314,-77.47601,233655
1210275,Cape Coral,FL,26.64319,-81.99736,233025
5157000,Norfolk,VA,36.92301,-76.24464,231105
5367000,Spokane,WA,47.66694,-117.43332,230609
0137000,Huntsville,AL,34.69772,-86.67667,230402
0669088,Santa Clarita,CA,34.4165,-118.50069,229159
5370000,Tacoma,WA,47.2522,-122.45983,228202
0626000,Fremont,CA,37.49446,-121.94115,228192
4845744,McKinney,TX,33.20112,-96.66416,227526
0665000,San Bernardino,CA,34.14114,-117.29463,224775
2205000,Baton Rouge,LA,30.44044,-91.13317,220907
0648354,Modesto,CA,37.63753,-121.00305,220592
0624680,Fontana,CA,34.10969,-117.46289,218455
4967000,Salt Lake City,UT,40.77693,-111.93099,217783
0649270,Moreno Valley,CA,33.92325,-117.20569,213919
1921000,Des Moines,IA,41.57259,-93.61024,213096
2582000,Worcester,MA,42.26948,-71.80778,211286
3684000,Yonkers,NY,40.94586,-73.86745,211040
3722920,Fayetteville,NC,35.08277,-78.97352,209496
4659020,Sioux Falls,SD,43.5407,-96.73196,209289
4830464,Grand Prairie,TX,32.68611,-97.0208,207331
3663000,Rochester,NY,43.16993,-77.61689,207282
1270600,Tallahassee,FL,30.45353,-84.25227,205089
0541000,Little Rock,AR,34.72539,-92.35856,204774
4803000,Amarillo,TX,35.19806,-101.83311,203729
2053775,Overland Park,KS,38.88904,-94.69058,202893
1319000,Columbus,GA,32.5102,-84.87495,201830
1304204,Augusta-Richmond County,GA,33.36553,-82.07342,201737
0150000,Mobile,AL,30.66843,-88.10023,201367
0654652,Oxnard,CA,34.19944,-119.20752,200616
2634000,Grand Rapids,MI,42.96116,-85.65557,200117
0454050,Peoria,AZ,33.78619,-112.30804,199924
5374060,Vancouver,WA,45.63716,-122.59657,198992
4740000,Knoxville,TN,35.97068,-83.94927,198722
0107000,Birmingham,AL,33.52717,-86.79704,196357
0151000,Montgomery,AL,32.3485,-86.26731,195818
4459000,Providence,RI,41.82306,-71.41878,194706
0636000,Huntington Beach,CA,33.69801,-118.00383,193151
4810768,Brownsville,TX,25.99569,-97.45085,191967
4714000,Chattanooga,TN,35.06596,-85.24839,191496
1224000,Fort Lauderdale,FL,26.14123,-80.14673,190641
0473000,Tempe,AZ,33.38841,-111.93178,190114
3901000,Akron,OH,41.08046,-81.52143,189664
0630000,Glendale,CA,34.18139,-118.24583,187823
4715160,Clarksville,TN,36.56643,-87.34522,185690
0653896,Ontario,CA,34.03765,-117.60443,185285
5156000,Newport News,VA,37.07614,-76.52198,183056
0622020,Elk Grove,CA,38.41462,-121.38496,182797
3710740,Cary,NC,35.7813,-78.82344,182659
1703012,Aurora,IL,41.76346,-88.2901,180710
4164900,Salem,OR,44.9239,-123.02301,180406
1255775,Pembroke Pines,FL,26.01472,-80.34017,179326
4123850,Eugene,OR,44.05685,-123.11902,178786
0670098,Santa Rosa,CA,38.44582,-122.70618,177524
0659451,Rancho Cucamonga,CA,34.13031,-117.56607,176675
2270000,Shreveport,LA,32.46688,-93.79219,176578
0629000,Garden Grove,CA,33.77878,-117.96047,172361
0653322,Oceanside,CA,33.2246,-117.30629,170941
0827425,Fort Collins,CO,40.54822,-105.06483,170924
2970000,Springfield,MO,37.19416,-93.29264,170596
4751560,Murfreesboro,TN,35.85392,-86.42122,168387
0471510,Surprise,AZ,33.6708,-112.45255,167564
0640130,Lancaster,CA,34.69356,-118.1753,167426
4819972,Denton,TX,33.21745,-97.14135,165998
0662938,Roseville,CA,38.7703,-121.31963,163304
0655156,Palmdale,CA,34.59104,-118.1054,162536
0616350,Corona,CA,33.86197,-117.56549,161540
0664224,Salinas,CA,36.69022,-121.63379,160783
4839148,Killeen,TX,31.07767,-97.73195,160616
3457000,Paterson,NJ,40.91477,-74.16283,160463
5101000,Alexandria,VA,38.81925,-77.08367,159102
1232000,Hollywood,FL,26.03097,-80.16461,159073
0633000,Hayward,CA,37.62683,-122.10402,158440
4513330,Charleston,SC,32.82802,-79.9729,157665
1349008,Macon-Bibb County,GA,32.80884,-83.69419,157056
0843000,Lakewood,CO,39.69894,-105.11757,156868
0677000,Sunnyvale,CA,37.3858,-122.02632,156792
2036000,Kansas City,KS,39.12254,-94.74178,156752
2567000,Springfield,MA,42.11545,-72.53998,154888
5305210,Bellevue,WA,47.59784,-122.15648,154377
1751622,Naperville,IL,41.74917,-88.16202,153124
1738570,Joliet,IL,41.5177,-88.14885,151837
0908000,Bridgeport,CT,41.18739,-73.19576,151599
4847892,Mesquite,TX,32.75955,-96.58416,150140
4856000,Pasadena,TX,29.655,-95.15105,149617
2052575,Olathe,KS,38.88203,-94.82005,149035
0622804,Escondido,CA,33.13305,-117.07404,148847
1369000,Savannah,GA,32.01804,-81.19649,148808
4845384,McAllen,TX,26.22497,-98.24608,148782
1225175,Gainesville,FL,29.67954,-82.34679,148720
0658072,Pomona,CA,34.05849,-117.76109,147966
1765000,Rockford,IL,42.25884,-89.06455,147486
0877290,Thornton,CO,39.92043,-104.94141,146689
4876000,Waco,TX,31.55799,-97.18975,146608
0682954,Visalia,CA,36.32803,-119.32852,146271
3673000,Syracuse,NY,43.041,-76.14355,146097
4516000,Columbia,SC,34.04052,-80.9061,144788
4848072,Midland,TX,32.02464,-102.11347,143687
1245975,Miramar,FL,25.97253,-80.33858,143242
1254000,Palm Bay,FL,27.96489,-80.65828,142023
2836000,Jackson,MS,32.31583,-90.21285,141449
1214400,Coral Springs,FL,26.27072,-80.2593,140808
0682590,Victorville,CA,34.52773,-117.35358,140721
3421000,Elizabeth,NJ,40.66637,-74.1935,140413
0628000,Fullerton,CA,33.88572,-117.92803,140054
1652120,Meridian,ID,43.61149,-116.40066,139740
0680000,Torrance,CA,33.83045,-118.35662,139576
0973000,Stamford,CT,41.07961,-73.54608,139134
4983470,West Valley City,UT,40.68849,-112.01176,138144
0653980,Orange,CA,33.78697,-117.86127,137941
1912000,Cedar Rapids,IA,41.96585,-91.6789,137904
2684000,Warren,MI,42.4929,-83.025,137686
5135000,Hampton,VA,37.04796,-76.29729,137596
0952000,New Haven,CT,41.31081,-72.92495,137562
0656000,Pasadena,CA,34.1606,-118.13795,137195
5335415,Kent,WA,47.38797,-122.21273,136588
3921000,Dayton,OH,39.78474,-84.19963,136346
3825700,Fargo,ND,46.8647,-96.82908,136285
4842508,Lewisville,TX,33.05072,-96.97462,135983
4813024,Carrollton,TX,32.98939,-96.89994,135456
4863500,Round Rock,TX,30.52677,-97.66008,135359
2676460,Sterling Heights,MI,42.58121,-83.03032,134342
0669084,Santa Clara,CA,37.36462,-121.96797,133132
4052500,Norman,OK,35.24057,-97.3453,131010
2915670,Columbia,MO,38.94729,-92.32639,130900
4801000,Abilene,TX,32.45451,-99.73815,130501
4856348,Pearland,TX,29.55573,-95.32301,129620
1303440,Athens-Clarke County,GA,33.9496,-83.37009,128691
4815976,College Station,TX,30.58516,-96.29636,128023
0614218,Clovis,CA,36.82897,-119.68492,127993
1276600,West Palm Beach,FL,26.74511,-80.12704,127744
4202000,Allentown,PA,40.59365,-75.47839,127138
4550875,North Charleston,SC,32.91788,-80.065,126005
0672016,Simi Valley,CA,34.26689,-118.74846,125778
2071000,Topeka,KS,39.03468,-95.69482,125467
3774440,Wilmington,NC,34.20923,-77.88577,125284
1238250,Lakeland,FL,28.0555,-81.95477,124990
0678582,Thousand Oaks,CA,34.19329,-118.87423,124229
0616000,Concord,CA,37.97218,-122.00159,124016
2754880,Rochester,MN,44.0143,-92.47859,123624
0681666,Vallejo,CA,38.10691,-122.26234,123475
2603000,Ann Arbor,MI,42.27615,-83.73086,122925
4009050,Broken Arrow,OK,36.03653,-95.781,122756
0623182,Fairfield,CA,38.26206,-122.03239,122646
2240735,Lafayette,LA,30.2056,-92.02806,122280
0937000,Hartford,CT,41.76593,-72.68158,122129
0803455,Arvada,CO,39.83373,-105.15031,121873
0606000,Berkeley,CA,37.86567,-122.29873,121749
2935000,Independence,MO,39.08547,-94.35208,121629
3006550,Billings,MT,45.78854,-108.55248,121483
2511000,Cambridge,MA,42.37604,-71.11868,121186
2537000,Lowell,MA,42.639,-71.32102,120418
4853388,Odessa,TX,31.88046,-102.34531,119748
3731400,High Point,NC,35.9908,-79.99271,118601
4841980,League City,TX,29.49006,-95.10909,118456
0602252,Antioch,CA,37.97834,-121.79606,118453
4861796,Richardson,TX,32.97229,-96.70807,118221
0428380,Goodyear,AZ,33.25403,-112.36647,118186
1258050,Pompano Beach,FL,26.24162,-80.13385,118104
1656260,Nampa,ID,43.58554,-116.56563,117350
0646842,Menifee,CA,33.68986,-117.18438,117041
3539380,Las Cruces,NM,32.32644,-106.78969,116998
1212875,Clearwater,FL,27.97942,-82.77126,116811
4982950,West Jordan,UT,40.60267,-112.00126,116688
4850820,New Braunfels,TX,29.69931,-98.11513,116477
3345140,Manchester,NH,42.98494,-71.44413,116386
1245060,Miami Gardens,FL,25.94889,-80.24358,116173
0980000,Waterbury,CT,41.5585,-73.03669,115908
4962470,Provo,UT,40.24531,-111.64506,115479
1822000,Evansville,IN,37.98774,-87.53471,115395
0660620,Richmond,CA,37.95228,-122.36061,115353
0883835,Westminster,CO,39.88012,-105.06151,115302
1723074,Elgin,IL,42.03896,-88.32567,114701
4816432,Conroe,TX,30.32872,-95.4846,114581
0832155,Greeley,CO,40.41403,-104.77104,114363
2646000,Lansing,MI,42.71434,-84.56089,114336
0407940,Buckeye,AZ,33.43157,-112.64163,114334
0177256,Tuscaloosa,AL,33.2344,-87.5283,114288
4801924,Allen,TX,33.10974,-96.67303,113746
0611194,Carlsbad,CA,33.12928,-117.28418,113575
5322640,Everett,WA,47.96541,-122.1899,113011
1772000,Springfield,IL,39.79106,-89.64457,112949
4807000,Beaumont,TX,30.08491,-94.14533,112893
0650076,Murrieta,CA,33.57213,-117.19044,112539
3563460,Rio Rancho,NM,35.28507,-106.69887,112524
0678120,Temecula,CA,33.49307,-117.13173,112431
3714100,Concord,NC,35.39209,-80.63551,112395
4874144,Tyler,TX,32.31726,-95.30589,112219
1216475,Davie,FL,26.07917,-80.28301,112052
1372122,South Fulton,GA,33.63572,-84.58342,112003
1759000,Peoria,IL,40.75164,-89.6172,111696
3268400,Sparks,NV,39.57434,-119.71515,111520
4131250,Gresham,OR,45.50232,-122.44161,111507
0669196,Santa Maria,CA,34.93308,-120.44356,111346
0862000,Pueblo,CO,38.26923,-104.61082,111166
4134100,Hillsboro,OR,45.5268,-122.93539,110337
4870808,Sugar Land,TX,29.59276,-95.6338,109851
0665042,San Buenaventura (Ventura),CA,34.26778,-119.25421,109831
0619766,Downey,CA,33.93824,-118.13086,109368
0616532,Costa Mesa,CA,33.66591,-117.91234,109131
0812815,Centennial,CO,39.59086,-104.86381,108853
4822660,Edinburg,TX,26.32106,-98.16284,108733
5367167,Spokane Valley,WA,47.66335,-117.23278,108267
0637692,Jurupa Valley,CA,34.00259,-117.46761,108154
4105800,Bend,OR,44.05668,-121.30799,106926
0684200,West Covina,CA,34.05594,-117.90994,106920
0807850,Boulder,CO,40.02443,-105.25125,106803
1254200,Palm Coast,FL,29.53684,-81.24263,106729
2941348,Lee's Summit,MO,38.9216,-94.38476,106419
2621000,Dearborn,MI,42.31306,-83.21149,106377
5531000,Green Bay,WI,44.52154,-87.98657,106311
4965330,St. George,UT,37.07701,-113.57653,106288
2509000,Brockton,MA,42.08254,-71.02464,105788
5357745,Renton,WA,47.47919,-122.19461,105543
1368516,Sandy Springs,GA,33.9315,-84.36889,105505
0660466,Rialto,CA,34.11742,-117.38921,104918
0622230,El Monte,CA,34.07463,-118.02914,104639
0681554,Vacaville,CA,38.35862,-121.9686,103994
1823278,Fishers,IN,39.96183,-85.96836,103986
1871000,South Bend,IN,41.67664,-86.26881,103713
1810342,Carmel,IN,39.96548,-86.14837,103606
0485540,Yuma,AZ,32.51629,-114.52178,103559
0608954,Burbank,CA,34.19008,-118.3264,103533
2537490,Lynn,MA,42.47477,-70.96204,103489
2555745,Quincy,MA,42.26101,-71.00899,103434
0621712,El Cajon,CA,32.80167,-116.96047,103291
0523290,Fayetteville,AR,36.07146,-94.16656,103134
5176432,Suffolk,VA,36.69716,-76.63478,103105
0668252,San Mateo,CA,37.56031,-122.3106,103006
0613014,Chico,CA,39.75895,-121.81772,102911
0636546,Inglewood,CA,33.95607,-118.34427,102774
4879000,Wichita Falls,TX,33.90665,-98.52585,102372
1207300,Boca Raton,FL,26.37269,-80.10371,102238
0633434,Hesperia,CA,34.39704,-117.3152,101836
0617918,Daly City,CA,37.68619,-122.46867,101418
4829336,Georgetown,TX,30.66814,-97.69874,101344
2545000,New Bedford,MA,41.6613,-70.93791,101318
3601000,Albany,NY,42.66575,-73.79835,101317
1919000,Davenport,IA,41.55682,-90.60395,100938
1257425,Plantation,FL,26.12557,-80.26182,100694
1217200,Deltona,FL,28.90512,-81.21098,100513
5323515,Federal Way,WA,47.3116,-122.33776,100252
4864472,San Angelo,TX,31.44108,-100.4505,100159
0680238,Tracy,CA,37.7274,-121.4522,100136
1269700,Sunrise,FL,26.1716,-80.26163,100128
1224125,Fort Myers,FL,26.62007,-81.82955,99918
0845970,Longmont,CO,40.16985,-105.10184,99818
5539225,Kenosha,WI,42.58753,-87.88,99578
0682996,Vista,CA,33.18968,-117.23858,99322
4023200,Edmond,OK,35.67381,-97.41308,99040
4105350,Beaverton,OR,45.47783,-122.8169,98302
0652526,Norwalk,CA,33.9076,-118.08345,98230
5168000,Roanoke,VA,37.27846,-79.95817,97912
5380010,Yakima,WA,46.59094,-120.5494,97390
2038900,Lawrence,KS,38.96003,-95.26293,97271
4957300,Orem,UT,40.29807,-111.69944,96646
0668196,San Marcos,CA,33.13257,-117.16989,96620
0404720,Avondale,AZ,33.31324,-112.32893,96609
5164000,Portsmouth,VA,36.85934,-76.35697,96482
4872176,Temple,TX,31.10345,-97.39112,96267
0646898,Merced,CA,37.30571,-120.47791,96073
4263624,Reading,PA,40.33922,-75.92628,96000
5305280,Bellingham,WA,48.75344,-122.47018,95860
4548535,Mount Pleasant,SC,32.80838,-79.86504,95604
5335940,Kirkland,WA,47.69666,-122.20417,95499
2954074,O'Fallon,MO,38.78467,-90.72074,95355
3728080,Greenville,NC,35.59643,-77.37526,95138
3702140,Asheville,NC,35.57097,-82.55272,94992
2523000,Fall River,MA,41.72535,-71.09416,94689
0645484,Manteca,CA,37.79284,-121.22608,94292
0636448,Indio,CA,33.73164,-116.23597,94275
0613210,Chino,CA,33.97804,-117.65772,94010
0955990,Norwalk,CT,41.09274,-73.4198,93661
0659920,Redding,CA,40.57028,-122.36677,93502
4944320,Lehi,UT,40.41708,-111.87115,93446
2649000,Livonia,MI,42.39718,-83.37232,93113
0135896,Hoover,AL,33.37903,-86.8089,93013
4224000,Erie,PA,42.11659,-80.0735,92940
0633182,Hemet,CA,33.73407,-116.99681,92912
1249675,North Port,FL,27.05817,-82.19804,92875
4967440,Sandy,UT,40.57171,-111.84987,92840
1367284,Roswell,GA,34.03945,-84.35095,92227
1712385,Champaign,IL,40.1141,-88.27462,91961
3350260,Nashua,NH,42.74907,-71.49054,91851
0648256,Mission Viejo,CA,33.60934,-117.65647,91601
4810912,Bryan,TX,30.66602,-96.38105,91541
0611530,Carson,CA,33.84037,-118.24957,91358
3474000,Trenton,NJ,40.22384,-74.76362,91193
0615044,Compton,CA,33.89405,-118.22747,91129
0673080,South Gate,CA,33.94416,-118.19276,90805
0670000,Santa Monica,CA,34.01091,-118.49824,90729
2545560,Newton,MA,42.33177,-71.2084,90700
3570500,Santa Fe,NM,35.66198,-105.98181,90551
0524550,Fort Smith,AR,35.34928,-94.37088,90507
1216725,Deerfield Beach,FL,26.31172,-80.12538,90507
3413690,Clifton,NJ,40.86214,-74.16039,90322
4041850,Lawton,OK,34.61922,-98.42111,90027
0684550,Westminster,CA,33.75229,-117.99387,89537
2430325,Frederick,MD,39.43409,-77.41454,89537
0566080,Springdale,AR,36.19144,-94.15506,89368
2534550,Lawrence,MA,42.70027,-71.16136,89332
2680700,Troy,MI,42.58388,-83.14553,89209
4727740,Franklin,TN,35.91403,-86.85216,89142
0918430,Danbury,CT,41.39874,-73.4781,88692
4955980,Ogden,UT,41.22839,-111.96815,88656
4848768,Mission,TX,26.20406,-98.32522,88574
1779293,Waukegan,IL,42.36945,-87.8709,88570
2706616,Bloomington,MN,44.82967,-93.31522,88344
0624638,Folsom,CA,38.6666,-121.14163,88091
2717000,Duluth,MN,46.77446,-92.13414,87986
1243975,Melbourne,FL,28.11044,-80.66272,87561
4842016,Leander,TX,30.57427,-97.86174,87511
0649670,Mountain View,CA,37.39969,-122.07927,87316
0669070,Santa Barbara,CA,34.40359,-119.71371,87291
0639496,Lake Forest,CA,33.65495,-117.67585,87159
0613588,Citrus Heights,CA,38.69481,-121.28795,86909
1973335,Sioux City,IA,42.49529,-96.38986,86875
5335275,Kennewick,WA,46.19762,-119.17592,86728
0668084,San Leandro,CA,37.70337,-122.16304,86571
4147000,Medford,OR,42.33689,-122.85177,86301
1380508,Warner Robins,GA,32.5971,-83.65394,86199
4970850,South Jordan,UT,40.55691,-111.97858,86156
1216525,Daytona Beach,FL,29.19071,-81.09708,86015
4806128,Baytown,TX,29.76478,-94.96746,86004
0668378,San Ramon,CA,37.76526,-121.93199,85924
1232275,Homestead,FL,25.46633,-80.44305,85796
0685292,Whittier,CA,33.96683,-118.02012,85589
3725580,Gastonia,NC,35.249,-81.18483,85535
5303180,Auburn,WA,47.30377,-122.21,85513
3650617,New Rochelle,NY,40.92324,-73.77934,85512
0641992,Livermore,CA,37.68698,-121.75978,84867
1236950,Kissimmee,FL,28.30278,-81.41783,84756
4419180,Cranston,RI,41.76973,-71.48505,84448
4943660,Layton,UT,41.07742,-111.96073,84348
2627440,Farmington Hills,MI,42.48565,-83.37596,84173
0659444,Rancho Cordova,CA,38.57708,-121.23619,84113
0458150,Queen Creek,AZ,33.23942,-111.61332,83781
0103076,Auburn,AL,32.60781,-85.49475,83757
4843888,Longview,TX,32.51934,-94.76459,83668
0632548,Hawthorne,CA,33.91477,-118.34808,83633
1217935,Doral,FL,25.81596,-80.35756,83625
4474300,Warwick,RI,41.70309,-71.42031,83554
1245025,Miami Beach,FL,25.8106,-80.14885,83251
0812415,Castle Rock,CO,39.37619,-104.85292,83213
1207875,Boynton Beach,FL,26.52833,-80.08072,83095
0656700,Perris,CA,33.78985,-117.22217,83032
0660102,Redwood City,CA,37.51527,-122.21367,82982
0651182,Newport Beach,CA,33.59733,-117.89035,82970
2707966,Brooklyn Park,MN,45.11091,-93.34909,82893
2686000,Westland,MI,42.31917,-83.38078,82745
0608786,Buena Park,CA,33.85735,-118.00737,82611
0535710,Jonesboro,AR,35.81976,-90.67903,82384
1239425,Largo,FL,27.90591,-82.76724,82337
5357535,Redmond,WA,47.67792,-122.11534,82195
2562535,Somerville,MA,42.39044,-71.10103,82149
1714351,Cicero,IL,41.84454,-87.75929,82090
5353545,Pasco,WA,46.26611,-119.12143,81724
1342425,Johns Creek,GA,34.03274,-84.20385,81167
2241155,Lake Charles,LA,30.19902,-93.21084,81157
4857200,Pharr,TX,26.16784,-98.1902,81142
0846465,Loveland,CO,40.4169,-105.06311,81102
4846452,Mansfield,TX,32.56919,-97.12053,80803
2771428,Woodbury,MN,44.90628,-92.9237,80596
5147672,Lynchburg,VA,37.39902,-79.19546,80301
0600884,Alhambra,CA,34.08357,-118.13644,80279
4826232,Flower Mound,TX,33.03789,-97.11338,79990
1805860,Bloomington,IN,39.1637,-86.52426,79986
4652980,Rapid City,SD,44.07107,-103.21792,79894
0647766,Milpitas,CA,37.43314,-121.89092,79746
2629000,Flint,MI,43.02442,-83.69197,79735
0681344,Upland,CA,34.11607,-117.65992,79684
4206088,Bethlehem,PA,40.62642,-75.3679,79453
3961000,Parma,OH,41.38357,-81.72864,79350
1706613,Bloomington,IL,40.47578,-88.96991,79232
2108902,Bowling Green,KY,36.97565,-86.43596,79076
0680854,Tustin,CA,33.73092,-117.8106,78863
0600562,Alameda,CA,37.74191,-122.25991,78795
4848804,Missouri City,TX,29.56294,-95.536,78582
2688940,Wyoming,MI,42.89032,-85.70673,78559
2751730,Plymouth,MN,45.02231,-93.46288,78551
0639892,Lakewood,CA,33.84714,-118.12189,78494
4813552,Cedar Park,TX,30.51018,-97.81863,78380
2669035,Rochester Hills,MI,42.66348,-83.1592,78330
0809280,Broomfield,CO,39.95359,-105.05079,78323
1348288,Mableton,GA,33.81447,-84.56575,78314
3050200,Missoula,MT,46.87436,-114.02614,78204
5566000,Racine,WI,42.72557,-87.81422,78057
2735180,Lakeville,MN,44.67613,-93.25174,77971
3807200,Bismarck,ND,46.81458,-100.77009,77772
0423620,Flagstaff,AZ,35.18521,-111.6207,77539
0613214,Chino Hills,CA,33.94297,-117.72565,77418
0657456,Pittsburg,CA,38.01677,-121.89695,77131
1768003,Schaumburg,IL,42.0289,-88.08377,77099
4454640,Pawtucket,RI,41.87482,-71.37332,76996
0650258,Napa,CA,38.29787,-122.30074,76921
2674900,Southfield,MI,42.47464,-83.25951,76874
1902305,Ankeny,IA,41.73017,-93.60251,76727
1938595,Iowa City,IA,41.65566,-91.53086,76710
0444410,Maricopa,AZ,33.04194,-111.99926,76654
1239550,Lauderhill,FL,26.16222,-80.22443,76627
5343955,Marysville,WA,48.08021,-122.15431,76209
1831000,Hammond,IN,41.61874,-87.49495,76030
1724582,Evanston,IL,42.04639,-87.69435,76006
3701520,Apex,NC,35.72463,-78.87874,75977
4269000,Scranton,PA,41.40418,-75.66591,75905
0950370,New Britain,CT,41.67656,-72.78616,75871
4561405,Rock Hill,SC,34.93822,-81.01918,75798
0604982,Bellflower,CA,33.88782,-118.12725,75716
0657792,Pleasanton,CA,37.66719,-121.88123,75664
0560410,Rogers,AR,36.31809,-94.15229,75639
1702154,Arlington Heights,IL,42.09736,-87.98167,75596
5502375,Appleton,WI,44.27887,-88.38828,75344
1854180,Noblesville,IN,40.0353,-86.00016,75239
2706382,Blaine,MN,45.17052,-93.20609,75172
1270675,Tamarac,FL,26.2033,-80.25603,75147
0662364,Rocklin,CA,38.80687,-121.2497,75129
0602364,Apple Valley,CA,34.53338,-117.21036,75029
1707133,Bolingbrook,IL,41.68806,-88.10097,74756
2829700,Gulfport,MS,30.41949,-89.06902,74621
3403580,Bayonne,NJ,40.66249,-74.1102,74532
4530850,Greenville,SC,34.8369,-82.363,74371
4865600,San Marcos,TX,29.8724,-97.93602,74316
0659962,Redlands,CA,34.05351,-117.17048,74279
1983910,West Des Moines,IA,41.54994,-93.78135,73664
4738320,Johnson City,TN,36.34233,-82.38092,73635
0639486,Lake Elsinore,CA,33.68596,-117.3354,73595
2524960,Framingham,MA,42.3079,-71.4362,73361
2642160,Kalamazoo,MI,42.27516,-85.5885,73290
1077580,Wilmington,DE,39.73565,-75.5321,73176
1612250,Caldwell,ID,43.64588,-116.65934,73088
0680812,Turlock,CA,37.50552,-120.85927,72888
2740166,Maple Grove,MN,45.11276,-93.46298,72739
0680644,Tulare,CA,36.19937,-119.34192,72601
2964082,St. Charles,MO,38.7957,-90.51536,72458
5522300,Eau Claire,WI,44.81834,-91.49477,72331
4832372,Harlingen,TX,26.1912,-97.69738,72234
2756896,St. Cloud,MN,45.52666,-94.17101,72145
3649121,Mount Vernon,NY,40.91311,-73.82932,71999
3419390,East Orange,NJ,40.76505,-74.21165,71850
1840788,Lafayette,IN,40.39941,-86.86281,71757
3410000,Camden,NJ,39.93679,-75.10664,71749
0121184,Dothan,AL,31.2337,-85.40682,71650
5584250,Waukesha,WI,43.00908,-88.24506,71461
4852356,North Richland Hills,TX,32.86058,-97.21915,71436
2964550,St. Joseph,MO,39.75946,-94.82114,71098
1262625,St. Cloud,FL,28.23522,-81.28396,71036
3734200,Jacksonville,NC,34.72973,-77.39366,70840
0683346,Walnut Creek,CA,37.90267,-122.04048,70817
0621230,Eastvale,CA,33.96327,-117.58237,70751
3456550,Passaic,NJ,40.85755,-74.12909,70722
0515190,Conway,AR,35.0744,-92.467,70711
2431175,Gaithersburg,MD,39.1486,-77.19513,70686
1276582,Weston,FL,26.10039,-80.40206,70674
0831660,Grand Junction,CO,39.08906,-108.56745,70554
0620018,Dublin,CA,37.71614,-121.89623,70544
1250750,Ocala,FL,29.17751,-82.15103,70251
0816495,Commerce City,CO,39.88279,-104.79491,70245
1217100,Delray Beach,FL,26.4559,-80.09042,70140
0610046,Camarillo,CA,34.22182,-119.03215,69881
2064500,Shawnee,KS,39.01749,-94.8058,69724
2360545,Portland,ME,43.63316,-70.1853,69568
1639700,Idaho Falls,ID,43.48885,-112.0363,69523
3665508,Schenectady,NY,42.80264,-73.9272,69495
4737640,Jackson,TN,35.65415,-88.83497,69303
0603666,Baldwin Park,CA,34.08282,-117.97129,69247
3912000,Canton,OH,40.80765,-81.36723,69211
0686972,Yuba City,CA,39.12984,-121.64155,69148
0645022,Madera,CA,36.96577,-120.08616,69094
1901855,Ames,IA,42.02633,-93.62126,69026
0410530,Casa Grande,AZ,32.90692,-111.76349,68927
1718823,Decatur,IL,39.85598,-88.93375,68763
0642202,Lodi,CA,38.12161,-121.29076,68642
2467675,Rockville,MD,39.08367,-77.15559,68417
2529405,Haverhill,MA,42.78294,-71.08744,68291
1829898,Greenwood,IN,39.60299,-86.1085,68175
4863572,Rowlett,TX,32.91593,-96.54859,68123
0660018,Redondo Beach,CA,33.84954,-118.40076,68075
2659440,Novi,MI,42.47849,-83.48682,67675
0655282,Palo Alto,CA,37.39652,-122.14309,67658
1827000,Gary,IN,41.59074,-87.34711,67555
1982425,Waterloo,IA,42.49233,-92.35195,67477
1301696,Alpharetta,GA,34.07087,-84.27265,67275
5560500,Oshkosh,WI,44.02317,-88.56226,67242
2717288,Eagan,MN,44.81522,-93.16282,67240
0618100,Davis,CA,38.55615,-121.73779,67125
3733120,Huntersville,NC,35.40681,-80.86868,67087
1263650,Sanford,FL,28.78943,-81.27562,66919
3474630,Union City,NJ,40.76743,-74.03228,66918
4857176,Pflugerville,TX,30.44777,-97.60212,66819
1301052,Albany,GA,31.57812,-84.17622,66705
2537875,Malden,MA,42.42938,-71.05871,66693
1258575,Port Orange,FL,29.11344,-81.01322,66556
0686832,Yorba Linda,CA,33.88904,-117.77207,66489
5361115,Sammamish,WA,47.59427,-122.03808,66474
5537825,Janesville,WI,42.6847,-89.01317,66428
0608142,Brentwood,CA,37.93558,-121.71897,66286
5363960,Shoreline,WA,47.75692,-122.34551,66251
0681204,Union City,CA,37.60276,-122.01884,66196
4875428,Victoria,TX,28.82853,-96.98601,66020
1757225,Palatine,IL,42.11647,-88.04436,65951
1770122,Skokie,IL,42.03597,-87.73999,65850
2572600,Waltham,MA,42.38892,-71.24227,65849
4839952,Kyle,TX,29.99412,-97.88332,65833
3944856,Lorain,OH,41.43881,-82.17972,65751
5613900,Cheyenne,WY,41.12727,-104.79022,65704
0857630,Parker,CO,39.50595,-104.77583,65473
1851876,Muncie,IN,40.19883,-85.39506,65320
2708794,Burnsville,MN,44.76441,-93.27937,64864
3103950,Bellevue,NE,41.1633,-95.90327,64777
0673262,South San Francisco,CA,37.6551,-122.37623,64660
2239475,Kenner,LA,30.01023,-90.25482,64650
0550450,North Little Rock,AR,34.78175,-92.23506,64498
5358235,Richland,WA,46.28409,-119.29405,64372
4950150,Millcreek,UT,40.68902,-111.82956,64217
0639248,Laguna Niguel,CA,33.52865,-117.70125,64185
0145784,Madison,AL,34.71053,-86.76228,64029
3711800,Chapel Hill,NC,35.92833,-79.04138,64028
3933012,Hamilton,OH,39.39343,-84.56575,63953
4733280,Hendersonville,TN,36.30729,-86.59889,63947
4049200,Moore,OK,35.3285,-97.47476,63845
2713114,Coon Rapids,MN,45.17641,-93.31145,63807
3676540,Utica,NY,43.09638,-75.22598,63660
0644574,Lynwood,CA,33.92396,-118.20166,63596
0658240,Porterville,CA,36.06354,-119.0336,63517
1254075,Palm Beach Gardens,FL,26.84879,-80.16712,63284
1275812,Wellington,FL,26.64899,-80.26721,63258
2208920,Bossier City,LA,32.52367,-93.65543,63218
1349756,Marietta,GA,33.95356,-84.54246,63122
1882700,Westfield,IN,40.03601,-86.15221,62994
1235875,Jupiter,FL,26.91855,-80.11694,62987
0686328,Woodland,CA,38.67116,-121.75004,62983
4880356,Wylie,TX,33.03583,-96.52019,62954
2718116,Eden Prairie,MN,44.8496,-93.45872,62905
1201700,Apopka,FL,28.7017,-81.53182,62777
5338038,Lakewood,WA,47.16409,-122.52811,62709
1916860,Council Bluffs,IA,41.23599,-95.85316,62665
0665084,San Clemente,CA,33.44914,-117.61312,62627
0669112,Santa Cruz,CA,36.97438,-122.03527,62581
3681677,White Plains,NY,41.0238,-73.75105,62561
2665440,Pontiac,MI,42.64923,-83.28736,62528
0444270,Marana,AZ,32.46594,-111.1354,62380
4934970,Herriman,UT,40.49173,-112.02034,62352
1249450,North Miami,FL,25.90083,-80.1686,62202
0908420,Bristol,CT,41.68158,-72.94075,62195
3476070,Vineland,NJ,39.46501,-74.99711,62070
4115800,Corvallis,OR,44.56995,-123.27828,61993
2569170,Taunton,MA,41.90332,-71.09499,61936
0505320,Bentonville,AR,36.35266,-94.23118,61791
2679000,Taylor,MI,42.22528,-83.26769,61544
2965126,St. Peters,MO,38.78157,-90.60417,61398
0639290,La Habra,CA,33.92793,-117.95155,61391
3709060,Burlington,NC,36.07613,-79.4683,61365
2906652,Blue Springs,MO,39.012,-94.26761,61246
4843012,Little Elm,TX,33.1925,-96.91997,61219
4169600,Springfield,OR,44.05378,-122.98111,61182
0622678,Encinitas,CA,33.05063,-117.26362,61137
2621020,Dearborn Heights,MI,42.33567,-83.28883,61040
1373784,Stonecrest,GA,33.68067,-84.14525,61015
0946450,Meriden,CT,41.53678,-72.79454,60849
0640004,La Mesa,CA,32.76949,-117.02192,60767
2556585,Revere,MA,42.42101,-70.99036,60702
2158620,Owensboro,KY,37.75715,-87.11673,60675
1243125,Margate,FL,26.24804,-80.21117,60650
0648816,Montebello,CA,34.01544,-118.11101,60617
0631960,Hanford,CA,36.32774,-119.65462,60594
4920810,Eagle Mountain,UT,40.31432,-112.01171,60575
3735200,Kannapolis,NC,35.4799,-80.6475,60521
0629504,Gilroy,CA,37.00641,-121.58532,60390
4769420,Smyrna,TN,35.96902,-86.52862,60302
2578972,Weymouth Town,MA,42.2073,-70.94369,60159
1840392,Kokomo,IN,40.46401,-86.12735,60093
3032800,Great Falls,MT,47.50252,-111.29997,60013
4824768,Euless,TX,32.84937,-97.07859,60010
1278275,Winter Haven,FL,28.04584,-81.73274,59975
0668364,San Rafael,CA,37.981,-122.50693,59961
2539835,Medford,MA,42.42384,-71.10923,59898
3832060,Grand Forks,ND,47.9196,-97.08733,59845
5585300,West Allis,WI,43.00719,-88.02899,59784
1213275,Coconut Creek,FL,26.28094,-80.18472,59721
3633139,Hempstead,NY,40.70437,-73.61944,59569
0604758,Beaumont,CA,33.87672,-116.95301,59502
2039350,Lenexa,KS,38.96527,-94.80394,59427
4770580,Spring Hill,TN,35.74662,-86.91683,59398
0656784,Petaluma,CA,38.24225,-122.62877,59393
1310944,Brookhaven,GA,33.8612,-84.3385,59370
0656924,Pico Rivera,CA,33.98952,-118.0893,59363
3432250,Hoboken,NJ,40.74525,-74.02793,59149
3988000,Youngstown,OH,41.09909,-80.6459,59123
0670224,Santee,CA,32.85499,-116.98606,59104
0439370,Lake Havasu City,AZ,34.49981,-114.31094,59037
1922395,Dubuque,IA,42.4989,-90.70726,58987
0628168,Gardena,CA,33.89442,-118.30752,58921
1719642,Des Plaines,IL,42.0344,-87.90114,58832
5613150,Casper,WY,42.84212,-106.32128,58823
0617610,Cupertino,CA,37.3194,-122.04496,58710
5336745,Lacey,WA,47.04309,-122.79823,58644
1875428,Terre Haute,IN,39.46415,-87.37604,58531
4048350,Midwest City,OK,35.45875,-97.37457,58505
0650398,National City,CA,32.66586,-117.09736,58460
4241216,Lancaster,PA,40.04206,-76.30099,58441
2408775,Bowie,MD,38.9547,-76.73883,58421
2670040,Royal Oak,MI,42.50782,-83.15389,58251
1664090,Pocatello,ID,42.87275,-112.46384,58231
1207950,Bradenton,FL,27.4898,-82.5768,58184
3209700,Carson City,NV,39.15306,-119.74737,58148
3974118,Springfield,OH,39.92891,-83.79424,58138
2670760,St. Clair Shores,MI,42.49304,-82.8909,58077
1756640,Orland Park,IL,41.60815,-87.85929,58020
0648914,Monterey Park,CA,34.04838,-118.13317,57996
0120104,Decatur,AL,34.57299,-86.9899,57974
3008950,Bozeman,MT,45.68315,-111.05378,57894
4872392,Texas City,TX,29.43372,-94.8927,57875
4975360,Taylorsville,UT,40.65694,-111.94933,57819
1264175,Sarasota,FL,27.33826,-82.54372,57764
2869280,Southaven,MS,34.95101,-89.97767,57493
3451210,New Brunswick,NJ,40.48668,-74.44441,57487
4967825,Saratoga Springs,UT,40.34461,-111.91589,57411
1616750,Coeur d'Alene,ID,47.7035,-116.79386,57355
4173650,Tigard,OR,45.42292,-122.78439,57301
1371492,Smyrna,GA,33.86256,-84.51612,57177
4101000,Albany,OR,44.62693,-123.09674,57156
1207525,Bonita Springs,FL,26.35501,-81.78423,57112
4739560,Kingsport,TN,36.51937,-82.54339,57109
3940040,Kettering,OH,39.69599,-84.15044,57028
3458200,Perth Amboy,NJ,40.52016,-74.27133,56939
4945860,Logan,UT,41.74026,-111.84176,56770
3770540,Wake Forest,NC,35.96441,-78.51332,56764
4820092,DeSoto,TX,32.59935,-96.86294,56711
4703440,Bartlett,TN,35.23417,-89.82027,56708
1754820,Oak Lawn,IL,41.71388,-87.75278,56531
3459190,Plainfield,NJ,40.61544,-74.41577,56507
0633588,Highland,CA,34.11347,-117.16573,56499
5351300,Olympia,WA,47.0406,-122.895,56271
0641474,Lincoln,CA,38.87446,-121.29289,56268
4811428,Burleson,TX,32.51645,-97.32737,56253
0625380,Fountain Valley,CA,33.71058,-117.95113,56036
0684816,West Sacramento,CA,38.55437,-121.54866,55991
1801468,Anderson,IN,40.08977,-85.68945,55851
4858820,Port Arthur,TX,29.90001,-93.89442,55799
1378800,Valdosta,GA,30.85013,-83.27883,55667
1682810,Twin Falls,ID,42.56467,-114.46061,55589
0667112,San Jacinto,CA,33.79886,-116.99591,55515
1751089,Mount Prospect,IL,42.0642,-87.93736,55460
2552490,Peabody,MA,42.53431,-70.96944,55418
2513660,Chicopee,MA,42.17759,-72.57019,55381
0982800,West Haven,CT,41.27212,-72.9675,55379
2701900,Apple Valley,MN,44.7453,-93.19941,55272
1705573,Berwyn,IL,41.84333,-87.79093,55152
1775484,Tinley Park,IL,41.56858,-87.80422,54856
2642820,Kentwood,MI,42.88482,-85.59254,54768
2044250,Manhattan,KS,39.18831,-96.60586,54700
4827876,Fulshear,TX,29.69243,-95.88665,54629
3757500,Rocky Mount,NC,35.96932,-77.80378,54541
0602462,Arcadia,CA,34.13269,-118.03635,54472
0687042,Yucaipa,CA,34.03358,-117.0429,54465
1255925,Pensacola,FL,30.44099,-87.19124,53898
1781048,Wheaton,IL,41.85683,-88.10813,53741
1820728,Elkhart,IN,41.69154,-85.96225,53690
2937592,Joplin,MO,37.07522,-94.50126,53605
3925256,Elyria,OH,41.37278,-82.10801,53604
2718188,Edina,MN,44.89112,-93.35975,53564
4862828,Rockwall,TX,32.91806,-96.43805,53547
4828068,Galveston,TX,29.18633,-94.96576,53538
0614890,Colton,CA,34.05452,-117.32503,53528
1256975,Pinellas Park,FL,27.85888,-82.70821,53503
0657526,Placentia,CA,33.88116,-117.85478,53395
1753234,Normal,IL,40.51973,-88.99075,53304
3119595,Grand Island,NE,40.92135,-98.35856,53250
0618394,Delano,CA,35.76643,-119.26422,53198
0655184,Palm Desert,CA,33.73763,-116.36414,53147
3479610,West New York,NJ,40.78603,-74.00951,52975
1754885,Oak Park,IL,41.88716,-87.78994,52947
1838358,Jeffersonville,IN,38.33241,-85.69609,52912
3744220,Mooresville,NC,35.58372,-80.82775,52884
2743252,Minnetonka,MN,44.93256,-93.4567,52651
4570270,Summerville,SC,33.00584,-80.17931,52625
0612048,Cathedral City,CA,33.83549,-116.4631,52517
4728540,Gallatin,TN,36.38152,-86.46702,52489
0652582,Novato,CA,38.08509,-122.54827,52311
0619192,Diamond Bar,CA,34.00157,-117.8176,52292
3949840,Middletown,OH,39.50295,-84.36489,52291
2605920,Battle Creek,MI,42.29918,-85.22927,52205
0636056,Huntington Park,CA,33.97925,-118.21744,52166
5308850,Burien,WA,47.47561,-122.34466,52046
1814734,Columbus,IN,39.20868,-85.91906,51970
4716420,Collierville,TN,35.04892,-89.69708,51951
2521990,Everett,MA,42.40594,-71.05465,51825
1324768,Dunwoody,GA,33.94139,-84.3127,51795
5307380,Bothell,WA,47.77353,-122.20438,51770
4813684,Celina,TX,33.3262,-96.7949,51661
4741520,Lebanon,TN,36.19938,-86.34463,51501
0457450,Prescott Valley,AZ,34.59793,-112.3185,51440
3954040,Newark,OH,40.0715,-82.42422,51424
0683668,Watsonville,CA,36.92359,-121.7724,51320
4830644,Grapevine,TX,32.93497,-97.07591,51320
2924778,Florissant,MO,38.79973,-90.32708,51290
1251075,Ocoee,FL,28.57882,-81.53305,51269
0655618,Paramount,CA,33.89888,-118.16663,51169
5135624,Harrisonburg,VA,38.43626,-78.8733,51164
3675484,Troy,NY,42.73581,-73.67532,51065
5540775,La Crosse,WI,43.82469,-91.22462,51049
1849932,Mishawaka,IN,41.67661,-86.16536,51020
0947515,Milford city,CT,41.22364,-73.06456,51004
3919778,Cuyahoga Falls,OH,41.18288,-81.55301,50979
1735411,Hoffman Estates,IL,42.06522,-88.153,50920
1212925,Clermont,FL,28.53329,-81.72024,50851
4953230,Murray,UT,40.65065,-111.88657,50817
1224300,Fort Pierce,FL,27.42611,-80.34249,50805
4232800,Harrisburg,PA,40.27589,-76.88502,50649
1720591,Downers Grove,IL,41.79503,-88.02106,50552
4023950,Enid,OK,36.4067,-97.86986,50519
0600947,Aliso Viejo,CA,33.57921,-117.7289,50457
1214250,Coral Gables,FL,25.68306,-80.26166,50379
4529815,Goose Creek,SC,32.99429,-80.00659,50352
4715400,Cleveland,TN,35.18004,-84.87129,50232
4867496,Sherman,TX,33.6286,-96.62672,50229
4920120,Draper,UT,40.49715,-111.86464,50166
4070300,Stillwater,OK,36.1315,-97.07446,50138
0630014,Glendora,CA,34.14496,-117.8478,50101
2665560,Portage,MI,42.19705,-85.5914,49975
2757220,St. Louis Park,MN,44.94868,-93.36504,49899
1271900,Titusville,FL,28.57337,-80.8194,49883
2503690,Barnstable Town,MA,41.66148,-70.35695,49831
5144984,Leesburg,VA,39.1064,-77.5592,49831
1842426,Lawrence,IN,39.86596,-85.98965,49817
0668154,San Luis Obispo,CA,35.2662,-120.66844,49729
5572975,Sheboygan,WI,43.73871,-87.73153,49624
4813492,Cedar Hill,TX,32.58433,-96.9589,49618
0662896,Rosemead,CA,34.06888,-118.08268,49582
3941664,Lakewood,OH,41.48326,-81.80114,49517
4835528,Huntsville,TX,30.70054,-95.55489,49500
2913600,Chesterfield,MO,38.65813,-90.57595,49465
3922694,Dublin,OH,40.1133,-83.14577,49456
0658520,Poway,CA,32.98768,-117.02181,49435
0617750,Cypress,CA,33.81848,-118.03831,49286
0612524,Ceres,CA,37.59879,-120.96808,49253
0616742,Covina,CA,34.09047,-117.88214,49245
2624120,East Lansing,MI,42.74891,-84.48244,48964
1760287,Plainfield,IL,41.6303,-88.24528,48881
0451600,Oro Valley,AZ,32.42071,-110.977,48855
4716540,Columbia,TN,35.6238,-87.04251,48812
5584675,Wauwatosa,WI,43.06316,-88.03558,48794
1278250,Winter Garden,FL,28.54122,-81.59124,48771
4807132,Bedford,TX,32.84584,-97.13508,48728
0644028,Los Banos,CA,37.06318,-120.8403,48684
3732260,Holly Springs,NC,35.65328,-78.84076,48674
2978442,Wentzville,MO,38.81645,-90.87076,48646
4876816,Waxahachie,TX,32.40248,-96.84449,48617
0947290,Middletown,CT,41.54861,-72.65678,48616
3774540,Wilson,NC,35.73149,-77.93075,48579
2831020,Hattiesburg,MS,31.3073,-89.31743,48522
3925704,Euclid,OH,41.59215,-81.51968,48421
2759350,Shakopee,MN,44.77191,-93.4757,48401
0603386,Azusa,CA,34.13852,-117.91225,48383
0457380,Prescott,AZ,34.59224,-112.44673,48224
2806220,Biloxi,MS,30.42666,-88.93576,48144
3904720,Beavercreek,OH,39.73315,-84.05961,48012
4422960,East Providence,RI,41.80043,-71.35926,47961
0608100,Brea,CA,33.92518,-117.86511,47844
4971290,Spanish Fork,UT,40.11039,-111.64106,47809
1979950,Urbandale,IA,41.63679,-93.77983,47759
1331908,Gainesville,GA,34.2901,-83.82911,47712
1729938,Glenview,IL,42.08516,-87.82739,47634
3947138,Mansfield,OH,40.76672,-82.53082,47593
3651055,Niagara Falls,NY,43.09284,-79.01474,47512
3853380,Minot,ND,48.23613,-101.27753,47440
2854040,Olive Branch,MS,34.95575,-89.84115,47365
1200950,Altamonte Springs,FL,28.66102,-81.39468,47261
3564930,Roswell,NM,33.37344,-104.52939,47176
3465790,Sayreville,NJ,40.46695,-74.32019,47165
0653070,Oakley,CA,37.99615,-121.69362,47158
3949056,Mentor,OH,41.69016,-81.33588,47113
2502690,Attleboro,MA,41.93165,-71.2945,47085
2669800,Roseville,MI,42.50759,-82.93658,47047
0612552,Cerritos,CA,33.86774,-118.06947,46851
3606607,Binghamton,NY,42.10133,-75.90937,46773
4964340,Riverton,UT,40.51763,-111.96352,46680
4838632,Keller,TX,32.93288,-97.22451,46643
3428680,Hackensack,NJ,40.8894,-74.0457,46630
2251410,Monroe,LA,32.51899,-92.07718,46622
3921434,Delaware,OH,40.28648,-83.07486,46521
5414600,Charleston,WV,38.34869,-81.63232,46482
2739878,Mankato,MN,44.17112,-93.97638,46459
0640032,La Mirada,CA,33.90205,-118.00896,46367
0659587,Rancho Santa Margarita,CA,33.63233,-117.59901,46353
1882862,West Lafayette,IN,40.44371,-86.92362,46338
1249425,North Lauderdale,FL,26.21245,-80.22139,46335
3725300,Fuquay-Varina,NC,35.59513,-78.77658,46317
4530985,Greer,SC,34.93329,-82.2308,46316
3525800,Farmington,NM,36.75383,-108.18053,46262
0650916,Newark,CA,37.50425,-122.03191,46254
2062700,Salina,KS,38.81309,-97.61448,46109
1723620,Elmhurst,IL,41.89701,-87.94366,46108
0649278,Morgan Hill,CA,37.13249,-121.64189,45952
4872530,The Colony,TX,33.0896,-96.90337,45897
1215968,Cutler Bay,FL,25.57615,-80.33401,45833
1664810,Post Falls,ID,47.72556,-116.94417,45800
4831928,Haltom City,TX,32.8177,-97.27115,45786
1250575,Oakland Park,FL,26.17905,-80.15241,45771
3975098,Strongsville,OH,41.31296,-81.83169,45768
2743864,Moorhead,MN,46.8647,-96.74455,45726
2559105,Salem,MA,42.49925,-70.8982,45677
1249475,North Miami Beach,FL,25.93,-80.16518,45655
1216875,DeLand,FL,29.02266,-81.2865,45587
1355020,Newnan,GA,33.37967,-84.7712,45548
4708280,Brentwood,TN,35.9939,-86.77083,45525
0655254,Palm Springs,CA,33.80336,-116.53828,45453
5107784,Blacksburg,VA,37.23126,-80.42674,45452
3440350,Linden,NJ,40.62734,-74.23631,45393
5307695,Bremerton,WA,47.53988,-122.71705,45291
4287048,York,PA,39.9648,-76.73184,45241
1227322,Greenacres,FL,26.62701,-80.13761,45197
0614260,Coachella,CA,33.69038,-116.14313,45165
3925970,Fairfield,OH,39.33142,-84.54272,45094
3731060,Hickory,NC,35.74009,-81.32182,45081
0634120,Hollister,CA,36.8556,-121.3986,45033
4907690,Bountiful,UT,40.87248,-111.8612,45024
5439460,Huntington,WV,38.41065,-82.43469,44942
0662546,Rohnert Park,CA,38.34762,-122.7009,44894
0845255,Littleton,CO,39.59038,-105.02008,44879
5114968,Charlottesville,VA,38.03766,-78.48538,44767
0466820,Sierra Vista,AZ,31.56541,-110.31451,44710
3314200,Concord,NH,43.23249,-71.56125,44674
4285152,Wilkes-Barre,PA,41.24656,-75.87569,44661
1253150,Ormond Beach,FL,29.29328,-81.10145,44596
4480780,Woonsocket,RI,42.00171,-71.49995,44508
4859696,Prosper,TX,33.24133,-96.81239,44503
1744407,Lombard,IL,41.87384,-88.01549,44490
5526275,Fond du Lac,WI,43.77218,-88.44026,44469
5010675,Burlington,VT,44.49193,-73.23888,44432
4866128,Schertz,TX,29.56333,-98.25087,44428
1239081,Lake Worth Beach,FL,26.61972,-80.05872,44417
0402830,Apache Junction,AZ,33.38277,-111.54051,44309
0621782,El Centro,CA,32.78635,-115.56021,44230
2535075,Leominster,MA,42.52088,-71.77061,44209
4848096,Midlothian,TX,32.46944,-96.99067,44104
4750780,Mount Juliet,TN,36.1992,-86.50949,44066
3916014,Cleveland Heights,OH,41.51107,-81.56177,44064
3627485,Freeport,NY,40.65085,-73.58458,44028
3932592,Grove City,OH,39.88582,-83.09696,44019
2436075,Hagerstown,MD,39.64018,-77.72269,43909
2581035,Woburn,MA,42.4887,-71.15438,43895
3733560,Indian Trail,NC,35.06864,-80.65115,43867
4877272,Weslaco,TX,26.16055,-97.98765,43864
3639853,Kiryas Joel,NY,41.34067,-74.16727,43863
5148952,Manassas,VA,38.74681,-77.48263,43616
0642524,Lompoc,CA,34.66269,-120.47084,43594
3936610,Huber Heights,OH,39.85888,-84.11289,43590
0808675,Brighton,CO,39.9657,-104.79417,43473
0617988,Danville,CA,37.81214,-121.96982,43410
0408220,Bullhead City,AZ,35.12737,-114.55599,43266
2505595,Beverly,MA,42.55666,-70.84496,43223
2200975,Alexandria,LA,31.29345,-92.47019,43133
2553960,Pittsfield,MA,42.45184,-73.26068,43121
1709447,Buffalo Grove,IL,42.16598,-87.96183,43072
1257550,Plant City,FL,28.01535,-82.11781,43046
1228452,Hallandale Beach,FL,25.98396,-80.14077,43043
2670520,Saginaw,MI,43.41994,-83.95017,43001
4570405,Sumter,SC,33.94085,-80.39554,42958
3966390,Reynoldsburg,OH,39.9613,-82.78894,42897
0610345,Campbell,CA,37.28024,-121.9533,42895
5320750,Edmonds,WA,47.8136,-122.35333,42871
4056650,Owasso,OK,36.28722,-95.83536,42821
0968100,Shelton,CT,41.30458,-73.13921,42805
2653780,Midland,MI,43.6248,-84.23198,42780
2713456,Cottage Grove,MN,44.81333,-92.91432,42760
4202184,Altoona,PA,40.50805,-78.40111,42719
0126896,Florence,AL,34.83032,-87.66614,42716
4835624,Hutto,TX,30.54162,-97.54425,42661
1359735,Peachtree Corners,GA,33.96715,-84.23233,42638
4863284,Rosenberg,TX,29.54992,-95.82139,42571
2937000,Jefferson City,MO,38.56746,-92.17525,42564
5356695,Puyallup,WA,47.17905,-122.29152,42552
1949485,Marion,IA,42.04539,-91.58616,42542
1749867,Moline,IL,41.48233,-90.49341,42442
2538715,Marlborough,MA,42.34962,-71.54721,42169
2523875,Fitchburg,MA,42.60198,-71.81587,42145
1228400,Haines City,FL,28.11282,-81.61654,42073
0665028,San Bruno,CA,37.62556,-122.4314,42035
5121344,Danville,VA,36.58333,-79.40807,41993
1262100,Royal Palm Beach,FL,26.69901,-80.22758,41948
1253575,Oviedo,FL,28.66193,-81.1871,41901
4816612,Coppell,TX,32.96331,-96.99056,41785
0885485,Windsor,CO,40.47827,-104.91505,41734
3941720,Lancaster,OH,39.72523,-82.60525,41671
2117848,Covington,KY,39.03511,-84.51965,41611
5340840,Lynnwood,WA,47.82898,-122.30067,41597
1717887,Crystal Lake,IL,42.23321,-88.33436,41513
1351670,Milton,GA,34.14433,-84.31419,41490
4741200,La Vergne,TN,36.02224,-86.55938,41430
1911755,Cedar Falls,IA,42.51907,-92.45401,41417
5337900,Lake Stevens,WA,48.00341,-122.09683,41350
4901310,American Fork,UT,40.37788,-111.79507,41298
4827648,Friendswood,TX,29.5077,-95.20064,41291
5510025,Brookfield,WI,43.06432,-88.11779,41268
4273808,State College,PA,40.79104,-77.85681,41228
0673962,Stanton,CA,33.80023,-117.99345,41188
1765442,Romeoville,IL,41.62792,-88.10118,41177
3532520,Hobbs,NM,32.72909,-103.16083,41061
3884780,West Fargo,ND,46.85638,-96.90481,41027
2501370,Amherst Town,MA,42.36353,-72.50729,40989
4525810,Florence,SC,34.17892,-79.79222,40923
4976680,Tooele,UT,40.5394,-112.30784,40919
4911320,Cedar City,UT,37.68377,-113.09548,40885
3436510,Kearny,NJ,40.75233,-74.12309,40866
0640704,Lathrop,CA,37.80867,-121.31776,40860
2911242,Cape Girardeau,MO,37.30939,-89.55836,40818
4841212,Lancaster,TX,32.5962,-96.77379,40780
1359724,Peachtree City,GA,33.39189,-84.57066,40758
1704013,Bartlett,IL,41.96064,-88.17775,40718
5551000,Menomonee Falls,WI,43.15941,-88.12155,40700
1667420,Rexburg,ID,43.82289,-111.79099,40695
2401600,Annapolis,MD,38.97215,-76.50533,40689
3424420,Fort Lee,NJ,40.85064,-73.97101,40566
1704845,Belleville,IL,38.51597,-89.98978,40560
1323900,Douglasville,GA,33.73678,-84.70107,40540
4549075,Myrtle Beach,SC,33.71039,-78.88602,40535
1202681,Aventura,FL,25.96016,-80.13301,40531
2130700,Georgetown,KY,38.26018,-84.53492,40518
1719161,DeKalb,IL,41.92887,-88.74636,40491
2576030,Westfield,MA,42.13884,-72.75591,40403
3927048,Findlay,OH,41.04736,-83.63809,40343
5556375,New Berlin,WI,42.972,-88.12917,40302
1906355,Bettendorf,IA,41.56684,-90.47688,40281
5584475,Wausau,WI,44.96177,-89.64654,40262
2513205,Chelsea,MA,42.39682,-71.03135,40245
3676705,Valley Stream,NY,40.66475,-73.7049,40232
1021200,Dover,DE,39.1606,-75.52166,40191
2740382,Maplewood,MN,45.01902,-93.03106,40142
0162328,Prattville,AL,32.44904,-86.4494,40139
4728960,Germantown,TN,35.08196,-89.78258,40128
0463470,San Luis,AZ,32.48568,-114.72195,40064
0659514,Rancho Palos Verdes,CA,33.73852,-118.36969,40064
3743920,Monroe,NC,35.00159,-80.56128,40054
4140550,Lake Oswego,OR,45.41355,-122.70001,40029
0956200,Norwich,CT,41.54801,-72.08945,39993
0640354,La Quinta,CA,33.64608,-116.2753,39907
0617568,Culver City,CA,34.00582,-118.39678,39883
1777005,Urbana,IL,40.11013,-88.19732,39831
1278325,Winter Springs,FL,28.68806,-81.26996,39822
1255125,Parkland,FL,26.32136,-80.2543,39700
5333805,Issaquah,WA,47.54449,-122.04909,39664
4816624,Copperas Cove,TX,31.11958,-97.9144,39627
1260975,Riviera Beach,FL,26.78142,-80.07606,39620
4568290,Spartanburg,SC,34.94563,-81.92594,39606
2165226,Richmond,KY,37.72915,-84.29936,39581
2033625,Hutchinson,KS,38.06729,-97.90952,39561
1711332,Carol Stream,IL,41.92035,-88.13322,39556
4835576,Hurst,TX,32.83664,-97.18063,39500
4130550,Grants Pass,OR,42.43231,-123.33177,39468
4940470,Kearns metro township,UT,40.65194,-112.00939,39398
4876864,Weatherford,TX,32.75319,-97.77194,39397
1384176,Woodstock,GA,34.10314,-84.513,39381
3725480,Garner,NC,35.69355,-78.61493,39345
5578600,Sun Prairie,WI,43.18262,-89.23782,39253
4821628,Duncanville,TX,32.64595,-96.91387,39203
4138500,Keizer,OR,45.00297,-123.02449,39152
2507740,Braintree Town,MA,42.20619,-71.00232,39134
4974810,Syracuse,UT,41.08585,-112.06874,38999
3402080,Atlantic City,NJ,39.37734,-74.45107,38959
3935476,Hilliard,OH,40.03472,-83.15779,38832
4866644,Seguin,TX,29.59023,-97.96861,38789
1762367,Quincy,IL,39.93368,-91.3793,38786
0555310,Pine Bluff,AR,34.21159,-92.01756,38785
1756887,Oswego,IL,41.68322,-88.33885,38778
2647800,Lincoln Park,MI,42.24329,-83.18126,38774
2338740,Lewiston,ME,44.08951,-70.17209,38772
1366668,Rome,GA,34.26613,-85.18605,38747
0609710,Calexico,CA,32.68486,-115.49474,38744
4965110,Roy,UT,41.17146,-112.04848,38719
3980892,Warren,OH,41.23956,-80.81601,38683
4868636,Socorro,TX,31.63849,-106.25744,38642
3983342,Westerville,OH,40.12344,-82.91332,38612
0824950,Erie,CO,40.04029,-105.03831,38594
1861092,Portage,IN,41.59161,-87.17894,38576
4826604,Forney,TX,32.7426,-96.45288,38572
0159472,Phenix City,AL,32.45371,-85.03102,38509
1757875,Park Ridge,IL,42.01176,-87.84343,38445
1221150,Estero,FL,26.42559,-81.79954,38443
5558800,Oak Creek,WI,42.87869,-87.89868,38373
1773157,Streamwood,IL,42.02059,-88.17777,38360
4004450,Bartlesville,OK,36.73767,-95.94845,38355
1781087,Wheeling,IL,42.12961,-87.9215,38329
4155200,Oregon City,OR,45.34131,-122.59233,38327
5340245,Longview,WA,46.14571,-122.9643,38294
0854330,Northglenn,CO,39.91163,-104.98214,38287
1325720,East Point,GA,33.67112,-84.47343,38270
4534045,Hilton Head Island,SC,32.19031,-80.73843,38158
0178552,Vestavia Hills,AL,33.4625,-86.73951,38151
4815364,Cleburne,TX,32.35499,-97.41156,38131
4960930,Pleasant Grove,UT,40.3715,-111.74128,38127
0505290,Benton,AR,34.57742,-92.57258,38088
1312988,Canton,GA,34.2472,-84.49072,38049
4841440,La Porte,TX,29.66741,-95.04914,38046
0533400,Hot Springs,AR,34.48944,-93.05025,37971
0600296,Adelanto,CA,34.5809,-117.43946,37941
0667042,San Gabriel,CA,34.09464,-118.09847,37926
2530840,Holyoke,MA,42.21166,-72.64245,37838
4814920,Cibolo,TX,29.57014,-98.2178,37816
1239875,Leesburg,FL,28.71721,-81.90309,37815
1860246,Plainfield,IN,39.69319,-86.37198,37796
0648648,Monrovia,CA,34.16398,-117.98465,37787
2874840,Tupelo,MS,34.2706,-88.73246,37775
1343192,Kennesaw,GA,34.0272,-84.61709,37740
0685446,Wildomar,CA,33.61728,-117.25831,37736
1852326,New Albany,IN,38.31218,-85.82399,37652
0648788,Montclair,CA,34.07149,-117.69808,37650
4161200,Redmond,OR,44.26069,-121.18242,37626
0604996,Bell Gardens,CA,33.96438,-118.15444,37565
3516420,Clovis,NM,34.43857,-103.19419,37555
3956966,North Ridgeville,OH,41.38632,-82.02282,37504
0462140,Sahuarita,AZ,31.93224,-110.9654,37448
2039000,Leavenworth,KS,39.32272,-94.92501,37370
4825452,Farmers Branch,TX,32.92779,-96.87854,37341
4865516,San Juan,TX,26.18979,-98.15181,37341
1239525,Lauderdale Lakes,FL,26.16693,-80.20083,37333
2656320,Muskegon,MI,43.22654,-86.25725,37287
5531175,Greenfield,WI,42.9606,-88.00567,37232
1377652,Tucker,GA,33.84517,-84.20208,37224
1711358,Carpentersville,IL,42.12274,-88.2939,37144
4716920,Cookeville,TN,36.14693,-85.51265,37102
0654806,Pacifica,CA,37.6066,-122.47723,37056
1254700,Panama City,FL,30.16627,-85.67019,37024
4859576,Princeton,TX,33.20153,-96.51797,37019
0646114,Martinez,CA,37.99812,-122.11442,37006
1848528,Merrillville,IN,41.47269,-87.31807,36989
4050050,Muskogee,OK,35.7438,-95.3564,36849
1732746,Hanover Park,IL,41.98248,-88.14287,36685
0640340,La Puente,CA,34.03233,-117.95352,36670
5506500,Beloit,WI,42.52351,-89.01766,36633
5527300,Franklin,WI,42.88388,-88.01155,36591
1338964,Hinesville,GA,31.8267,-81.61577,36583
3758860,Salisbury,NC,35.6655,-80.48893,36579
2754214,Richfield,MN,44.87435,-93.28244,36491
3422470,Fair Lawn,NJ,40.93583,-74.1175,36489
0422220,El Mirage,AZ,33.59022,-112.3271,36468
1765078,Rock Island,IL,41.47016,-90.58311,36434
4526890,Fort Mill,SC,35.006,-80.94,36244
2731076,Inver Grove Heights,MN,44.82901,-93.06007,36226
4949710,Midvale,UT,40.61472,-111.89282,36219
4507210,Bluffton,SC,32.21445,-80.92953,36146
3979002,Upper Arlington,OH,40.02759,-83.07072,36140
0613756,Claremont,CA,34.12492,-117.71392,36139
4254656,Norristown,PA,40.12208,-75.33987,36075
3948188,Mason,OH,39.35171,-84.30204,36046
4972280,Springville,UT,40.16427,-111.61952,36027
4872368,Texarkana,TX,33.45114,-94.09009,35971
1218575,Dunedin,FL,28.02574,-82.81536,35932
1373704,Stockbridge,GA,33.53002,-84.23427,35893
1700243,Addison,IL,41.93078,-88.00899,35728
0976500,Torrington,CT,41.8342,-73.13147,35673
2755852,Roseville,MN,45.01562,-93.15381,35637
0649138,Moorpark,CA,34.28594,-118.87704,35621
3947754,Marion,OH,40.59675,-83.12319,35576
1864260,Richmond,IN,39.83209,-84.89092,35561
3929106,Gahanna,OH,40.03675,-82.87986,35544
1214125,Cooper City,FL,26.04806,-80.28496,35541
4981960,Washington,UT,37.12668,-113.48776,35501
3011397,Butte-Silver Bow,MT,45.89623,-112.66007,35480
0668028,San Juan Capistrano,CA,33.50089,-117.65439,35469
5377105,Wenatchee,WA,47.43599,-120.32927,35401
0437620,Kingman,AZ,35.21699,-114.01053,35383
5347560,Mount Vernon,WA,48.41707,-122.31183,35344
4832312,Harker Heights,TX,31.05671,-97.64422,35263
4145000,McMinnville,OR,45.21105,-123.19182,35255
0824785,Englewood,CO,39.64698,-104.99447,35238
1373256,Statesboro,GA,32.43773,-81.77564,35226
3909680,Brunswick,OH,41.2458,-81.81658,35166
5373465,University Place,WA,47.21537,-122.54726,35160
2556000,Randolph Town,MA,42.17899,-71.05265,35114
3925914,Fairborn,OH,39.79958,-84.00848,35105
1816138,Crown Point,IN,41.40911,-87.34695,35097
2979820,Wildwood,MO,38.57707,-90.66781,35082
1878326,Valparaiso,IN,41.47981,-87.05227,35065
2638640,Holland,MI,42.76807,-86.0986,35023
0157048,Opelika,AL,32.66074,-85.37889,35005
0678148,Temple City,CA,34.10216,-118.05797,34989
1321380,Dalton,GA,34.7679,-84.97281,34970
1710487,Calumet City,IL,41.59649,-87.53857,34855
4913850,Clearfield,UT,41.09701,-112.01792,34778
3643335,Long Beach,NY,40.58584,-73.6654,34777
3125055,Kearney,NE,40.70175,-99.08231,34741
3035600,Helena,MT,46.59546,-112.01875,34729
1646540,Lewiston,ID,46.39313,-116.99347,34693
3943554,Lima,OH,40.74068,-84.11209,34690
4819792,Del Rio,TX,29.37305,-100.88185,34678
2418750,College Park,MD,38.99628,-76.93559,34667
3726880,Goldsboro,NC,35.37823,-77.97187,34629
5548500,Manitowoc,WI,44.09798,-87.67894,34616
2124274,Elizabethtown,KY,37.704,-85.87888,34565
1753481,Northbrook,IL,42.12875,-87.83516,34546
4819624,Deer Park,TX,29.68728,-95.1159,34495
0100820,Alabaster,AL,33.21435,-86.82308,34460
1828386,Goshen,IN,41.57388,-85.82999,34458
3737680,Leland,NC,34.22298,-78.04466,34451
1982695,Waukee,IA,41.59048,-93.88282,34420
4845072,Lufkin,TX,31.3229,-94.72903,34399
0684410,West Hollywood,CA,34.08827,-118.37183,34371
3714700,Cornelius,NC,35.47323,-80.88133,34366
5525950,Fitchburg,WI,42.98578,-89.42533,34357
4830920,Greenville,TX,33.11194,-96.11026,34355
2975220,University City,MO,38.66573,-90.33155,34349
3983622,Westlake,OH,41.44953,-81.93016,34232
3746340,New Bern,NC,35.09586,-77.07053,34218
0657764,Pleasant Hill,CA,37.95416,-122.07577,34169
1783245,Woodridge,IL,41.73739,-88.04413,34103
3974944,Stow,OH,41.17626,-81.43652,34101
5161832,Petersburg,VA,37.20473,-77.39237,34058
4213208,Chester,PA,39.84556,-75.37188,34052
4755120,Oak Ridge,TN,35.96648,-84.29055,34039
5362288,SeaTac,WA,47.4434,-122.29829,34024
2039075,Leawood,KS,38.90726,-94.62524,34013
2624290,Eastpointe,MI,42.46608,-82.94634,33943
0618996,Desert Hot Springs,CA,33.95759,-116.54228,33917
3318820,Dover,NH,43.18636,-70.88362,33909
5375775,Walla Walla,WA,46.06701,-118.33703,33901
5631855,Gillette,WY,44.27258,-105.49894,33846
3638077,Ithaca,NY,42.44394,-76.50306,33768
2127982,Florence,KY,38.99341,-84.64819,33763
2525172,Franklin Town,MA,42.08486,-71.41057,33742
3670420,Spring Valley,NY,41.11457,-74.04871,33637
2469925,Salisbury,MD,38.37533,-75.58593,33616
3365140,Rochester,NH,43.29849,-70.97701,33598
1344340,LaGrange,GA,33.02698,-85.03826,33564
2846640,Meridian,MS,32.38417,-88.68945,33549
5356625,Pullman,WA,46.73313,-117.16828,33543
3425770,Garfield,NJ,40.8798,-74.10825,33530
1766703,St. Charles,IL,41.91945,-88.31074,33482
2156136,Nicholasville,KY,37.88997,-84.56682,33458
0645400,Manhattan Beach,CA,33.90087,-118.42072,33453
1623410,Eagle,ID,43.69342,-116.34599,33451
1808416,Brownsburg,IN,39.83444,-86.38569,33430
2701486,Andover,MN,45.25242,-93.3374,33426
0563800,Sherwood,AR,34.85203,-92.20448,33281
0504840,Bella Vista,AR,36.46664,-94.26632,33274
4940360,Kaysville,UT,41.02934,-111.94507,33252
1245100,Miami Lakes,FL,25.91274,-80.32042,33247
0666070,San Dimas,CA,34.10796,-117.80853,33226
3441310,Long Branch,NJ,40.29537,-73.9899,33214
5317635,Des Moines,WA,47.38871,-122.31758,33207
1886372,Zionsville,IN,39.99153,-86.32175,33161
1324600,Duluth,GA,34.00152,-84.15046,33157
1248625,New Smyrna Beach,FL,29.02936,-80.95486,33144
0128696,Gadsden,AL,34.0066,-86.01608,33086
1216335,Dania Beach,FL,26.05721,-80.16459,33076
0646870,Menlo Park,CA,37.47973,-122.14805,33040
4864064,Sachse,TX,32.96901,-96.57952,33008
4750280,Morristown,TN,36.20435,-83.30003,32994
3759280,Sanford,NC,35.49672,-79.17188,32971
5645050,Laramie,WY,41.30595,-105.60864,32957
0644112,Los Gatos,CA,37.22991,-121.95681,32952
2758738,Savage,MN,44.75906,-93.36421,32896
1729730,Glendale Heights,IL,41.91888,-88.0781,32866
1348624,McDonough,GA,33.44222,-84.15096,32803
3948244,Massillon,OH,40.78448,-81.52522,32750
4500550,Aiken,SC,33.53159,-81.72507,32694
0625338,Foster City,CA,37.56482,-122.25078,32657
1751349,Mundelein,IL,42.26911,-88.01148,32641
3744520,Morrisville,NC,35.83636,-78.839,32628
0630378,Goleta,CA,34.43544,-119.85895,32611
0102956,Athens,AL,34.77902,-86.9508,32587
0617946,Dana Point,CA,33.47545,-117.69309,32585
2302795,Bangor,ME,44.82963,-68.78877,32446
4916270,Cottonwood Heights,UT,40.61368,-111.81455,32437
4850256,Nacogdoches,TX,31.61236,-94.65205,32381
4206064,Bethel Park,PA,40.3238,-80.03642,32376
4746380,Maryville,TN,35.74798,-83.98001,32373
1315172,Chamblee,GA,33.88113,-84.30165,32321
3659641,Poughkeepsie,NY,41.69459,-73.91987,32293
0603162,Atwater,CA,37.35405,-120.59718,32248
1755249,O'Fallon,IL,38.60001,-89.9154,32169
5585350,West Bend,WI,43.41749,-88.18169,32149
0949880,Naugatuck,CT,41.48779,-73.05155,32116
4066800,Shawnee,OK,35.36941,-96.95641,32092
2606020,Bay City,MI,43.59006,-83.88842,32086
3479040,Westfield,NJ,40.65164,-74.34345,32050
3741960,Matthews,NC,35.11979,-80.70969,32048
0884440,Wheat Ridge,CO,39.77267,-105.1048,31999
3512150,Carlsbad,NM,32.40079,-104.24101,31999
3663418,Rome,NY,43.226,-75.48952,31990
4803300,Anna,TX,33.34817,-96.55345,31986
0604870,Bell,CA,33.9797,-118.17925,31930
0603820,Banning,CA,33.9459,-116.89904,31929
1345488,Lawrenceville,GA,33.95287,-83.99223,31877
1723256,Elk Grove Village,IL,42.00497,-87.99198,31802
0670042,Santa Paula,CA,34.35494,-119.06627,31786
2707948,Brooklyn Center,MN,45.06797,-93.31783,31755
3712860,Clayton,NC,35.65814,-78.44601,31732
4006400,Bixby,OK,35.94557,-95.87834,31728
3764740,Statesville,NC,35.78549,-80.87296,31693
3956882,North Olmsted,OH,41.41493,-81.91913,31690
2236255,Houma,LA,29.57868,-90.70802,31671
3501780,Alamogordo,NM,32.88362,-105.96361,31667
1211050,Casselberry,FL,28.66118,-81.32193,31650
0622300,El Paso de Robles (Paso Robles),CA,35.62851,-120.65036,31568
0668294,San Pablo,CA,37.96286,-122.34258,31562
0670742,Seaside,CA,36.62506,-121.8178,31524
4869032,Southlake,TX,32.95449,-97.14887,31500
0155200,Northport,AL,33.25756,-87.5964,31492
1848798,Michigan City,IN,41.70878,-86.86687,31466
3460900,Princeton,NJ,40.35824,-74.66673,31445
1261500,Rockledge,FL,28.32136,-80.73782,31429
4816468,Converse,TX,29.51249,-98.30463,31400
4947290,Magna metro township,UT,40.75954,-112.18273,31381
1276500,West Melbourne,FL,28.0504,-80.65833,31378
3632402,Harrison,NY,41.02354,-73.71928,31321
2546330,Northampton,MA,42.32704,-72.67463,31315
3040075,Kalispell,MT,48.21615,-114.32765,31296
1758447,Pekin,IL,40.56876,-89.62511,31266
2942032,Liberty,MO,39.24127,-94.41944,31245
2546598,North Attleborough Town,MA,41.97045,-71.33493,31210
1362104,Pooler,GA,32.10563,-81.25603,31171
2903160,Ballwin,MO,38.59506,-90.55002,31036
0606308,Beverly Hills,CA,34.07923,-118.40244,31027
3659223,Port Chester,NY,41.0047,-73.66718,30957
4501360,Anderson,SC,34.52149,-82.64352,30937
2641420,Jackson,MI,42.24216,-84.40204,30920
3957008,North Royalton,OH,41.31592,-81.74806,30894
0609066,Burlingame,CA,37.58995,-122.36334,30885
0643280,Los Altos,CA,37.36843,-122.09657,30864
1278300,Winter Park,FL,28.59663,-81.34575,30835
2137918,Hopkinsville,KY,36.83928,-87.47354,30800
1734722,Highland Park,IL,42.18237,-87.81085,30794
3461530,Rahway,NJ,40.60715,-74.28053,30763
0119648,Daphne,AL,30.62607,-87.88178,30751
0124184,Enterprise,AL,31.3269,-85.84402,30731
1215475,Crestview,FL,30.74793,-86.57927,30727
0553390,Paragould,AR,36.05229,-90.51046,30680
2722814,Fridley,MN,45.08425,-93.26005,30679
1753559,North Chicago,IL,42.3167,-87.8592,30639
4936070,Holladay,UT,40.65992,-111.8227,30588
0841835,Lafayette,CO,39.99481,-105.09968,30587
2755726,Rosemount,MN,44.74581,-93.06886,30581
1732018,Gurnee,IL,42.37009,-87.93681,30546
1700685,Algonquin,IL,42.15947,-88.32187,30539
1050670,Newark,DE,39.67765,-75.75748,30506
2526150,Gloucester,MA,42.62885,-70.68587,30491
5455756,Morgantown,WV,39.63749,-79.94686,30490
0670280,Saratoga,CA,37.26833,-122.02622,30486
3907972,Bowling Green,OH,41.37768,-83.64958,30463
4183750,Woodburn,OR,45.14727,-122.8604,30449
2747680,Oakdale,MN,44.98755,-92.96355,30441
4221648,Easton,PA,40.68597,-75.21855,30432
0639220,Laguna Hills,CA,33.59122,-117.69762,30378
4233408,Hazleton,PA,40.95047,-75.97251,30354
2445900,Laurel,MD,39.09508,-76.86124,30238
3421480,Englewood,NJ,40.8912,-73.97252,30221
2139142,Independence,KY,38.95744,-84.54737,30196
0640830,La Verne,CA,34.12052,-117.76993,30192
3647042,Middletown,NY,41.44492,-74.42357,30188
2710972,Chaska,MN,44.81636,-93.61002,30167
2213960,Central,LA,30.5593,-91.03551,30161
0640886,Lawndale,CA,33.88844,-118.35314,30160
5129744,Fredericksburg,VA,38.29927,-77.48666,29992
3653682,North Tonawanda,NY,43.04916,-78.87122,29981
2540115,Melrose,MA,42.45572,-71.05902,29938
1753000,Niles,IL,42.02786,-87.80997,29918
1273900,Venice,FL,27.11697,-82.41519,29902
4802272,Alvin,TX,29.42477,-95.22443,29869
1868220,Schererville,IN,41.48518,-87.44339,29780
4545115,Mauldin,SC,34.78102,-82.30423,29746
0603064,Atascadero,CA,35.48572,-120.68794,29743
4516405,Conway,SC,33.84193,-79.04565,29656
0675630,Suisun City,CA,38.24833,-122.01007,29614
0827865,Fountain,CO,38.68902,-104.68056,29457
0561670,Russellville,AR,35.27633,-93.13874,29442
2612060,Burton,MI,43.00075,-83.61815,29420
1834114,Hobart,IN,41.51353,-87.2764,29418
0665070,San Carlos,CA,37.49903,-122.26757,29403
2659920,Oak Park,MI,42.46494,-83.18241,29402
2140222,Jeffersontown,KY,38.20555,-85.56966,29388
2939044,Kirkwood,MO,38.57936,-90.42088,29348
0620956,East Palo Alto,CA,37.46778,-122.13255,29296
1728326,Galesburg,IL,40.95022,-90.37656,29289
3948160,Marysville,OH,40.22799,-83.35936,29276
2960788,Raytown,MO,38.99427,-94.46151,29244
2508130,Bridgewater Town,MA,41.97238,-70.97877,29167
0534750,Jacksonville,AR,34.88051,-92.13059,29129
1644290,Kuna,ID,43.52484,-116.40364,29127
2674960,Southgate,MI,42.20471,-83.20569,29081
2577890,West Springfield Town,MA,42.12545,-72.64973,29028
0648872,Monterey,CA,36.60119,-121.88311,29015
3929428,Garfield Heights,OH,41.41863,-81.60508,29014
2753026,Ramsey,MN,45.26002,-93.45223,28999
4132050,Happy Valley,OR,45.43603,-122.51013,28969
3405170,Bergenfield,NJ,40.92233,-73.998,28921
0568810,Texarkana,AR,33.43634,-93.98712,28897
1729756,Glen Ellyn,IL,41.86671,-88.06271,28872
5462140,Parkersburg,WV,39.26128,-81.54335,28834
1745694,McHenry,IL,42.3362,-88.29165,28825
3743480,Mint Hill,NC,35.17847,-80.6557,28825
3886220,Williston,ND,48.1895,-103.64912,28821
4821892,Eagle Pass,TX,28.7128,-100.48481,28768
3735600,Kernersville,NC,36.10617,-80.0819,28760
2500840,Agawam Town,MA,42.06389,-72.65296,28749
3665255,Saratoga Springs,NY,43.0677,-73.77814,28741
1741183,Lake in the Hills,IL,42.17936,-88.31547,28706
3971682,Shaker Heights,OH,41.47609,-81.5492,28689
2650560,Madison Heights,MI,42.50726,-83.10335,28626
2128900,Frankfort,KY,38.19497,-84.86588,28610
1709642,Burbank,IL,41.74442,-87.76851,28606
1374180,Sugar Hill,GA,34.08596,-84.03397,28598
5343150,Maple Valley,WA,47.36715,-122.03481,28553
1254450,Palm Springs,FL,26.63581,-80.09835,28548
1736750,Huntley,IL,42.1608,-88.43546,28495
1752584,New Lenox,IL,41.51002,-87.97,28480
2855760,Pearl,MS,32.27246,-90.09183,28458
2270805,Slidell,LA,30.28891,-89.78293,28440
0660704,Ridgecrest,CA,35.62854,-117.66399,28373
2665820,Port Huron,MI,42.99377,-82.43374,28342
1313492,Carrollton,GA,33.58169,-85.08398,28306
1846908,Marion,IN,40.54999,-85.66042,28216
2844520,Madison,MS,32.47388,-90.13087,28210
1378324,Union City,GA,33.59384,-84.56263,28195
3117670,Fremont,NE,41.43984,-96.487,28190
0608058,Brawley,CA,32.97845,-115.52857,28188
5554875,Mount Pleasant,WI,42.70883,-87.88489,28184
3650034,Newburgh,NY,41.50325,-74.01964,28181
4840588,Lake Jackson,TX,29.05086,-95.45123,28158
1742028,Lansing,IL,41.565,-87.546,28107
3629113,Glen Cove,NY,40.88476,-73.64478,28088
0952280,New London,CT,41.33296,-72.09618,28081
4566580,Simpsonville,SC,34.72903,-82.25752,28078
0126992,Foley,AL,30.39701,-87.66421,28043
4174950,Tualatin,OR,45.37686,-122.77468,28036
2752594,Prior Lake,MN,44.72559,-93.44088,28018
2025325,Garden City,KS,37.97502,-100.85087,27996
1718563,Danville,IL,40.14263,-87.61071,27981
4250528,Monroeville,PA,40.42632,-79.76138,27966
3702080,Asheboro,NC,35.71842,-79.81445,27928
0135800,Homewood,AL,33.45855,-86.80965,27919
4600100,Aberdeen,SD,45.46468,-98.4681,27919
4182800,Wilsonville,OR,45.31126,-122.77092,27895
1949755,Marshalltown,IA,42.0343,-92.90627,27886
4037800,Jenks,OK,35.99822,-95.9734,27869
0641124,Lemon Grove,CA,32.73307,-117.03441,27867
4708540,Bristol,TN,36.55855,-82.217,27867
3446680,Millville,NJ,39.39009,-75.0548,27838
5372905,Tumwater,WA,46.98946,-122.91728,27826
5186720,Winchester,VA,39.17387,-78.17636,27800
2135866,Henderson,KY,37.83842,-87.58097,27750
4838476,Katy,TX,29.79091,-95.84071,27741
3407600,Bridgeton,NJ,39.42919,-75.22859,27722
3939872,Kent,OH,41.14756,-81.36196,27720
3638264,Jamestown,NY,42.0976,-79.23614,27699
2946586,Maryland Heights,MO,38.71677,-90.47184,27671
2018250,Dodge City,KS,37.76068,-100.01844,27663
4285312,Williamsport,PA,41.24002,-77.03559,27628
2718674,Elk River,MN,45.33221,-93.56653,27606
3767420,Thomasville,NC,35.88131,-80.08155,27605
2601380,Allen Park,MI,42.25947,-83.21039,27604
1271400,Temple Terrace,FL,28.043,-82.37586,27588
2927190,Gladstone,MO,39.21298,-94.55896,27579
0510300,Cabot,AR,34.97511,-92.02829,27575
5555750,Neenah,WI,44.16492,-88.47963,27502
3931860,Green,OH,40.95382,-81.47204,27476
4825572,Fate,TX,32.94268,-96.38735,27467
1782075,Wilmette,IL,42.07732,-87.72862,27443
2636280,Hamtramck,MI,42.39537,-83.05594,27424
0683542,Wasco,CA,35.59378,-119.3671,27409
5309480,Camas,WA,45.60181,-122.43038,27313
4805372,Balch Springs,TX,32.7139,-96.61806,27307
0683332,Walnut,CA,34.03719,-117.85561,27250
3642554,Lindenhurst,NY,40.68575,-73.37159,27160
4152100,Newberg,OR,45.30724,-122.96018,27136
0605108,Belmont,CA,37.5144,-122.29448,27132
3977588,Troy,OH,40.04389,-84.21953,27122
1766040,Round Lake Beach,IL,42.38241,-88.08069,27091
1264825,Sebastian,FL,27.78724,-80.48,27087
0176944,Trussville,AL,33.65523,-86.56324,27079
4126200,Forest Grove,OR,45.52478,-123.10991,27076
4082950,Yukon,OK,35.51841,-97.76617,27068
0641152,Lemoore,CA,36.29436,-119.79825,27057
2829180,Greenville,MS,33.38346,-91.05231,27015
1777694,Vernon Hills,IL,42.23441,-87.96106,27002
4521985,Easley,SC,34.81981,-82.58216,27001
2371990,South Portland,ME,43.6314,-70.28599,26994
3986548,Wooster,OH,40.81703,-81.93153,26982
5347245,Moses Lake,WA,47.12785,-119.27638,26969
1950160,Mason City,IA,43.14858,-93.19984,26948
2759998,Shoreview,MN,45.08299,-93.14049,26939
1744225,Lockport,IL,41.591,-88.0297,26915
3655530,Ossining,NY,41.15349,-73.87059,26895
1654550,Moscow,ID,46.73061,-116.99891,26894
1730926,Granite City,IL,38.72928,-90.12547,26854
2254035,New Iberia,LA,30.00549,-91.82031,26849
1754638,Oak Forest,IL,41.60668,-87.7533,26813
2854840,Oxford,MS,34.35126,-89.53698,26801
3455950,Paramus,NJ,40.9473,-74.07017,26786
1722697,Edwardsville,IL,38.79084,-89.98861,26715
2158836,Paducah,KY,37.07089,-88.64448,26712
3463000,Ridgewood,NJ,40.98159,-74.11351,26701
2702908,Austin,MN,43.6721,-92.97786,26690
0667056,Sanger,CA,36.69897,-119.55748,26649
2928324,Grandview,MO,38.88136,-94.52274,26630
2749300,Owatonna,MN,44.0919,-93.23171,26626
5578650,Superior,WI,46.69212,-92.08036,26620
2814420,Clinton,MS,32.35444,-90.34189,26617
2017800,Derby,KS,37.55956,-97.25579,26604
4180150,West Linn,OR,45.36659,-122.6389,26597
0628112,Galt,CA,38.26846,-121.29895,26589
2833700,Horn Lake,MS,34.95208,-90.04921,26574
0680994,Twentynine Palms,CA,34.14782,-116.06596,26563
4971070,South Salt Lake,UT,40.70565,-111.89862,26561
1704078,Batavia,IL,41.84769,-88.31105,26555
1714026,Chicago Heights,IL,41.51069,-87.63467,26533
0633308,Hercules,CA,38.02143,-122.28893,26499
0605290,Benicia,CA,38.07273,-122.15517,26477
5577200,Stevens Point,WI,44.5253,-89.55038,26465
4242168,Lebanon,PA,40.34119,-76.42274,26456
4819900,Denison,TX,33.76694,-96.58067,26446
4261536,Plum,PA,40.50187,-79.74818,26420
2631420,Garden City,MI,42.32438,-83.34119,26410
0621796,El Cerrito,CA,37.91957,-122.30252,26409
4550695,North Augusta,SC,33.5233,-81.95657,26395
4863668,Royse City,TX,32.97975,-96.31643,26387
5175216,Staunton,VA,38.15798,-79.06188,26361
3441100,Lodi,NJ,40.87792,-74.0825,26358
2952616,Nixa,MO,37.04509,-93.29591,26352
0672520,Soledad,CA,36.43452,-121.31776,26345
3903464,Avon Lake,OH,41.4945,-82.01608,26342
5126496,Fairfax,VA,38.85318,-77.29903,26340
3913190,Centerville,OH,39.63433,-84.14572,26311
1829520,Greenfield,IN,39.79328,-85.77255,26268
3624229,Elmira,NY,42.09339,-76.80961,26255
4847496,Melissa,TX,33.28852,-96.55763,26194
3413570,Cliffside Park,NJ,40.82205,-73.98793,26183
2771032,Winona,MN,44.05127,-91.66808,26173
1271150,Tarpon Springs,FL,28.14905,-82.77937,26168
4924740,Farmington,UT,40.98467,-111.90631,26163
3134615,Norfolk,NE,42.02822,-97.42781,26162
1825450,Franklin,IN,39.4949,-86.05057,26158
0660242,Reedley,CA,36.59836,-119.44669,26138
4864112,Saginaw,TX,32.86556,-97.36521,26116
3986772,Xenia,OH,39.68313,-83.94081,26067
5486452,Wheeling,WV,40.07375,-80.69603,26060
2604105,Auburn Hills,MI,42.67472,-83.24361,26047
0125240,Fairhope,AL,30.52092,-87.87912,26044
4815988,Colleyville,TX,32.89148,-97.14975,26012
3410750,Carteret,NJ,40.58379,-74.22746,26003
1784038,Yorkville,IL,41.66174,-88.4286,25986
3603078,Auburn,NY,42.9338,-76.56718,25963
2960752,Raymore,MO,38.8033,-94.45832,25962
2682960,Walker,MI,42.99655,-85.75637,25921
5170000,Salem,VA,37.28533,-80.05524,25908
1783349,Woodstock,IL,42.30955,-88.43534,25892
2808300,Brandon,MS,32.27809,-89.99069,25870
2904384,Belton,MO,38.81873,-94.52964,25861
0685922,Windsor,CA,38.5421,-122.80861,25846
2870240,Starkville,MS,33.46326,-88.8278,25844
2025425,Gardner,KS,38.81147,-94.92923,25836
0619318,Dinuba,CA,36.54512,-119.3988,25833
3962498,Pickerington,OH,39.88754,-82.76414,25814
4767760,Shelbyville,TN,35.50133,-86.45168,25792
1819486,East Chicago,IN,41.64813,-87.45288,25768
5555275,Muskego,WI,42.87136,-88.13432,25759
3656979,Peekskill,NY,41.2874,-73.9236,25757
3948790,Medina,OH,41.13464,-81.86951,25757
2710918,Chanhassen,MN,44.85428,-93.56238,25746
0512820,Centerton,AR,36.35515,-94.29769,25745
3663264,Rockville Centre,NY,40.66402,-73.63805,25718
3819620,Dickinson,ND,46.89278,-102.79596,25695
1047030,Middletown,DE,39.44339,-75.7175,25686
0673220,South Pasadena,CA,34.10896,-118.15662,25656
1960465,Ottumwa,IA,41.02225,-92.42326,25648
4807492,Belton,TX,31.05234,-97.47954,25635
0661068,Riverbank,CA,37.72602,-120.94484,25625
4817060,Corsicana,TX,32.0824,-96.4667,25591
3903352,Avon,OH,41.4451,-82.00511,25573
0636294,Imperial Beach,CA,32.56914,-117.11492,25568
3224900,Fernley,NV,39.56477,-119.18943,25508
0656112,Patterson,CA,37.47588,-121.15388,25495
1780060,West Chicago,IL,41.89447,-88.22112,25469
5519775,De Pere,WI,44.43099,-88.07994,25453
0623042,Eureka,CA,40.79759,-124.15419,25412
1254275,Palmetto Bay,FL,25.6217,-80.31891,25402
0651560,Norco,CA,33.92552,-117.55196,25400
0158848,Pelham,AL,33.32183,-86.7422,25396
0639122,Lafayette,CA,37.891,-122.11953,25371
4541335,Lexington,SC,33.99288,-81.2218,25354
5551150,Mequon,WI,43.21136,-88.01424,25329
1705092,Belvidere,IL,42.26545,-88.88776,25325
3962148,Perrysburg,OH,41.53899,-83.64413,25313
5345005,Mercer Island,WA,47.564,-122.23121,25302
4874492,University Park,TX,32.84862,-96.79525,25268
3138295,Papillion,NE,41.14338,-96.07809,25248
4725760,Farragut,TN,35.87618,-84.18002,25242
1236550,Key West,FL,24.56506,-81.77554,25240
5511950,Caledonia,WI,42.79741,-87.8774,25240
2302060,Auburn,ME,44.08454,-70.24965,25200
5347490,Mountlake Terrace,WA,47.79433,-122.30261,25198
0642370,Loma Linda,CA,34.04293,-117.24887,25197
5136648,Herndon,VA,38.97041,-77.38707,25180
3121415,Hastings,NE,40.59626,-98.39032,25152
4839040,Kerrville,TX,30.0377,-99.13242,25141
3110110,Columbus,NE,41.43707,-97.35735,25126
2640680,Inkster,MI,42.29395,-83.3203,25108
1313688,Cartersville,GA,34.16458,-84.8017,25082
0105980,Bessemer,AL,33.37086,-86.97152,25079
2659140,Norton Shores,MI,43.16954,-86.23541,25070
1221350,Eustis,FL,28.85717,-81.67682,25067
4002600,Ardmore,OK,34.19651,-97.13185,25064
3469390,South Plainfield,NJ,40.57441,-74.4148,25062
4855080,Paris,TX,33.66893,-95.54662,25037
1939765,Johnston,IA,41.69195,-93.72446,25022
2720546,Faribault,MN,44.29971,-93.27895,24983
1701114,Alton,IL,38.9039,-90.1512,24967
2931276,Hazelwood,MO,38.79471,-90.396,24951
1770720,South Elgin,IL,41.99025,-88.31428,24921
3988084,Zanesville,OH,39.95599,-82.01347,24916
0604030,Barstow,CA,34.86699,-117.04304,24897
0423760,Florence,AZ,33.06937,-111.41399,24891
1928515,Fort Dodge,IA,42.50986,-94.17567,24886
4839352,Kingsville,TX,27.5092,-97.86103,24884
1735835,Homer Glen,IL,41.60518,-87.95237,24852
2434775,Greenbelt,MD,38.99467,-76.8854,24843
3902736,Athens,OH,39.32629,-82.10019,24824
4834832,Horizon City,TX,31.67965,-106.19106,24802
1360340,Perry,GA,32.47201,-83.72625,24792
3849900,Mandan,ND,46.82948,-100.88706,24788
3980304,Wadsworth,OH,41.02744,-81.7322,24753
4824348,Ennis,TX,32.32507,-96.6338,24753
4937170,Hurricane,UT,37.14847,-113.35886,24753
1802908,Avon,IN,39.76071,-86.39414,24735
4865036,San Benito,TX,26.1294,-97.64405,24712
4958730,Payson,UT,40.03588,-111.7388,24666
2669420,Romulus,MI,42.22365,-83.36604,24652
3903828,Barberton,OH,41.0069,-81.60439,24624
5303736,Bainbridge Island,WA,47.64249,-122.50776,24618
4982930,West Haven,UT,41.20907,-112.05361,24617
1227800,Groveland,FL,28.61022,-81.82709,24602
1784220,Zion,IL,42.45991,-87.85112,24583
2862520,Ridgeland,MS,32.42368,-90.16177,24576
4607580,Brookings,SD,44.30336,-96.78734,24555
4807552,Benbrook,TX,32.67828,-97.4636,24542
0670882,Selma,CA,36.57173,-119.61388,24505
1322052,Decatur,GA,33.77107,-84.29578,24482
4449960,Newport,RI,41.47668,-71.31963,24482
3967468,Riverside,OH,39.78265,-84.12391,24472
1750647,Morton Grove,IL,42.04232,-87.78901,24467
2720618,Farmington,MN,44.65916,-93.16871,24464
4816696,Corinth,TX,33.14471,-97.07077,24450
0670686,Seal Beach,CA,33.7544,-118.07132,24421
0571480,Van Buren,AR,35.45118,-94.354,24396
2021275,Emporia,KS,38.40287,-96.19291,24354
1219825,Edgewater,FL,28.95444,-80.94086,24334
3426340,Glassboro,NJ,39.7001,-75.11142,24322
1780645,Westmont,IL,41.79437,-87.97286,24308
4846776,Marshall,TX,32.53916,-94.35317,24263
1866852,St. John,IN,41.44182,-87.46778,24250
4059850,Ponca City,OK,36.72104,-97.06844,24234
2688900,Wyandotte,MI,42.21067,-83.15721,24214
3985484,Willoughby,OH,41.64529,-81.41435,24208
3970380,Sandusky,OH,41.45589,-82.71444,24174
5335170,Kenmore,WA,47.74986,-122.24724,24166
5350360,Oak Harbor,WA,48.29383,-122.62815,24163
1914430,Clinton,IA,41.84237,-90.24282,24118
3678608,Watertown,NY,43.97329,-75.91004,24038
1748242,Melrose Park,IL,41.90299,-87.86365,23999
0563020,Searcy,AR,35.24113,-91.73522,23997
1335324,Griffin,GA,33.24319,-84.27186,23994
4050100,Mustang,OK,35.39185,-97.72514,23965
1916230,Coralville,IA,41.69879,-91.5968,23959
2749138,Otsego,MN,45.26429,-93.62074,23875
3972928,Solon,OH,41.38599,-81.44084,23875
0646492,Maywood,CA,33.98855,-118.18771,23838
4163650,Roseburg,OR,43.2236,-123.35204,23795
1715599,Collinsville,IL,38.67575,-90.00576,23766
3639727,Kingston,NY,41.93012,-73.99678,23748
1765338,Rolling Meadows,IL,42.07491,-88.02536,23732
4914290,Clinton,UT,41.13874,-112.06642,23728
1723724,Elmwood Park,IL,41.92246,-87.81632,23698
0425300,Fountain Hills,AZ,33.6078,-111.7384,23696
1909550,Burlington,IA,40.8071,-91.12368,23637
1745031,Loves Park,IL,42.33784,-88.99865,23636
1851912,Munster,IN,41.54691,-87.50459,23634
1235050,Jacksonville Beach,FL,30.27247,-81.3856,23630
3246000,Mesquite,NV,36.81112,-114.12565,23599
4955210,North Salt Lake,UT,40.84712,-111.91878,23593
4262416,Pottstown,PA,40.25092,-75.64475,23553
1743939,Lisle,IL,41.79211,-88.0877,23548
0574540,West Memphis,AR,35.14955,-90.19927,23538
1738934,Kankakee,IL,41.10165,-87.86369,23535
2978154,Webster Groves,MO,38.5866,-90.35441,23525
5183680,Waynesboro,VA,38.06716,-78.90142,23498
1833466,Highland,IN,41.54662,-87.45762,23497
0619990,Duarte,CA,34.16097,-117.95045,23493
4669300,Watertown,SD,44.90919,-97.15569,23492
0666140,San Fernando,CA,34.28865,-118.43624,23488
2769970,White Bear Lake,MN,45.06521,-93.01287,23479
1216675,DeBary,FL,28.8814,-81.32427,23468
2232755,Hammond,LA,30.50565,-90.45649,23426
0100988,Albertville,AL,34.26313,-86.21066,23392
1747774,Maywood,IL,41.87978,-87.84418,23364
1230025,Hialeah Gardens,FL,25.88771,-80.35693,23328
0647486,Millbrae,CA,37.59897,-122.40199,23321
1955110,Muscatine,IA,41.41906,-91.06795,23298
4065400,Sapulpa,OK,36.00421,-96.12328,23297
2955766,Ozark,MO,37.0336,-93.21804,23248
0652694,Oakdale,CA,37.76167,-120.84643,23209
3771460,Waxhaw,NC,34.93747,-80.73997,23178
4021900,Duncan,OK,34.48161,-97.96054,23174
1727884,Freeport,IL,42.28901,-89.63426,23140
4876672,Watauga,TX,32.8718,-97.25149,23120
3471430,Summit,NJ,40.71562,-74.36468,23102
3947306,Maple Heights,OH,41.40905,-81.56286,23081
3936651,Hudson,OH,41.23921,-81.44161,23073
3977504,Trotwood,OH,39.79184,-84.32183,23073
3453280,North Plainfield,NJ,40.62125,-74.43947,23072
3464620,Roselle,NJ,40.65221,-74.26016,23064
1374936,Suwanee,GA,34.05112,-84.06591,23062
0645778,Marina,CA,36.68026,-121.78937,23047
2710846,Champlin,MN,45.17293,-93.38683,23045
4212536,Chambersburg,PA,39.93143,-77.65564,23041
3339300,Keene,NH,42.95384,-72.30688,23036
4414140,Central Falls,RI,41.89006,-71.39348,23034
3628178,Garden City,NY,40.72576,-73.6454,22993
4872284,Terrell,TX,32.73535,-96.28644,22977
5138424,Hopewell,VA,37.29101,-77.29894,22970
5667235,Rock Springs,WY,41.5947,-109.22092,22967
5304475,Battle Ground,WA,45.77683,-122.54097,22959
3362900,Portsmouth,NH,43.06059,-70.78035,22938
2057575,Prairie Village,KS,38.98683,-94.6362,22919
4955100,North Ogden,UT,41.31461,-111.95969,22908
4802212,Alton,TX,26.28778,-98.30901,22907
1269555,Sunny Isles Beach,FL,25.93882,-80.12353,22903
1765806,Roselle,IL,41.98025,-88.08591,22871
1745726,Machesney Park,IL,42.36766,-89.02454,22839
2815380,Columbus,MS,33.50821,-88.40713,22820
3761200,Shelby,NC,35.2904,-81.54564,22778
2737322,Lino Lakes,MN,45.15546,-93.10686,22774
4282704,West Chester,PA,39.95988,-75.60542,22758
0671106,Shafter,CA,35.47942,-119.20128,22754
4809160,Boerne,TX,29.78494,-98.72795,22712
3466570,Secaucus,NJ,40.78196,-74.06765,22710
2163912,Radcliff,KY,37.82006,-85.93637,22706
4530895,Greenwood,SC,34.19541,-82.15367,22667
5116608,Christiansburg,VA,37.14066,-80.40451,22632
0616224,Corcoran,CA,36.08406,-119.56127,22627
1300408,Acworth,GA,34.06199,-84.68112,22624
1706587,Bloomingdale,IL,41.95152,-88.08912,22622
5583975,Watertown,WI,43.18941,-88.72891,22617
1901630,Altoona,IA,41.64635,-93.47861,22598
3959234,Oxford,OH,39.50556,-84.74434,22585
5551575,Middleton,WI,43.10696,-89.50634,22566
0639178,Laguna Beach,CA,33.54337,-117.7618,22564
3135000,North Platte,NE,41.12526,-100.7634,22549
4808236,Big Spring,TX,32.23834,-101.48574,22541
1868832,Seymour,IN,38.94752,-85.89128,22524
4211272,Carlisle,PA,40.19999,-77.20415,22517
2727530,Hastings,MN,44.73178,-92.85451,22502
2365725,Sanford,ME,43.42414,-70.75786,22497
3712960,Clemmons,NC,36.03322,-80.3867,22471
1842246,La Porte,IN,41.60607,-86.71368,22444
0825280,Evans,CO,40.35016,-104.74836,22394
2745430,New Brighton,MN,45.06723,-93.20578,22374
2304860,Biddeford,ME,43.43873,-70.39294,22370
2712700,Columbia Heights,MN,45.0491,-93.24675,22358
1371604,Snellville,GA,33.86022,-84.00629,22336
2266655,Ruston,LA,32.53299,-92.63533,22330
2966440,Sedalia,MO,38.70605,-93.2345,22310
1279225,Zephyrhills,FL,28.24072,-82.17902,22304
0509460,Bryant,AR,34.61506,-92.49134,22271
0609598,Calabasas,CA,34.13425,-118.66645,22256
1711163,Carbondale,IL,37.72206,-89.22366,22223
0134024,Helena,AL,33.28342,-86.87918,22200
2608640,Birmingham,MI,42.5448,-83.21658,22198
3430210,Harrison,NJ,40.74298,-74.15291,22182
4139700,Klamath Falls,OR,42.21885,-121.77872,22174
4870208,Stephenville,TX,32.21454,-98.21989,22147
5307170,Bonney Lake,WA,47.1995,-122.16303,22145
0636280,Imperial,CA,32.8388,-115.57201,22102
0157576,Oxford,AL,33.59641,-85.86822,22088
1203675,Bartow,FL,27.8868,-81.82176,22084
2714158,Crystal,MN,45.03731,-93.35948,22082
2035750,Junction City,KS,39.02722,-96.85227,22053
1812934,Clarksville,IN,38.32208,-85.76758,22041
1722164,East Peoria,IL,40.67338,-89.54176,22024
1777993,Villa Park,IL,41.88561,-87.97823,22020
1718628,Darien,IL,41.74566,-87.98149,22015
1271225,Tavares,FL,28.76588,-81.75638,22007
3942364,Lebanon,OH,39.42555,-84.21319,21995
4532065,Hanahan,SC,32.93065,-80.00365,21983
4722720,East Ridge,TN,34.9973,-85.22851,21970
5535950,Howard,WI,44.56862,-88.07172,21961
5302585,Arlington,WA,48.17037,-122.14455,21959
1750218,Montgomery,IL,41.72102,-88.35811,21957
1241825,Lynn Haven,FL,30.23357,-85.63692,21954
4820344,Dickinson,TX,29.45172,-95.05624,21941
2769700,West St. Paul,MN,44.90241,-93.08533,21920
3440440,Lindenwold,NJ,39.81883,-74.98997,21919
1957360,North Liberty,IA,41.74362,-91.61123,21904
2770420,Willmar,MN,45.12104,-95.05865,21892
0687056,Yucca Valley,CA,34.12335,-116.42156,21858
2651900,Marquette,MI,46.5507,-87.39583,21845
3736080,Knightdale,NC,35.79173,-78.49646,21829
1706704,Blue Island,IL,41.65757,-87.68113,21805
5563300,Pleasant Prairie,WI,42.52668,-87.8883,21802
3914184,Chillicothe,OH,39.3405,-82.9961,21769
0601640,American Canyon,CA,38.17903,-122.2596,21742
5066175,South Burlington,VT,44.43647,-73.18262,21713
0151696,Mountain Brook,AL,33.49149,-86.73447,21701
0617498,Cudahy,CA,33.964,-118.18256,21694
2757346,St. Michael,MN,45.19924,-93.68953,21681
3421300,Elmwood Park,NJ,40.90453,-74.11951,21680
0851745,Montrose,CO,38.4688,-107.85891,21646
5372625,Tukwila,WA,47.47629,-122.27574,21636
4148650,Milwaukie,OR,45.44483,-122.62085,21620
5315290,Covington,WA,47.36479,-122.10456,21567
3901420,Alliance,OH,40.91117,-81.11983,21523
4846440,Manor,TX,30.35423,-97.55826,21500
2855360,Pascagoula,MS,30.36007,-88.55633,21476
3968056,Rocky River,OH,41.47307,-81.85383,21468
5120752,Culpeper,VA,38.47029,-77.99976,21464
2961238,Republic,MO,37.16855,-93.41306,21392
2382105,Westbrook,ME,43.70792,-70.3526,21386
2525485,Gardner,MA,42.58421,-71.98874,21381
3973264,South Euclid,OH,41.52396,-81.52448,21363
4253368,New Castle,PA,40.99562,-80.34581,21332
0658296,Port Hueneme,CA,34.16214,-119.20418,21325
1270345,Sweetwater,FL,25.7844,-80.38705,21321
2746924,Northfield,MN,44.45564,-93.17031,21316
3647636,Mineola,NY,40.74703,-73.63936,21305
5347735,Mukilteo,WA,47.91302,-122.30225,21299
4019900,Del City,OK,35.44828,-97.44079,21272
2724308,Golden Valley,MN,44.99023,-93.35874,21263
1731121,Grayslake,IL,42.34082,-88.03356,21262
0673108,South Lake Tahoe,CA,38.92822,-119.981,21225
2031100,Hays,KS,38.88223,-99.32223,21213
1224475,Fort Walton Beach,FL,30.4249,-86.62176,21188
1728872,Geneva,IL,41.88211,-88.32946,21168
1727624,Frankfort,IL,41.50702,-87.87097,21160
4935190,Highland,UT,40.42756,-111.79559,21146
0101852,Anniston,AL,33.67347,-85.81089,21127
4850100,Murphy,TX,33.01642,-96.60823,21109
2656020,Mount Pleasant,MI,43.59671,-84.77597,21090
3710620,Carrboro,NC,35.92623,-79.087,21079
2102368,Ashland,KY,38.45949,-82.64508,21066
2364675,Saco,ME,43.52796,-70.41957,21064
2441250,Hyattsville,MD,38.9612,-76.95494,21052
0630994,Greenfield,CA,36.32398,-121.2437,21042
2901972,Arnold,MO,38.42601,-90.36931,21036
4775320,Tullahoma,TN,35.37331,-86.21828,21035
5528875,Germantown,WI,43.23453,-88.125,21032
1757732,Park Forest,IL,41.48175,-87.6868,21016
5321240,Ellensburg,WA,47.00117,-120.54959,20996
1722073,East Moline,IL,41.51987,-90.3879,20995
5345865,Mill Creek,WA,47.86519,-122.2106,20993
4803264,Angleton,TX,29.17177,-95.42931,20979
3962848,Piqua,OH,40.14587,-84.24351,20940
4103050,Ashland,OR,42.19222,-122.69825,20935
3459640,Pleasantville,NJ,39.3888,-74.51429,20924
4022050,Durant,OK,33.99515,-96.39254,20908
1869318,Shelbyville,IN,39.54528,-85.7795,20845
3222500,Elko,NV,40.83811,-115.76781,20822
0846355,Louisville,CO,39.96958,-105.14327,20811
4551280,North Myrtle Beach,SC,33.82288,-78.69992,20798
1343640,Kingsland,GA,30.8461,-81.79091,20789
1770850,South Holland,IL,41.59837,-87.60274,20775
2745628,New Hope,MN,45.03594,-93.38689,20745
3448300,Morristown,NJ,40.79656,-74.47732,20732
4252432,Murrysville,PA,40.44286,-79.65831,20729
4858904,Portland,TX,27.88905,-97.3316,20725
4203928,Baldwin,PA,40.38064,-79.9452,20712
2721770,Forest Lake,MN,45.25083,-92.96692,20700
1720292,Dolton,IL,41.63027,-87.59683,20697
4801576,Alamo,TX,26.18099,-98.11753,20694
3643874,Lynbrook,NY,40.65788,-73.6742,20684
2483100,Westminster,MD,39.57968,-77.00839,20662
2962912,Rolla,MO,37.94594,-91.7612,20660
3959416,Painesville,OH,41.72163,-81.25836,20660
1202550,Auburndale,FL,28.11,-81.79732,20659
3742240,Mebane,NC,36.08168,-79.27674,20654
1743250,Libertyville,IL,42.28467,-87.9665,20643
0839855,Johnstown,CO,40.30725,-104.9112,20639
1383420,Winder,GA,33.99261,-83.72307,20628
4014700,Claremore,OK,36.31463,-95.60832,20602
2761492,South St. Paul,MN,44.88803,-93.0405,20590
2273640,Sulphur,LA,30.22979,-93.35634,20572
2056025,Pittsburg,KS,37.41258,-94.69834,20547
3961028,Parma Heights,OH,41.38339,-81.76127,20524
3455770,Palisades Park,NJ,40.84702,-73.99706,20520
4817960,Crowley,TX,32.57737,-97.35776,20483
4167100,Sherwood,OR,45.35945,-122.84239,20441
4005700,Bethany,OK,35.50717,-97.64173,20421
1328968,Fayetteville,GA,33.4491,-84.47282,20419
1259200,Punta Gorda,FL,26.89775,-82.06581,20416
3643082,Lockport,NY,43.16946,-78.69581,20394
3972424,Sidney,OH,40.28953,-84.16673,20392
2283405,Zachary,LA,30.66438,-91.16578,20370
3528460,Gallup,NM,35.51375,-108.74373,20339
3729800,Harrisburg,NC,35.30755,-80.64562,20335
4065300,Sand Springs,OK,36.13648,-96.13197,20330
4908460,Brigham City,UT,41.5059,-112.05142,20319
0619402,Dixon,CA,38.44751,-121.82422,20296
4260120,Phoenixville,PA,40.1352,-75.5227,20286
4874408,Universal City,TX,29.552,-98.30758,20267
2600440,Adrian,MI,41.89878,-84.04483,20259
3949434,Miamisburg,OH,39.63094,-84.27074,20253
0118976,Cullman,AL,34.17687,-86.84066,20239
5575125,South Milwaukee,WI,42.91264,-87.86231,20233
1717458,Crest Hill,IL,41.57436,-88.11326,20223
4841116,La Marque,TX,29.3698,-94.99419,20194
2655020,Monroe,MI,41.91659,-83.38432,20177
2125300,Erlanger,KY,39.03943,-84.60013,20172
1247625,Naples,FL,26.15048,-81.7953,20168
0830835,Golden,CO,39.74248,-105.21056,20151
2689140,Ypsilanti,MI,42.24435,-83.62116,20150
1339524,Holly Springs,GA,34.16723,-84.48447,20133
4866428,Seagoville,TX,32.65338,-96.54506,20124
1367984,St. Marys,GA,30.75425,-81.57264,20119
5355365,Port Angeles,WA,48.11924,-123.44801,20112
1319336,Conyers,GA,33.65747,-83.98381,20111
1379528,Villa Rica,GA,33.72836,-84.91666,20095
1601990,Ammon,ID,43.47168,-111.96034,20095
3707080,Boone,NC,36.21384,-81.6652,20080
0564370,Siloam Springs,AR,36.18461,-94.53152,20075
4023700,El Reno,OK,35.54183,-97.96127,20041
3927706,Forest Park,OH,39.28621,-84.52596,20033
2876720,Vicksburg,MS,32.322,-90.88156,20032
3430570,Hawthorne,NJ,40.95696,-74.15856,20006
5559250,Oconomowoc,WI,43.10043,-88.49269,20002
2977092,Warrensburg,MO,38.76238,-93.72534,19998
2758612,Sartell,MN,45.61809,-94.21215,19979
0449640,Nogales,AZ,31.36193,-110.93482,19965
1741742,Lake Zurich,IL,42.19501,-88.08773,19960
1254725,Panama City Beach,FL,30.23315,-85.87712,19955
4141650,Lebanon,OR,44.53098,-122.90808,19950
3984742,Whitehall,OH,39.96897,-82.88395,19940
5346685,Monroe,WA,47.85979,-121.98401,19927
1749854,Mokena,IL,41.52986,-87.87771,19915
1213150,Cocoa,FL,28.37664,-80.76331,19909
3543370,Los Lunas,NM,34.80087,-106.78869,19907
3738060,Lexington,NC,35.79718,-80.27429,19904
5559925,Onalaska,WI,43.88966,-91.20436,19898
3948482,Mayfield Heights,OH,41.51731,-81.45389,19886
4770500,Springfield,TN,36.4936,-86.87221,19842
0642468,Lomita,CA,33.79331,-118.31745,19841
1365044,Richmond Hill,GA,31.9,-81.31096,19839
5669845,Sheridan,WY,44.79622,-106.96417,19813
0822035,Durango,CO,37.26539,-107.87818,19811
3909064,Broadview Heights,OH,41.31816,-81.67926,19792
3644831,Mamaroneck,NY,40.93645,-73.72614,19783
1733383,Harvey,IL,41.60758,-87.65199,19781
1242575,Maitland,FL,28.62963,-81.37291,19776
3658574,Plattsburgh,NY,44.69203,-73.45828,19758
4829840,Glenn Heights,TX,32.5513,-96.85439,19752
4133700,Hermiston,OR,45.83293,-119.28519,19746
4810156,Brenham,TX,30.15816,-96.39562,19728
3958730,Oregon,OH,41.65596,-83.43833,19726
0654386,Oroville,CA,39.49542,-121.56007,19712
1245900,Minneola,FL,28.60232,-81.72945,19675
0415500,Coolidge,AZ,32.93362,-111.52358,19674
0602924,Arvin,CA,35.19436,-118.83057,19661
3974076,Springboro,OH,39.56223,-84.2336,19646
1741105,Lake Forest,IL,42.23535,-87.8573,19642
1362524,Powder Springs,GA,33.86423,-84.68201,19632
3640189,Lackawanna,NY,42.81842,-78.83277,19629
0639003,La CaÃ±ada Flintridge,CA,34.20969,-118.20014,19621
1312456,Calhoun,GA,34.49979,-84.93306,19592
4854708,Palestine,TX,31.75451,-95.64695,19583
0654232,Orinda,CA,37.88161,-122.16859,19573
1268875,Stuart,FL,27.19527,-80.24411,19566
3459880,Point Pleasant,NJ,40.07775,-74.06992,19565
0544600,Maumelle,AR,34.85234,-92.4,19541
3735920,Kinston,NC,35.2751,-77.59337,19519
1914520,Clive,IA,41.61324,-93.79787,19508
3978050,Twinsburg,OH,41.32259,-81.44312,19504
2149368,Madisonville,KY,37.34104,-87.50347,19502
2730140,Hopkins,MN,44.92511,-93.40449,19462
3957386,Norwood,OH,39.1605,-84.4536,19455
0600674,Albany,CA,37.89065,-122.31812,19439
3473020,Tinton Falls,NJ,40.26626,-74.09613,19435
2627880,Ferndale,MI,42.45921,-83.13137,19431
0600394,Agoura Hills,CA,34.14894,-118.76393,19429
4857980,Plainview,TX,34.19112,-101.7235,19429
2183676,Winchester,KY,38.00236,-84.19059,19413
0826600,Firestone,CO,40.15568,-104.94862,19396
1264975,Seminole,FL,27.84274,-82.7853,19395
4906810,Bluffdale,UT,40.47455,-111.94026,19393
2762824,Stillwater,MN,45.05861,-92.83041,19386
4861196,Red Oak,TX,32.50955,-96.78398,19365
5526982,Fox Crossing,WI,44.2236,-88.47907,19362
1753442,North Aurora,IL,41.80874,-88.34198,19329
3727280,Graham,NC,36.05636,-79.38944,19311
4846500,Manvel,TX,29.48542,-95.36232,19309
1330536,Forest Park,GA,33.62054,-84.35818,19301
1724634,Evergreen Park,IL,41.72127,-87.70133,19301
4854132,Orange,TX,30.12353,-93.75455,19275
3465280,Rutherford,NJ,40.82031,-74.10604,19214
0422360,Eloy,AZ,32.74126,-111.59401,19199
0901150,Ansonia,CT,41.34425,-73.06982,19195
0613294,Chowchilla,CA,37.1161,-120.24198,19191
2039825,Liberal,KS,37.04611,-100.92771,19184
2302100,Augusta,ME,44.3349,-69.7342,19168
2923752,Farmington,MO,37.78249,-90.4273,19165
2545245,Newburyport,MA,42.81214,-70.88665,19163
2940043,Lake St. Louis,MO,38.77989,-90.78559,19160
4241432,Lansdale,PA,40.24165,-75.28121,19154
1718992,Deerfield,IL,42.16607,-87.85247,19138
4112400,Central Point,OR,42.37638,-122.91074,19128
5355785,Port Orchard,WA,47.53844,-122.63243,19122
0672996,South El Monte,CA,34.05038,-118.04838,19121
3976022,Sylvania,OH,41.71036,-83.71021,19102
5311160,Centralia,WA,46.72205,-122.97095,19061
4840984,Lakeway,TX,30.35498,-97.98627,19056
2826860,Gautier,MS,30.40621,-88.65934,19055
5452060,Martinsburg,WV,39.45777,-77.97821,19047
4934200,Heber,UT,40.54174,-111.38744,19042
2283335,Youngsville,LA,30.09575,-91.99651,19038
1277675,Wildwood,FL,28.80581,-82.00732,19031
3720580,Elizabeth City,NC,36.2942,-76.23781,19028
1256625,Pinecrest,FL,25.66517,-80.30486,18981
5549675,Marshfield,WI,44.66329,-90.17174,18973
1774223,Sycamore,IL,41.99673,-88.67764,18968
2853520,Ocean Springs,MS,30.4027,-88.78865,18954
3418070,Dover,NJ,40.8856,-74.55916,18909
1355776,Norcross,GA,33.93739,-84.20563,18902
4283512,West Mifflin,PA,40.35767,-79.9054,18902
1708576,Brookfield,IL,41.82506,-87.84755,18885
3739700,Lumberton,NC,34.63061,-79.0186,18882
2154228,Mount Washington,KY,38.04262,-85.55602,18863
5377665,West Richland,WA,46.31381,-119.38777,18820
1735879,Homewood,IL,41.55942,-87.66202,18789
0162496,Prichard,AL,30.77334,-88.13142,18778
1756926,Ottawa,IL,41.35405,-88.82341,18775
4810780,Brownwood,TX,31.71286,-98.97705,18772
3902568,Ashland,OH,40.86707,-82.31515,18770
0602476,Arcata,CA,40.86229,-124.07497,18748
2581005,Winthrop Town,MA,42.37554,-70.97065,18739
3744960,Mount Holly,NC,35.3144,-81.00661,18723
0633364,Hermosa Beach,CA,33.86982,-118.4053,18687
0669154,Santa Fe Springs,CA,33.93357,-118.06261,18683
5588200,Wisconsin Rapids,WI,44.39292,-89.82675,18675
5118448,Colonial Heights,VA,37.26168,-77.3968,18674
0657288,Pinole,CA,38.0017,-122.31849,18663
1766027,Round Lake,IL,42.34318,-88.1021,18654
2421325,Cumberland,MD,39.6519,-78.75838,18643
1311784,Buford,GA,34.11856,-83.98861,18642
1705248,Bensenville,IL,41.95801,-87.94383,18629
4514950,Clemson,SC,34.68356,-82.81058,18610
3418400,Dumont,NJ,40.94524,-73.99243,18606
1376224,Thomasville,GA,30.83942,-83.97878,18604
2154642,Murray,KY,36.6142,-88.32207,18567
1747540,Matteson,IL,41.50887,-87.74604,18566
4001700,Altus,OK,34.65706,-99.30905,18543
2831780,Hernando,MS,34.84959,-89.9924,18542
2917272,Creve Coeur,MO,38.66202,-90.44305,18533
0111416,Calera,AL,33.12232,-86.74564,18530
3616749,Cohoes,NY,42.77287,-73.70776,18530
1769758,Shorewood,IL,41.51753,-88.21515,18522
3751940,Pinehurst,NC,35.19107,-79.46981,18502
3961112,Pataskala,OH,40.0198,-82.71988,18493
1701010,Alsip,IL,41.67027,-87.73708,18486
2400125,Aberdeen,MD,39.5164,-76.17452,18451
5550825,Menasha,WI,44.21234,-88.42736,18433
4575850,West Columbia,SC,33.99013,-81.09935,18418
3976106,Tallmadge,OH,41.10612,-81.42483,18412
4967770,Santaquin,UT,39.96989,-111.79443,18394
5538800,Kaukauna,WI,44.27679,-88.26386,18363
4547275,Moncks Corner,SC,33.19976,-79.9866,18359
2050475,Newton,KS,38.03768,-97.34502,18320
5485156,Weirton,WV,40.40633,-80.56558,18317
4827984,Gainesville,TX,33.63865,-97.14841,18295
3737760,Lenoir,NC,35.90768,-81.52483,18280
1247050,Mount Dora,FL,28.81335,-81.63341,18261
0602868,Arroyo Grande,CA,35.12415,-120.58453,18249
3955916,Niles,OH,41.18781,-80.7531,18238
4767120,Sevierville,TN,35.88969,-83.57986,18231
1676870,Star,ID,43.70002,-116.48976,18208
1742795,Lemont,IL,41.66724,-87.98202,18203
3575640,Sunland Park,NM,31.82356,-106.60026,18185
3602066,Amsterdam,NY,42.94163,-74.19057,18169
1844658,Logansport,IN,40.74807,-86.35472,18168
4850580,Nederland,TX,29.96929,-94.00171,18168
2700694,Albert Lea,MN,43.65429,-93.36415,18159
5301990,Anacortes,WA,48.48873,-122.62398,18148
3909288,Brook Park,OH,41.40431,-81.82034,18142
1704975,Bellwood,IL,41.8829,-87.87617,18132
1248500,New Port Richey,FL,28.24664,-82.7175,18130
2945668,Manchester,MO,38.58302,-90.50642,18122
1727702,Franklin Park,IL,41.93598,-87.8792,18110
4044800,McAlester,OK,34.92613,-95.77362,18108
2563345,Southbridge Town,MA,42.05974,-72.03391,18106
3732640,Hope Mills,NC,34.96996,-78.9606,18102
4878544,White Settlement,TX,32.75505,-97.46069,18099
1707471,Bourbonnais,IL,41.183,-87.87847,18083
2701720,Anoka,MN,45.2144,-93.39164,18068
5426452,Fairmont,WV,39.47688,-80.14909,18063
2170050,Shelbyville,KY,38.2068,-85.23062,18048
2923986,Ferguson,MO,38.74883,-90.29583,18043
3665431,Scarsdale,NY,40.99361,-73.7772,18036
0616378,Coronado,CA,32.65763,-117.15654,18031
1711592,Cary,IL,42.21214,-88.24963,18031
3974608,Steubenville,OH,40.36631,-80.65706,18029
4110750,Canby,OR,45.26509,-122.68839,18027
1757394,Palos Hills,IL,41.70068,-87.8253,18026
0659500,Rancho Mirage,CA,33.76384,-116.43039,18001
3905690,Berea,OH,41.37055,-81.86176,17998
3903086,Aurora,OH,41.3068,-81.33647,17985
2680420,Trenton,MI,42.14006,-83.19291,17957
5376405,Washougal,WA,45.5828,-122.34638,17944
0828360,Frederick,CO,40.10591,-104.9745,17937
1248750,Niceville,FL,30.52883,-86.47599,17919
4117700,Dallas,OR,44.92207,-123.31287,17911
3975014,Streetsboro,OH,41.23961,-81.34586,17877
4871948,Taylor,TX,30.57203,-97.43038,17872
2476650,Takoma Park,MD,38.98031,-77.00233,17856
4238288,Johnstown,PA,40.32613,-78.91914,17853
1335716,Grovetown,GA,33.44977,-82.20797,17843
2939026,Kirksville,MO,40.19817,-92.57456,17841
3744400,Morganton,NC,35.74085,-81.70029,17825
1722255,East St. Louis,IL,38.61636,-90.13053,17808
2167944,St. Matthews,KY,38.24933,-85.63776,17806
5568275,River Falls,WI,44.8604,-92.62529,17802
1738115,Jacksonville,IL,39.72915,-90.2322,17801
1238950,Lake Wales,FL,27.9207,-81.5995,17798
3902638,Ashtabula,OH,41.87946,-80.79848,17775
4970960,South Ogden,UT,41.17223,-111.95769,17749
0176920,Troy,AL,31.80196,-85.96713,17734
3976778,Tiffin,OH,41.11491,-83.18047,17729
5517975,Cudahy,WI,42.94671,-87.86402,17704
3956294,North Canton,OH,40.87415,-81.39713,17677
2527060,Greenfield,MA,42.61467,-72.59706,17633
3764420,Stallings,NC,35.1103,-80.66012,17617
1730094,Godfrey,IL,38.95289,-90.22254,17610
1842624,Lebanon,IN,40.03311,-86.44815,17608
1735307,Hinsdale,IL,41.80068,-87.92817,17598
4801852,Alice,TX,27.75562,-98.06581,17595
2119882,Danville,KY,37.63926,-84.77601,17562
1750621,Morton,IL,40.61373,-89.4668,17557
1274150,Vero Beach,FL,27.64722,-80.39314,17556
4869908,Stafford,TX,29.62572,-95.56574,17555
4847700,Mercedes,TX,26.15382,-97.91291,17535
2914572,Clayton,MO,38.64441,-90.33023,17512
2839640,Laurel,MS,31.69508,-89.14495,17508
0638226,Kerman,CA,36.72504,-120.06247,17497
3964304,Portsmouth,OH,38.75338,-82.94947,17489
2688140,Wixom,MI,42.52278,-83.53019,17486
4805984,Bay City,TX,28.98354,-95.95987,17471
3618388,Cortland,NY,42.60087,-76.17913,17459
4807300,Bellaire,TX,29.70402,-95.4609,17439
5503425,Ashwaubenon,WI,44.47941,-88.08748,17437
4729920,Goodlettsville,TN,36.33303,-86.70423,17433
0132272,Gulf Shores,AL,30.27584,-87.70126,17431
3923618,Eastlake,OH,41.65664,-81.42911,17423
0153016,Muscle Shoals,AL,34.74266,-87.63377,17409
3730120,Havelock,NC,34.9089,-76.89947,17407
0148712,Millbrook,AL,32.50147,-86.37391,17392
1310076,Braselton,GA,34.10762,-83.81291,17390
1376476,Tifton,GA,31.4621,-83.5205,17385
1852740,New Castle,IN,39.91983,-85.37006,17382
2424475,Easton,MD,38.77626,-76.07048,17381
3955216,New Philadelphia,OH,40.48648,-81.44015,17378
1205200,Belle Glade,FL,26.69222,-80.66556,17363
1712567,Charleston,IL,39.48375,-88.17792,17361
3700680,Albemarle,NC,35.35813,-80.19121,17344
2380740,Waterville,ME,44.54528,-69.6614,17336
3953102,Mount Vernon,OH,40.38619,-82.484,17329
0607218,Blythe,CA,33.65352,-114.62182,17320
4072100,Tahlequah,OK,35.9105,-94.97772,17319
3340180,Laconia,NH,43.57653,-71.48226,17310
0114104,Chelsea,AL,33.30901,-86.63514,17293
1237375,Lady Lake,FL,28.91975,-81.93276,17288
5165392,Radford,VA,37.12012,-80.55915,17273
1328380,Fairburn,GA,33.5478,-84.58727,17267
1933060,Grimes,IA,41.67785,-93.80231,17266
4801240,Addison,TX,32.96374,-96.8338,17257
0680588,Truckee,CA,39.35055,-120.19394,17240
4836092,Iowa Colony,TX,29.44109,-95.42375,17240
3451660,New Milford,NJ,40.93416,-74.01945,17229
2841680,Long Beach,MS,30.35447,-89.16268,17217
0624092,Fillmore,CA,34.39896,-118.91746,17216
0811810,CaÃ±on City,CO,38.44189,-105.2209,17193
2231915,Gretna,LA,29.91095,-90.05172,17185
3921308,Defiance,OH,41.28099,-84.36584,17180
3957302,Norwalk,OH,41.24457,-82.60895,17172
4843240,Lockhart,TX,29.87881,-97.68328,17166
2253545,Natchitoches,LA,31.73477,-93.10094,17165
2684940,Wayne,MI,42.27691,-83.38815,17129
4246256,McKeesport,PA,40.34188,-79.84501,17119
2634160,Grandville,MI,42.90051,-85.75209,17094
1241250,Longwood,FL,28.7014,-81.34839,17089
0639259,Laguna Woods,CA,33.61206,-117.73032,17058
1710373,Cahokia Heights,IL,38.57205,-90.15532,17052
3655574,Oswego,NY,43.45805,-76.50369,17047
5300100,Aberdeen,WA,46.97521,-123.81137,17044
1835302,Huntington,IN,40.88083,-85.5055,17033
4157150,Pendleton,OR,45.67563,-118.81973,17026
1746916,Marion,IL,37.73445,-88.94116,17021
4013950,Chickasha,OK,35.04054,-97.94717,17014
2001800,Andover,KS,37.68717,-97.13075,17000
1238425,Lake Mary,FL,28.7591,-81.33281,16989
3763120,Southern Pines,NC,35.19041,-79.39585,16987
1262425,Safety Harbor,FL,28.0063,-82.69784,16972
1837782,Jasper,IN,38.39315,-86.94057,16967
1636370,Hayden,ID,47.76845,-116.80124,16924
3645997,Massapequa Park,NY,40.68091,-73.44969,16922
2128594,Fort Thomas,KY,39.08244,-84.45711,16914
1654730,Mountain Home,ID,43.13183,-115.69672,16912
2726738,Ham Lake,MN,45.25393,-93.19484,16905
4870904,Sulphur Springs,TX,33.14311,-95.6147,16891
4720620,Dickson,TN,36.06332,-87.36884,16878
4820884,Donna,TX,26.16105,-98.03893,16876
4831328,Groves,TX,29.94597,-93.91666,16866
1347196,Loganville,GA,33.8365,-83.89614,16862
3926446,Fairview Park,OH,41.44199,-81.85295,16860
2928090,Grain Valley,MO,39.01499,-94.21637,16859
3771860,Wendell,NC,35.76816,-78.36407,16845
5582600,Verona,WI,42.99006,-89.53887,16825
2930214,Hannibal,MO,39.71021,-91.39404,16809
2753620,Red Wing,MN,44.58127,-92.60501,16788
5340805,Lynden,WA,48.94992,-122.4548,16783
2730392,Hugo,MN,45.16423,-92.9601,16765
1216450,Davenport,FL,28.16119,-81.61084,16764
0453700,Payson,AZ,34.24384,-111.31896,16762
4833428,Hewitt,TX,31.45125,-97.19331,16749
5506350,Bellevue,WI,44.46077,-87.95593,16749
2708452,Buffalo,MN,45.17951,-93.864,16736
4232448,Hanover,PA,39.81176,-76.9836,16728
0614274,Coalinga,CA,36.13306,-120.33903,16722
5551025,Menomonie,WI,44.8892,-91.90957,16709
5323620,Ferndale,WA,48.85263,-122.58862,16706
0649187,Moraga,CA,37.84569,-122.12322,16698
3452320,North Arlington,NJ,40.78626,-74.12622,16694
1351492,Milledgeville,GA,33.08794,-83.24061,16664
0521070,El Dorado,AR,33.21898,-92.66407,16657
0613945,Clearlake,CA,38.96005,-122.63323,16636
5148968,Manassas Park,VA,38.7694,-77.44232,16611
1747553,Mattoon,IL,39.47783,-88.36222,16602
1815742,Crawfordsville,IN,40.04186,-86.89762,16594
4000200,Ada,OK,34.76791,-96.66911,16578
1614680,Chubbuck,ID,42.92618,-112.46254,16577
5181072,Vienna,VA,38.89858,-77.25832,16562
4835348,Humble,TX,29.98821,-95.26436,16561
4911980,Centerville,UT,40.9263,-111.88334,16560
1708225,Bridgeview,IL,41.74028,-87.80664,16559
3442510,Madison,NJ,40.75804,-74.41781,16555
1243083,Marco Island,FL,25.93202,-81.70484,16554
0622412,El Segundo,CA,33.91037,-118.42508,16544
3126385,La Vista,NE,41.18184,-96.06824,16543
5405332,Beckley,WV,37.77315,-81.16155,16515
1251650,Opa-locka,FL,25.9,-80.25522,16507
4558030,Port Royal,SC,32.35537,-80.70025,16507
1879208,Vincennes,IN,38.67662,-87.50996,16506
4854912,Pampa,TX,35.54785,-100.96503,16487
3664309,Rye,NY,40.94474,-73.68637,16463
4780200,White House,TN,36.46492,-86.66849,16463
1341988,Jefferson,GA,34.13624,-83.60216,16459
1825324,Frankfort,IN,40.28102,-86.52125,16459
0168160,Saraland,AL,30.85457,-88.10984,16458
4812532,Canyon,TX,34.99029,-101.91895,16457
0129056,Gardendale,AL,33.67659,-86.80984,16444
5505900,Beaver Dam,WI,43.46811,-88.8309,16443
5562240,Pewaukee,WI,43.06614,-88.24447,16437
2105842,Berea,KY,37.5893,-84.2945,16436
1811062,Cedar Lake,IN,41.37234,-87.44197,16404
3469420,South River,NJ,40.44565,-74.37846,16392
4829168,Gatesville,TX,31.43867,-97.74603,16388
5584350,Waunakee,WI,43.18286,-89.44529,16363
1819270,Dyer,IN,41.4978,-87.50901,16341
5368750,Sunnyside,WA,46.31571,-120.00576,16317
5109816,Bristol,VA,36.61695,-82.15756,16316
1780047,Westchester,IL,41.8492,-87.89062,16313
0169120,Selma,AL,32.41698,-87.0357,16312
1938280,Indianola,IA,41.36297,-93.56555,16297
3716400,Davidson,NC,35.48066,-80.82091,16276
1352192,Monroe,GA,33.79748,-83.71873,16270
0661026,Ripon,CA,37.74201,-121.13037,16252
1716691,Country Club Hills,IL,41.56345,-87.72541,16238
4849800,Mount Pleasant,TX,33.15791,-94.97322,16238
1324376,Dublin,GA,32.53547,-82.92881,16233
4843096,Live Oak,TX,29.5554,-98.34004,16218
1346356,Lilburn,GA,33.89064,-84.13687,16210
0133448,Hartselle,AL,34.44043,-86.94036,16201
1852992,New Haven,IN,41.06791,-85.01628,16200
1830042,Griffith,IN,41.52764,-87.42389,16192
0136448,Hueytown,AL,33.4086,-87.01656,16185
2959096,Poplar Bluff,MO,36.76326,-90.41395,16177
4869020,South Houston,TX,29.66102,-95.22836,16146
4833848,Highland Village,TX,33.08975,-97.0615,16137
1725141,Fairview Heights,IL,38.59534,-90.00473,16115
1880306,Warsaw,IN,41.24605,-85.84848,16111
4811080,Buda,TX,30.0804,-97.8557,16090
4980420,Vineyard,UT,40.30506,-111.75478,16077
5586925,Whitewater,WI,42.83744,-88.73428,16076
0681134,Ukiah,CA,39.14661,-123.21033,16067
2967790,Sikeston,MO,36.885,-89.58745,16062
3704840,Belmont,NC,35.22128,-81.04109,16044
1262500,St. Augustine,FL,29.89615,-81.31113,16033
4854804,Palmview,TX,26.23193,-98.38164,16030
5186160,Williamsburg,VA,37.26948,-76.70819,16030
5533000,Hartford,WI,43.32247,-88.37774,15984
4730980,Greeneville,TN,36.16802,-82.81967,15979
2425800,Elkton,MD,39.60578,-75.82169,15977
3626264,Floral Park,NY,40.72195,-73.70282,15966
0168736,Scottsboro,AL,34.64462,-86.04815,15957
3951310,Monroe,OH,39.44599,-84.36577,15950
1740767,La Grange,IL,41.80721,-87.87415,15943
2728790,Hibbing,MN,47.3959,-92.94647,15940
2935648,Jackson,MO,37.37992,-89.65407,15929
4722200,Dyersburg,TN,36.04682,-89.37797,15915
3904416,Bay Village,OH,41.48777,-81.92889,15903
2635580,Grosse Pointe Woods,MI,42.43926,-82.89896,15897
4172950,The Dalles,OR,45.59839,-121.15241,15884
3679444,Westbury,NY,40.75988,-73.58919,15871
5586025,Weston,WI,44.89122,-89.54965,15866
1779033,Washington,IL,40.7064,-89.43346,15857
2170284,Shively,KY,38.19884,-85.81392,15850
4234064,Hermitage,PA,41.22955,-80.4407,15839
0420050,Douglas,AZ,31.39927,-109.54129,15819
3928826,Fremont,OH,41.35302,-83.11559,15814
4753460,Nolensville,TN,35.95711,-86.67192,15809
4115250,Coos Bay,OR,43.38113,-124.2326,15801
3840580,Jamestown,ND,46.90585,-98.69358,15789
2680340,Traverse City,MI,44.75431,-85.60301,15782
4174850,Troutdale,OR,45.53922,-122.39267,15749
1302116,Americus,GA,32.07438,-84.22283,15742
2705068,Bemidji,MN,47.48703,-94.88269,15733
1956505,Newton,IA,41.69634,-93.04051,15709
2911656,Carthage,MO,37.1506,-94.32787,15703
4848684,Mineral Wells,TX,32.82348,-98.0788,15688
4931120,Grantsville,UT,40.61135,-112.46908,15682
3654881,Oneonta,NY,42.45482,-75.06688,15679
3949644,Middleburg Heights,OH,41.36994,-81.81354,15672
4673060,Yankton,SD,42.88975,-97.39269,15670
0602896,Artesia,CA,33.86759,-118.08063,15662
3730720,Hendersonville,NC,35.3243,-82.45628,15656
1276658,West Park,FL,25.97867,-80.18101,15641
5129968,Front Royal,VA,38.92495,-78.18343,15628
4643100,Mitchell,SD,43.72707,-98.04219,15621
3422560,Fairview,NJ,40.82111,-74.00303,15606
0113264,Center Point,AL,33.6439,-86.68457,15603
4874588,Uvalde,TX,29.21518,-99.77721,15589
2275425,Thibodaux,LA,29.79487,-90.81458,15569
1762016,Prospect Heights,IL,42.10366,-87.92897,15566
5061225,Rutland,VT,43.60967,-72.97779,15565
4701740,Arlington,TN,35.25252,-89.66115,15550
2955550,Overland,MO,38.69595,-90.36835,15547
2941168,Lebanon,MO,37.67213,-92.65967,15538
4862168,Rio Grande City,TX,26.381,-98.82148,15526
2977416,Washington,MO,38.55192,-91.01549,15521
1311560,Brunswick,GA,31.13615,-81.46694,15520
2743774,Monticello,MN,45.29788,-93.79832,15482
2655820,Mount Clemens,MI,42.59806,-82.88151,15480
3401960,Asbury Park,NJ,40.22288,-74.01023,15473
3445690,Metuchen,NJ,40.54245,-74.36277,15470
3472420,Tenafly,NJ,40.91831,-73.95052,15455
3720080,Eden,NC,36.50304,-79.74002,15399
1957675,Norwalk,IA,41.48366,-93.69549,15396
3458350,Phillipsburg,NJ,40.69197,-75.17901,15393
3341300,Lebanon,NH,43.63543,-72.25384,15389
2131114,Glasgow,KY,37.00484,-85.92588,15388
3431470,Highland Park,NJ,40.50079,-74.42791,15386
4115550,Cornelius,OR,45.51893,-123.05097,15369
5358410,Ridgefield,WA,45.81161,-122.70546,15359
2607660,Berkley,MI,42.4986,-83.18534,15313
2210075,Broussard,LA,30.14083,-91.95606,15312
1320064,Covington,GA,33.60544,-83.84663,15302
1707744,Bradley,IL,41.16419,-87.84512,15298
3605100,Beacon,NY,41.50324,-73.96474,15292
0833035,Greenwood Village,CO,39.61593,-104.91169,15288
3520270,Deming,NM,32.26308,-107.75249,15272
5415628,Clarksburg,WV,39.2703,-80.36179,15262
1251825,Orange City,FL,28.93728,-81.28334,15257
1778929,Warrenville,IL,41.82098,-88.18745,15247
2437600,Havre de Grace,MD,39.54657,-76.11358,15222
2258045,Opelousas,LA,30.5249,-92.08165,15176
4833560,Hidalgo,TX,26.10894,-98.24616,15164
0812387,Castle Pines,CO,39.46249,-104.87058,15162
1720162,Dixon,IL,41.84482,-89.47655,15156
4873316,Tomball,TX,30.09508,-95.61968,15152
4877956,West University Place,TX,29.71544,-95.43163,15149
3737220,Laurinburg,NC,34.76214,-79.47738,15130
3420020,Edgewater,NJ,40.82465,-73.97379,15116
1236300,Key Biscayne,FL,25.69068,-80.16559,15111
1701595,Antioch,IL,42.47715,-88.06713,15108
0640256,La Palma,CA,33.85062,-118.03956,15092
4227552,Franklin Park,PA,40.59212,-80.09873,15079
5514575,Chippewa Falls,WI,44.93465,-91.38917,15075
3604715,Batavia,NY,42.99856,-78.18081,15071
2637420,Hazel Park,MI,42.46193,-83.09769,15064
1321324,Dallas,GA,33.91651,-84.84085,15062
4702320,Athens,TN,35.45681,-84.60452,15050
4805168,Azle,TX,32.89555,-97.53923,15046
3429430,Hammonton,NJ,39.66078,-74.76702,15036
5127200,Falls Church,VA,38.88472,-77.1756,15034
5536250,Hudson,WI,44.96388,-92.73025,15031
3206500,Boulder City,NV,35.84376,-114.91155,15029
4969640,Smithfield,UT,41.83547,-111.82752,15018
0127616,Fort Payne,AL,34.45733,-85.68945,15017
3979492,Vandalia,OH,39.87898,-84.19222,15013
3461680,Ramsey,NJ,41.06132,-74.147,15003
3674166,Tonawanda,NY,43.01194,-78.88344,14984
2973942,Troy,MO,38.96999,-90.96747,14963
2636700,Harper Woods,MI,42.43901,-82.92925,14936
3639232,Kenmore,NY,42.96463,-78.87129,14936
2700928,Alexandria,MN,45.87718,-95.37696,14914
3620313,Depew,NY,42.91176,-78.70436,14910
0468080,Somerton,AZ,32.60182,-114.69634,14902
3629443,Gloversville,NY,43.04924,-74.34582,14894
3445900,Middlesex,NJ,40.57463,-74.49826,14874
1362328,Port Wentworth,GA,32.19201,-81.20573,14865
4833320,Hereford,TX,34.8226,-102.40016,14860
0654848,Pacific Grove,CA,36.62258,-121.92643,14851
2170086,Shepherdsville,KY,37.98143,-85.70201,14837
4821556,Dumas,TX,35.86202,-101.96497,14834
1251350,Oldsmar,FL,28.04838,-82.67125,14831
1753377,Norridge,IL,41.96373,-87.82319,14817
4947950,Mapleton,UT,40.11876,-111.57425,14812
3730660,Henderson,NC,36.32604,-78.41492,14807
0642006,Livingston,CA,37.38728,-120.72494,14767
1745889,Macomb,IL,40.47015,-90.68311,14765
1353060,Moultrie,GA,31.17943,-83.79079,14756
1769524,Shiloh,IL,38.55203,-89.91514,14754
3432910,Hopatcong,NJ,40.95165,-74.66238,14750
2730644,Hutchinson,MN,44.88536,-94.37688,14708
3638748,Johnson City,NY,42.12529,-75.96341,14698
0174592,Talladega,AL,33.43176,-86.09945,14693
4284512,Whitehall,PA,40.36021,-79.98979,14678
4051150,Newcastle,OK,35.2424,-97.59534,14677
1812412,Chesterton,IN,41.59982,-87.055,14655
0138272,Jacksonville,AL,33.81007,-85.75522,14651
3986604,Worthington,OH,40.09691,-83.02022,14649
3755900,Reidsville,NC,36.3413,-79.67383,14646
1712684,Chatham,IL,39.67453,-89.6933,14639
4837216,Jacksonville,TX,31.95951,-95.2657,14639
3964486,Powell,OH,40.16769,-83.08155,14613
1750491,Morris,IL,41.38023,-88.42433,14587
1304896,Bainbridge,GA,30.90621,-84.57265,14586
1365464,Riverdale,GA,33.56387,-84.41096,14586
4231200,Greensburg,PA,40.31115,-79.54443,14586
3756900,Roanoke Rapids,NC,36.44605,-77.64859,14573
4029600,Glenpool,OK,35.94949,-96.00675,14567
1804204,Beech Grove,IN,39.71567,-86.08702,14566
1743770,Lindenhurst,IL,42.41715,-88.02643,14564
1884014,Whitestown,IN,39.97167,-86.37174,14564
0138416,Jasper,AL,33.85111,-87.26835,14561
2630420,Fraser,MI,42.53763,-82.94674,14549
2661940,Owosso,MI,42.99525,-84.17584,14544
1772546,Sterling,IL,41.79969,-89.69593,14535
3423910,Florham Park,NJ,40.77599,-74.39432,14533
5586700,Whitefish Bay,WI,43.11314,-87.90048,14532
4631060,Huron,SD,44.36234,-98.20957,14515
2755186,Rogers,MN,45.18385,-93.57167,14493
4723500,Elizabethton,TN,36.33957,-82.2378,14461
4164600,St. Helens,OR,45.85682,-122.81628,14460
3629333,Glens Falls,NY,43.31116,-73.64529,14455
5531125,Greendale,WI,42.93999,-88.00086,14455
3981718,Washington Court House,OH,39.53792,-83.42779,14446
1774119,Swansea,IL,38.55178,-89.98751,14445
0101132,Alexander City,AL,32.91672,-85.94059,14439
3915070,Circleville,OH,39.60115,-82.93251,14433
0655856,Parlier,CA,36.60899,-119.54361,14429
3468460,Somerville,NJ,40.56975,-74.60768,14428
1316544,Clarkston,GA,33.81349,-84.24185,14416
4740350,Lakeland,TN,35.26283,-89.72498,14416
2918253,Dardenne Prairie,MO,38.74112,-90.71536,14407
2707300,Brainerd,MN,46.35527,-94.19837,14400
1712476,Channahon,IL,41.42528,-88.26658,14392
3771680,Weddington,NC,35.02213,-80.73542,14391
3464650,Roselle Park,NJ,40.66531,-74.26656,14390
5529400,Glendale,WI,43.12614,-87.92719,14381
0157648,Ozark,AL,31.45162,-85.64503,14368
0644826,McFarland,CA,35.66729,-119.23072,14365
3414260,Collingswood,NJ,39.91528,-75.07839,14344
4504690,Beaufort,SC,32.45808,-80.72254,14334
5320155,East Wenatchee,WA,47.41745,-120.2838,14330
3144245,Scottsbluff,NE,41.86809,-103.66204,14323
2617020,Coldwater,MI,41.94601,-84.9993,14314
4826544,Forest Hill,TX,32.66194,-97.26623,14314
2028300,Great Bend,KS,38.35979,-98.79951,14306
5571163,Salem Lakes,WI,42.5365,-88.13317,14302
4236816,Indiana,PA,40.62195,-79.15528,14294
4571417,Tega Cay,SC,35.03934,-81.01061,14294
0659892,Red Bluff,CA,40.17352,-122.24152,14286
1871828,Speedway,IN,39.7937,-86.24754,14268
2720906,Fergus Falls,MN,46.28502,-96.07611,14258
4845120,Lumberton,TX,30.25499,-94.20796,14255
5532790,Harrison,WI,44.19225,-88.29406,14254
4220352,Dunmore,PA,41.41398,-75.60625,14249
2850440,Natchez,MS,31.54244,-91.38565,14233
2815700,Corinth,MS,34.94835,-88.51362,14219
1704303,Beach Park,IL,42.44227,-87.87537,14212
5563525,Plover,WI,44.46202,-89.53797,14208
3738040,Lewisville,NC,36.10519,-80.42455,14203
1751180,Mount Vernon,IL,38.31421,-88.91747,14162
2734244,Lake Elmo,MN,44.98785,-92.90965,14161
3985638,Willowick,OH,41.6343,-81.46791,14159
2747068,North Mankato,MN,44.18271,-94.04113,14142
1209725,Callaway,FL,30.1304,-85.5486,14138
3977322,Trenton,OH,39.47881,-84.46637,14131
1734514,Hickory Hills,IL,41.72478,-87.82801,14118
0603302,Avenal,CA,36.03111,-120.11617,14108
2103628,Bardstown,KY,37.81766,-85.45534,14104
3905130,Bellefontaine,OH,40.36275,-83.76301,14100
0158896,Pell City,AL,33.56031,-86.26363,14094
0630798,Grass Valley,CA,39.22031,-121.05265,14085
1047420,Milford,DE,38.90979,-75.4223,14079
2043950,McPherson,KS,38.36988,-97.66452,14068
0845955,Lone Tree,CO,39.53085,-104.87096,14061
1779267,Wauconda,IL,42.27701,-88.13527,14055
3971892,Sharonville,OH,39.28059,-84.40751,14040
1714065,Chicago Ridge,IL,41.70341,-87.77947,14036
4745100,McMinnville,TN,35.6863,-85.78122,14032
2740688,Marshall,MN,44.44906,-95.7892,13996
2754808,Robbinsdale,MN,45.02453,-93.33064,13993
1217325,Destin,FL,30.40437,-86.47143,13991
1802674,Auburn,IN,41.36763,-85.05498,13989
1782985,Wood Dale,IL,41.96631,-87.98085,13983
4866392,Seabrook,TX,29.59471,-94.9915,13976
0826270,Federal Heights,CO,39.86497,-105.01534,13971
2746042,New Ulm,MN,44.31207,-94.4689,13970
2260530,Pineville,LA,31.34293,-92.40893,13966
3451810,New Providence,NJ,40.69889,-74.40662,13957
1317776,College Park,GA,33.64145,-84.4635,13953
3908364,Brecksville,OH,41.30719,-81.61991,13951
5379590,Woodinville,WA,47.75769,-122.14679,13942
5501150,Allouez,WI,44.47226,-88.02624,13923
0638520,King City,CA,36.21628,-121.13196,13920
0622594,Emeryville,CA,37.83847,-122.30168,13912
0828745,Fruita,CO,39.15557,-108.72958,13912
0412840,Chino Valley,AZ,34.73989,-112.40606,13911
3146030,South Sioux City,NE,42.46305,-96.41325,13910
1267325,South Daytona,FL,29.16621,-81.00552,13906
0647710,Mill Valley,CA,37.90812,-122.54233,13904
1245200,Miami Springs,FL,25.82016,-80.28894,13901
4606620,Box Elder,SD,44.11094,-103.08107,13887
1729639,Glen Carbon,IL,38.75825,-89.98312,13883
1748892,Midlothian,IL,41.62543,-87.72423,13870
4532245,Hardeeville,SC,32.29531,-81.04098,13862
2813820,Clarksdale,MS,34.1938,-90.5686,13861
3954562,New Franklin,OH,40.95429,-81.58487,13859
1804114,Bedford,IN,38.86017,-86.4895,13853
1726935,Forest Park,IL,41.86837,-87.81566,13846
2229850,Gonzales,LA,30.21274,-90.9224,13837
5149784,Martinsville,VA,36.68353,-79.86365,13834
2758684,Sauk Rapids,MN,45.59472,-94.15275,13832
2767432,Waconia,MN,44.84153,-93.79009,13831
3904500,Beachwood,OH,41.47626,-81.50323,13820
4660020,Spearfish,SD,44.49209,-103.81965,13803
4285188,Wilkinsburg,PA,40.44421,-79.87333,13800
2155884,Newport,KY,39.0861,-84.48693,13792
2946316,Marshall,MO,39.11509,-93.20247,13791
4649600,Pierre,SD,44.37516,-100.32,13788
4527070,Fountain Inn,SC,34.69665,-82.20213,13786
2951572,Neosho,MO,36.84751,-94.39774,13782
0603204,Auburn,CA,38.89507,-121.07674,13780
2771734,Worthington,MN,43.62873,-95.5997,13754
5365205,Snoqualmie,WA,47.54324,-121.86865,13748
2924094,Festus,MO,38.21943,-90.40972,13730
0530460,Harrison,AR,36.24259,-93.11765,13723
4223832,Ephrata,PA,40.18085,-76.18018,13719
4858940,Port Neches,TX,29.96077,-93.96179,13709
4873710,Trophy Club,TX,32.99252,-97.17296,13704
3945556,Lyndhurst,OH,41.51693,-81.49482,13700
1254250,Palmetto,FL,27.52505,-82.57496,13682
4803216,Andrews,TX,32.32134,-102.55185,13677
1222175,Fernandina Beach,FL,30.65813,-81.45152,13672
1380956,Waycross,GA,31.21101,-82.35766,13671
0875640,Superior,CO,39.93119,-105.15909,13654
4760280,Portland,TN,36.59749,-86.52662,13651
0806255,Berthoud,CO,40.28468,-104.96551,13648
2455400,New Carrollton,MD,38.96559,-76.87752,13645
4512655,Cayce,SC,33.9505,-81.03981,13645
2829340,Greenwood,MS,33.51246,-90.19896,13627
3948342,Maumee,OH,41.57113,-83.66625,13625
0873825,Steamboat Springs,CO,40.47558,-106.82292,13620
3907300,Blue Ash,OH,39.24605,-84.38684,13616
3654716,Olean,NY,42.08394,-78.43512,13614
0151096,Moody,AL,33.60343,-86.49379,13596
4700540,Alcoa,TN,35.80698,-83.97304,13588
4839124,Kilgore,TX,32.39667,-94.86001,13583
3419840,Eatontown,NJ,40.29162,-74.05412,13582
4804504,Athens,TX,32.2026,-95.8308,13575
3747000,Newton,NC,35.66216,-81.23227,13571
0137864,Irondale,AL,33.53991,-86.65908,13545
1780242,Western Springs,IL,41.80228,-87.90056,13529
3933838,Harrison,OH,39.25658,-84.7862,13526
0544180,Marion,AR,35.20425,-90.20672,13524
5573725,Shorewood,WI,43.09134,-87.88665,13521
5320645,Edgewood,WA,47.23207,-122.28573,13496
4833212,Henderson,TX,32.15726,-94.7959,13485
4745500,Manchester,TN,35.46413,-86.0729,13484
1641320,Jerome,ID,42.71809,-114.51579,13481
3482423,Woodland Park,NJ,40.88985,-74.19436,13477
4239784,Kingston,PA,41.26475,-75.88657,13476
4741860,Lewisburg,TN,35.45157,-86.79071,13473
1740793,La Grange Park,IL,41.83078,-87.87227,13459
0632506,Hawaiian Gardens,CA,33.83048,-118.07345,13457
3980990,Warrensville Heights,OH,41.43722,-81.52175,13450
4769560,Soddy-Daisy,TN,35.26158,-85.17212,13430
1249600,North Palm Beach,FL,26.8203,-80.05691,13423
0851800,Monument,CO,39.07441,-104.84422,13408
4262432,Pottsville,PA,40.67985,-76.20921,13404
3923380,East Cleveland,OH,41.53066,-81.57852,13402
3462940,Ridgefield Park,NJ,40.85471,-74.01993,13400
2819180,D'Iberville,MS,30.44352,-88.89536,13399
2978118,Webb City,MO,37.14114,-94.46759,13391
4214712,Coatesville,PA,39.98515,-75.819,13390
4553080,Orangeburg,SC,33.4936,-80.86688,13378
5339335,Liberty Lake,WA,47.66845,-117.1042,13353
0547390,Mountain Home,AR,36.33512,-92.38404,13348
2949034,Moberly,MO,39.41811,-92.43654,13337
4281328,Washington,PA,40.17416,-80.24679,13334
1067310,Smyrna,DE,39.2953,-75.60871,13326
4861892,Richmond,TX,29.58086,-95.7613,13305
3915644,Clayton,OH,39.86954,-84.32544,13296
2671740,Sault Ste. Marie,MI,46.47617,-84.37054,13288
4207128,Bloomsburg,PA,41.00272,-76.45658,13286
1814932,Connersville,IN,39.65802,-85.14175,13282
3925396,Englewood,OH,39.86507,-84.30946,13282
1202400,Atlantic Beach,FL,30.33955,-81.39667,13279
2922834,Eureka,MO,38.49847,-90.64542,13277
3945108,Loveland,OH,39.26768,-84.26876,13277
5337270,Lake Forest Park,WA,47.75891,-122.29173,13276
5531525,Greenville,WI,44.28413,-88.54727,13273
3978932,University Heights,OH,41.49479,-81.5349,13265
2412400,Cambridge,MD,38.55406,-76.07712,13262
1607840,Blackfoot,ID,43.19459,-112.34681,13224
5363210,Sedro-Woolley,WA,48.51136,-122.23214,13215
1267550,South Miami,FL,25.70855,-80.29511,13207
3624515,Endicott,NY,42.09749,-76.06338,13199
2974626,Union,MO,38.43788,-90.9958,13198
1231350,Holly Hill,FL,29.24561,-81.04704,13183
5475292,South Charleston,WV,38.34077,-81.71085,13177
4807192,Beeville,TX,28.40524,-97.74893,13176
0609780,California City,CA,35.14659,-117.86935,13174
5322045,Enumclaw,WA,47.20218,-121.98898,13173
1222975,Florida City,FL,25.44407,-80.46766,13157
5577675,Stoughton,WI,42.92377,-89.22252,13134
4865726,Santa Fe,TX,29.38756,-95.10154,13131
0638562,Kingsburg,CA,36.52519,-119.56656,13128
0873935,Sterling,CO,40.62049,-103.19258,13114
5577975,Suamico,WI,44.62673,-88.03305,13109
2766460,Vadnais Heights,MN,45.05794,-93.06645,13108
3312900,Claremont,NH,43.38647,-72.3345,13105
5504625,Baraboo,WI,43.46941,-89.73729,13096
5348645,Newcastle,WA,47.53149,-122.16558,13072
3928014,Fostoria,OH,41.16023,-83.41244,13063
4140350,La Grande,OR,45.32447,-118.08689,13058
1743744,Lincolnwood,IL,42.00543,-87.73296,13055
3901798,Amherst,OH,41.40533,-82.23172,13048
1743536,Lincoln,IL,40.15068,-89.37027,13047
3947628,Marietta,OH,39.42317,-81.44643,13039
1733695,Hazel Crest,IL,41.57416,-87.6893,13036
1841535,Lake Station,IN,41.57673,-87.25288,13033
2937178,Jennings,MO,38.72308,-90.26437,13024
5513375,Cedarburg,WI,43.29992,-87.98844,13011
4210464,Butler,PA,40.86155,-79.89617,13010
4165250,Sandy,OR,45.39807,-122.2688,12990
4862588,Robinson,TX,31.45149,-97.12288,12986
0630658,Grand Terrace,CA,34.03108,-117.3131,12979
2669020,Rochester,MI,42.68664,-83.11972,12978
2248225,Mandeville,LA,30.37674,-90.10107,12973
3922456,Dover,OH,40.53005,-81.48103,12946
0416410,Cottonwood,AZ,34.75083,-111.984,12939
1629620,Garden City,ID,43.6683,-116.29439,12936
4830416,Granbury,TX,32.43281,-97.77515,12934
3453850,Oakland,NJ,41.03102,-74.2405,12926
0919480,Derby,CT,41.32612,-73.08257,12915
3983090,West Carrollton,OH,39.66974,-84.25549,12911
1749607,Minooka,IL,41.44761,-88.28415,12907
1711007,Canton,IL,40.56386,-90.03656,12896
4048000,Miami,OK,36.88774,-94.87091,12886
2212665,Carencro,LA,30.31256,-92.03871,12883
1880504,Washington,IN,38.65823,-87.16036,12881
0611446,Carpinteria,CA,34.38523,-119.50076,12876
2907966,Branson,MO,36.61229,-93.29181,12869
0672506,Solana Beach,CA,32.9913,-117.25806,12868
2705752,Big Lake,MN,45.34242,-93.74304,12855
5163768,Poquoson,VA,37.12836,-76.30353,12854
2744530,Mounds View,MN,45.10674,-93.20683,12841
3904878,Bedford,OH,41.39212,-81.53468,12834
3462430,Red Bank,NJ,40.34872,-74.06653,12830
0640438,Larkspur,CA,37.94054,-122.53023,12807
3762520,Smithfield,NC,35.52382,-78.35222,12806
3906278,Bexley,OH,39.96536,-82.93448,12793
4718540,Crossville,TN,35.95342,-85.03025,12785
1237775,Lake City,FL,30.18864,-82.64225,12783
5564450,Port Washington,WI,43.38492,-87.88413,12750
4269720,Sharon,PA,41.23398,-80.49982,12744
3004975,Belgrade,MT,45.77866,-111.17715,12741
5530000,Grafton,WI,43.32067,-87.94763,12741
5335065,Kelso,WA,46.11675,-122.88647,12737
2053550,Ottawa,KS,38.60008,-95.26278,12733
4983390,West Point,UT,41.12172,-112.09822,12726
4805864,Bastrop,TX,30.1111,-97.31815,12720
0646170,Marysville,CA,39.15154,-121.58337,12714
3539940,Las Vegas,NM,35.60482,-105.21702,12711
3428770,Haddonfield,NJ,39.89542,-75.03441,12707
0641712,Lindsay,CA,36.2091,-119.09326,12706
2963956,St. Ann,MO,38.72661,-90.38718,12704
2978928,West Plains,MO,36.73743,-91.86796,12704
3932340,Greenville,OH,40.10471,-84.62145,12701
5311825,Cheney,WA,47.49113,-117.58155,12700
2020075,El Dorado,KS,37.82162,-96.8622,12694
1760352,Plano,IL,41.68035,-88.53631,12677
4977120,Tremonton,UT,41.71835,-112.18784,12677
0655380,Palos Verdes Estates,CA,33.77427,-118.42575,12668
3985036,Wickliffe,OH,41.60632,-81.46803,12659
2810140,Byram,MS,32.19214,-90.28696,12656
0664434,San Anselmo,CA,37.98212,-122.56992,12645
2747221,North St. Paul,MN,45.01352,-93.00184,12644
3406790,Bound Brook,NJ,40.56775,-74.53725,12643
5326735,Gig Harbor,WA,47.33838,-122.60075,12643
3985792,Wilmington,OH,39.42912,-83.81617,12639
1666340,Rathdrum,ID,47.79404,-116.89293,12626
0646828,Mendota,CA,36.7576,-120.38047,12623
1347616,Lovejoy,GA,33.44152,-84.31744,12612
0409690,Camp Verde,AZ,34.56941,-111.85701,12608
5578750,Sussex,WI,43.13485,-88.22604,12607
2688380,Woodhaven,MI,42.13453,-83.23514,12575
0141968,Leeds,AL,33.54685,-86.57145,12573
2926182,Fulton,MO,38.85515,-91.9508,12573
5355995,Poulsbo,WA,47.74108,-122.64215,12562
3505220,Artesia,NM,32.85217,-104.42457,12550
4876948,Webster,TX,29.53207,-95.11648,12548
4528060,Gaffney,SC,35.07356,-81.66153,12546
1239375,Lantana,FL,26.58336,-80.05538,12545
0631393,Grover Beach,CA,35.12089,-120.61966,12534
1816804,Danville,IN,39.75881,-86.49528,12532
3425200,Freehold,NJ,40.26022,-74.27588,12530
5510375,Brown Deer,WI,43.17433,-87.97496,12527
0452930,Paradise Valley,AZ,33.55216,-111.96133,12523
1763706,Richton Park,IL,41.48018,-87.74253,12504
1782530,Winnetka,IL,42.10621,-87.74276,12494
4842448,Levelland,TX,33.58155,-102.36412,12494
2546225,North Adams,MA,42.67556,-73.11811,12492
2280955,West Monroe,LA,32.51234,-92.15107,12476
2712160,Cloquet,MN,46.72507,-92.50133,12475
1907480,Boone,IA,42.04926,-93.87253,12461
2758036,St. Peter,MN,44.32928,-93.96766,12456
4536430,James Island,SC,32.73612,-79.93718,12451
3656660,Patchogue,NY,40.76371,-73.01977,12447
3632754,Haverstraw,NY,41.17824,-73.94333,12445
4823044,Elgin,TX,30.35391,-97.39006,12438
1323536,Doraville,GA,33.90834,-84.26988,12436
1722736,Effingham,IL,39.11975,-88.5509,12434
1753871,Northlake,IL,41.91432,-87.90549,12433
4286968,Yeadon,PA,39.93249,-75.25271,12405
2652940,Melvindale,MI,42.27861,-83.18225,12401
3628640,Geneva,NY,42.86349,-76.98272,12397
4031750,Guymon,OK,36.6901,-101.47705,12397
2171688,Somerset,KY,37.08647,-84.60535,12389
2552144,Palmer Town,MA,42.18886,-72.30648,12388
3621105,Dunkirk,NY,42.48055,-79.3329,12379
5526675,Fort Atkinson,WI,42.92398,-88.84549,12377
0466470,Show Low,AZ,34.26505,-110.03832,12366
0124568,Eufaula,AL,31.90994,-85.15271,12363
4267344,St. Marys,PA,41.45504,-78.52019,12361
0507330,Blytheville,AR,35.93407,-89.90513,12359
0677364,Susanville,CA,40.43367,-120.62831,12359
4014200,Choctaw,OK,35.48498,-97.26994,12358
3918350,Conneaut,OH,41.9273,-80.56838,12357
3738320,Lincolnton,NC,35.47574,-81.23919,12353
4248360,Meadville,PA,41.64788,-80.14744,12347
3426640,Glen Rock,NJ,40.95947,-74.1252,12346
0524430,Forrest City,AR,35.0136,-90.79321,12340
1829718,Greensburg,IN,39.35102,-85.50119,12317
4223584,Emmaus,PA,40.53519,-75.49788,12314
2626360,Escanaba,MI,45.74629,-87.08361,12296
1773170,Streator,IL,41.12498,-88.82959,12295
0651140,Newman,CA,37.31613,-121.02142,12292
1330340,Flowery Branch,GA,34.1713,-83.91875,12292
4237955,Jefferson Hills,PA,40.29724,-79.94247,12291
3103390,Beatrice,NE,40.27328,-96.74595,12290
2717486,East Bethel,MN,45.3532,-93.21766,12288
1762783,Rantoul,IL,40.30256,-88.15488,12268
1738830,Justice,IL,41.7534,-87.82694,12267
2640860,Ionia,MI,42.97682,-85.07463,12265
5519350,DeForest,WI,43.22733,-89.3457,12260
2746798,North Branch,MN,45.51094,-92.94429,12258
1734358,Herrin,IL,37.79839,-89.03065,12253
3430420,Hasbrouck Heights,NJ,40.86275,-74.07518,12253
2917218,Crestwood,MO,38.55688,-90.37823,12239
3463360,River Edge,NJ,40.92677,-74.03747,12235
2675100,South Lyon,MI,42.46102,-83.65317,12219
3369940,Somersworth,NH,43.25348,-70.88794,12218
1611260,Burley,ID,42.53744,-113.79129,12211
3603408,Babylon,NY,40.69368,-73.326,12193
2144146,Lawrenceburg,KY,38.03387,-84.9047,12189
4822864,El Campo,TX,29.20069,-96.27234,12176
4732742,Hartsville/Trousdale County,TN,36.39303,-86.15669,12159
2203985,Baker,LA,30.5832,-91.15818,12147
3701720,Archdale,NC,35.90472,-79.95977,12147
1739727,Kewanee,IL,41.23909,-89.92566,12146
3945976,Macedonia,OH,41.31492,-81.50163,12139
2829460,Grenada,MS,33.78144,-89.81155,12138
2657100,New Baltimore,MI,42.68531,-82.73765,12132
0174352,Sylacauga,AL,33.18867,-86.2748,12123
0625296,Fortuna,CA,40.58708,-124.14216,12114
4741340,Lawrenceburg,TN,35.24971,-87.3325,12112
1845990,Madison,IN,38.75883,-85.39714,12108
0668224,San Marino,CA,34.12267,-118.11291,12105
0883230,Wellington,CO,40.7007,-105.0057,12100
1757381,Palos Heights,IL,41.66344,-87.79604,12088
4535890,Irmo,SC,34.10212,-81.19585,12086
4761960,Red Bank,TN,35.11169,-85.29616,12073
3476490,Wallington,NJ,40.85308,-74.10632,12060
4079450,Weatherford,OK,35.53903,-98.68499,12047
4741760,Lenoir City,TN,35.81584,-84.28302,12041
4945090,Lindon,UT,40.342,-111.71727,12018
2857160,Picayune,MS,30.53082,-89.67063,12017
2668880,Riverview,MI,42.17346,-83.19838,12011
4223016,Elizabethtown,PA,40.15328,-76.59865,11993
4842664,Liberty Hill,TX,30.66338,-97.90551,11984
4154900,Ontario,OR,44.02505,-116.97877,11957
1847448,Martinsville,IN,39.41471,-86.4317,11952
5300905,Airway Heights,WA,47.64594,-117.5792,11950
3428650,Guttenberg,NJ,40.79278,-74.00457,11945
1963525,Pleasant Hill,IA,41.59911,-93.50505,11942
2767036,Victoria,MN,44.86212,-93.65843,11937
1245175,Miami Shores,FL,25.86701,-80.17834,11917
4159850,Prineville,OR,44.29854,-120.86072,11917
1764304,River Forest,IL,41.89487,-87.81906,11909
1886084,Yorktown,IN,40.18189,-85.50816,11900
4866704,Selma,TX,29.58647,-98.31529,11900
4129000,Gladstone,OR,45.38565,-122.59283,11898
5560200,Oregon,WI,42.92521,-89.38911,11895
4809556,Borger,TX,35.65944,-101.40236,11892
0614974,Commerce,CA,33.99452,-118.14995,11882
2627760,Fenton,MI,42.80061,-83.71771,11882
4253736,New Kensington,PA,40.57248,-79.75305,11877
4666700,Vermillion,SD,42.7814,-96.9254,11877
5535450,Holmen,WI,43.97092,-91.26587,11866
3757640,Rolesville,NC,35.9246,-78.46145,11854
0643224,Los Alamitos,CA,33.79691,-118.06124,11846
3404750,Bellmawr,NJ,39.86636,-75.09467,11846
0827810,Fort Morgan,CO,40.253,-103.78865,11835
5563250,Platteville,WI,42.72793,-90.4681,11833
3673176,Tarrytown,NY,41.0652,-73.86626,11829
0670588,Scotts Valley,CA,37.0555,-122.01177,11828
1323872,Douglas,GA,31.50611,-82.85434,11828
2112160,Campbellsville,KY,37.34392,-85.35224,11820
1776199,Troy,IL,38.73967,-89.88254,11810
3735880,Kings Mountain,NC,35.23576,-81.3504,11797
1264875,Sebring,FL,27.4714,-81.45157,11795
2849240,Moss Point,MS,30.42591,-88.53273,11791
3559260,Portales,NM,34.17729,-103.35508,11789
1278000,Wilton Manors,FL,26.15932,-80.13935,11788
1712164,Centralia,IL,38.52207,-89.12353,11787
5567475,Richfield,WI,43.23939,-88.23402,11783
4827348,Fredericksburg,TX,30.26568,-98.87568,11766
2843280,McComb,MS,31.24447,-90.47159,11762
3463150,Ringwood,NJ,41.10396,-74.27114,11762
2002300,Arkansas City,KS,37.0725,-97.03844,11761
5544950,Little Chute,WI,44.29113,-88.3204,11761
3928476,Franklin,OH,39.55495,-84.29573,11758
4082150,Woodward,OK,36.42483,-99.40473,11750
1347140,Locust Grove,GA,33.34825,-84.10254,11749
1845648,McCordsville,IN,39.8973,-85.91738,11744
4825168,Fair Oaks Ranch,TX,29.74608,-98.63811,11744
2657760,Niles,MI,41.83454,-86.24785,11738
1652660,Middleton,ID,43.71159,-116.61501,11730
4954990,North Logan,UT,41.77554,-111.80665,11727
5380220,Yelm,WA,46.94261,-122.64316,11715
1365296,Rincon,GA,32.29469,-81.23535,11701
3544490,Lovington,NM,32.94447,-103.34923,11693
5625620,Evanston,WY,41.26009,-110.96374,11691
2218125,Covington,LA,30.48018,-90.11183,11686
3969834,Salem,OH,40.9046,-80.84894,11685
4031700,Guthrie,OK,35.87651,-97.40866,11682
2079950,Winfield,KS,37.24277,-96.97967,11678
3462910,Ridgefield,NJ,40.83268,-74.01409,11666
2808820,Brookhaven,MS,31.58057,-90.44339,11654
4149550,Monmouth,OR,44.85132,-123.2286,11651
1228175,Gulfport,FL,27.74644,-82.70994,11645
4863020,Roma,TX,26.41474,-99.00392,11635
1975630,Storm Lake,IA,42.64295,-95.19646,11627
2973618,Town and Country,MO,38.6306,-90.47719,11625
3426820,Gloucester City,NJ,39.89169,-75.11669,11618
2623980,East Grand Rapids,MI,42.94658,-85.60676,11616
3953970,New Albany,OH,40.09,-82.77635,11604
5327925,Grandview,WA,46.24433,-119.909,11599
1959925,Oskaloosa,IA,41.29221,-92.64085,11575
0541720,Lowell,AR,36.25585,-94.15336,11568
3752220,Pineville,NC,35.0937,-80.89352,11567
3910030,Bucyrus,OH,40.80512,-82.97163,11567
2046000,Merriam,KS,39.01761,-94.69396,11560
3971416,Seven Hills,OH,41.37926,-81.67629,11560
0869150,Severance,CO,40.50514,-104.8421,11554
2906976,Bolivar,MO,37.6067,-93.41671,11549
2627380,Farmington,MI,42.46138,-83.37838,11547
2741696,Mendota Heights,MN,44.87893,-93.13393,11542
4244864,Lower Burrell,PA,40.58329,-79.71801,11542
0504030,Batesville,AR,35.76857,-91.62265,11539
2856800,Petal,MS,31.34817,-89.23513,11538
3671894,Suffern,NY,41.11198,-74.14138,11537
3764180,Spring Lake,NC,35.18459,-78.99472,11530
3682750,Woodbury,NY,41.32754,-74.10211,11523
3620698,Dobbs Ferry,NY,41.00999,-73.86864,11513
1759988,Pingree Grove,IL,42.08762,-88.43599,11512
4716300,Collegedale,TN,35.05346,-85.04799,11510
0159760,Pike Road,AL,32.27361,-86.11893,11500
4832984,Heath,TX,32.85351,-96.46364,11499
4985370,Woods Cross,UT,40.87319,-111.91777,11493
4749060,Millington,TN,35.33371,-89.89954,11486
2947648,Mexico,MO,39.16217,-91.87277,11482
1835266,Huntertown,IN,41.21728,-85.16139,11481
5633740,Green River,WY,41.51292,-109.4708,11474
1845144,Lowell,IN,41.29051,-87.41993,11449
2616160,Clawson,MI,42.53667,-83.15041,11440
3480270,Westwood,NJ,40.98903,-74.03187,11434
3667638,Sleepy Hollow,NY,41.09751,-73.86964,11427
4842388,Leon Valley,TX,29.49537,-98.6143,11424
3957260,Norton,OH,41.02893,-81.64553,11423
1974280,Spencer,IA,43.14702,-95.15269,11418
4858280,Pleasanton,TX,28.96421,-98.49569,11409
2031125,Haysville,KS,37.56606,-97.35351,11406
1213175,Cocoa Beach,FL,28.32914,-80.62754,11386
4023500,Elk City,OK,35.38961,-99.42875,11383
2445750,La Plata,MD,38.54347,-76.96979,11374
1264400,Satellite Beach,FL,28.17873,-80.5994,11367
4055150,Okmulgee,OK,35.62516,-95.95403,11354
3476730,Wanaque,NJ,41.04242,-74.28864,11346
4961150,Pleasant View,UT,41.32489,-112.00104,11337
3765580,Summerfield,NC,36.19691,-79.89721,11333
1768081,Schiller Park,IL,41.95863,-87.86932,11325
0631708,Half Moon Bay,CA,37.46732,-122.44048,11324
2038650,Lansing,KS,39.24259,-94.89632,11316
2908398,Bridgeton,MO,38.77332,-90.417,11301
4858916,Port Lavaca,TX,28.61797,-96.62829,11299
4286880,Wyomissing,PA,40.33465,-75.96609,11292
1747007,Markham,IL,41.60004,-87.69046,11290
1803394,Bargersville,IN,39.54264,-86.20325,11283
4965770,Salem,UT,40.0553,-111.66737,11283
3721095,Elon,NC,36.10227,-79.50879,11282
0671876,Signal Hill,CA,33.80346,-118.16974,11279
3424990,Franklin Lakes,NJ,41.00753,-74.20565,11251
2725118,Grand Rapids,MN,47.23852,-93.53257,11244
3404180,Beachwood,NJ,39.9284,-74.20219,11242
3965592,Ravenna,OH,41.16157,-81.24206,11236
3627815,Fulton,NY,43.31916,-76.41974,11234
0633056,Healdsburg,CA,38.62253,-122.86513,11231
4241440,Lansdowne,PA,39.94076,-75.27603,11225
2148558,Lyndon,KY,38.263,-85.58787,11221
3454360,Ocean City,NJ,39.26952,-74.5998,11219
2218650,Crowley,LA,30.2179,-92.37484,11216
2938072,Kearney,MO,39.35511,-94.35858,11215
5581325,Two Rivers,WI,44.15614,-87.57735,11214
3979072,Urbana,OH,40.1091,-83.75498,11211
3126910,Lexington,NE,40.77732,-99.74662,11205
1709980,Burr Ridge,IL,41.7479,-87.92011,11202
2250885,Minden,LA,32.61915,-93.27275,11195
3974104,Springdale,OH,39.2906,-84.47579,11183
1245750,Milton,FL,30.62941,-87.0526,11182
0602042,Anderson,CA,40.44976,-122.29507,11171
0633798,Hillsborough,CA,37.55721,-122.35854,11171
1779150,Waterloo,IL,38.34121,-90.15272,11165
0610928,Canyon Lake,CA,33.6883,-117.26355,11161
2635540,Grosse Pointe Park,MI,42.37395,-82.92344,11158
3460090,Pompton Lakes,NJ,41.00273,-74.28674,11156
4868624,Snyder,TX,32.71356,-100.9119,11151
0609864,Calimesa,CA,33.98736,-117.05421,11150
5549300,Marinette,WI,45.08679,-87.63244,11139
3440680,Little Ferry,NJ,40.84343,-74.03424,11137
5584425,Waupun,WI,43.63155,-88.73753,11131
3979562,Van Wert,OH,40.8648,-84.58852,11123
0171976,Spanish Fort,AL,30.72297,-87.86592,11118
4809328,Bonham,TX,33.58802,-96.19009,11115
0678092,Tehachapi,CA,35.14296,-118.44604,11114
3918868,Coshocton,OH,40.26175,-81.84729,11114
3640530,Lake Grove,NY,40.85782,-73.11684,11109
4938710,Ivins,UT,37.1738,-113.68083,11108
4281824,Waynesboro,PA,39.75238,-77.5823,11101
4811368,Burkburnett,TX,34.07462,-98.56749,11101
4017800,Coweta,OK,35.97182,-95.67101,11093
0543610,Malvern,AR,34.37358,-92.82125,11082
5323795,Fife,WA,47.23229,-122.35061,11077
3630169,Great Neck,NY,40.80237,-73.7331,11075
3909246,Brooklyn,OH,41.43474,-81.74918,11072
4862804,Rockport,TX,28.04765,-97.04997,11069
3473140,Totowa,NJ,40.90342,-74.21978,11064
1761015,Pontiac,IL,40.88925,-88.6414,11054
2633340,Grand Haven,MI,43.05497,-86.21935,11045
4937500,Hyrum,UT,41.6328,-111.84551,11043
1860822,Plymouth,IN,41.34877,-86.31934,11042
3443620,Manville,NJ,40.54127,-74.58927,11031
2676960,Sturgis,MI,41.79909,-85.41844,11030
3440290,Lincoln Park,NJ,40.92375,-74.30424,11030
1859328,Peru,IN,40.75865,-86.07056,11003
4746240,Martin,TN,36.33788,-88.85137,10989
1765611,Roscoe,IL,42.42556,-89.00946,10981
2709370,Cambridge,MN,45.56077,-93.2277,10974
2968420,Smithville,MO,39.39687,-94.57099,10971
1962040,Pella,IA,41.40472,-92.91741,10965
3766700,Tarboro,NC,35.90522,-77.55721,10954
5666220,Riverton,WY,43.02626,-108.3813,10953
3951716,Montgomery,OH,39.25123,-84.34799,10952
3912868,Celina,OH,40.55549,-84.56142,10945
5308920,Burlington,WA,48.46636,-122.32888,10945
5511200,Burlington,WI,42.67525,-88.27187,10939
0613882,Clayton,CA,37.94032,-121.93008,10933
1727442,Fox Lake,IL,42.42821,-88.18393,10925
4825224,Fairview,TX,33.14051,-96.61303,10922
1715833,Columbia,IL,38.45806,-90.216,10919
2200100,Abbeville,LA,29.97539,-92.12716,10902
3775060,Winterville,NC,35.52867,-77.40007,10899
4862504,Roanoke,TX,33.01474,-97.22903,10895
1710906,Campton Hills,IL,41.95024,-88.41705,10894
3458770,Pine Hill,NJ,39.78572,-74.98082,10894
4815652,Clute,TX,29.02585,-95.39823,10893
5368435,Sumner,WA,47.22722,-122.23626,10885
5557100,New Richmond,WI,45.12524,-92.53714,10879
1240450,Lighthouse Point,FL,26.27776,-80.08862,10878
4775940,Union City,TN,36.42709,-89.04772,10876
5535150,Hobart,WI,44.49544,-88.1556,10876
4549570,Newberry,SC,34.28225,-81.60146,10874
1253875,Palatka,FL,29.64487,-81.67674,10867
1200375,Alachua,FL,29.7652,-82.4751,10856
1379388,Vidalia,GA,32.21208,-82.40219,10853
2825100,Flowood,MS,32.3361,-90.07287,10853
0877510,Timnath,CO,40.53321,-104.9645,10848
4606840,Brandon,SD,43.59291,-96.58377,10837
4152450,Newport,OR,44.62141,-124.04382,10833
3934748,Heath,OH,40.02081,-82.44208,10822
2100802,Alexandria,KY,38.96782,-84.3846,10819
0656938,Piedmont,CA,37.82254,-122.23002,10816
2002900,Atchison,KS,39.56255,-95.13661,10813
2252040,Morgan City,LA,29.71033,-91.19154,10813
3680203,West Haverstraw,NY,41.20631,-73.98678,10804
4124250,Fairview,OR,45.54758,-122.43682,10796
3904920,Bedford Heights,OH,41.40408,-81.50233,10791
5024400,Essex Junction,VT,44.49029,-73.11412,10787
2811100,Canton,MS,32.59842,-90.03219,10777
0671806,Sierra Madre,CA,34.16877,-118.05022,10775
1746357,Manhattan,IL,41.42018,-87.98072,10772
4838896,Kennedale,TX,32.64398,-97.21717,10771
4754920,Oakland,TN,35.2261,-89.53817,10769
1773638,Summit,IL,41.78845,-87.81392,10761
0543460,Magnolia,AR,33.2767,-93.22625,10759
4218152,Darby,PA,39.92095,-75.26108,10749
3615400,Chestnut Ridge,NY,41.08491,-74.04807,10746
4852212,Northlake,TX,33.07381,-97.25625,10746
2715022,Dayton,MN,45.18909,-93.47158,10744
3944674,London,OH,39.89285,-83.43887,10743
5363735,Shelton,WA,47.21891,-123.11119,10737
0167056,Russellville,AL,34.50572,-87.72812,10736
3979716,Vermilion,OH,41.40801,-82.31725,10733
4252584,Nanticoke,PA,41.20047,-75.9997,10730
2923086,Excelsior Springs,MO,39.33993,-94.24099,10727
3771500,Waynesville,NC,35.48559,-82.99929,10709
3648890,Mount Kisco,NY,41.2017,-73.72826,10698
4980090,Vernal,UT,40.4517,-109.53801,10698
0657540,Placerville,CA,38.73112,-120.79768,10695
4115950,Cottage Grove,OR,43.79589,-123.05723,10690
5640120,Jackson,WY,43.47194,-110.77527,10680
1944400,Le Mars,IA,42.78151,-96.17331,10674
0864255,Rifle,CO,39.53757,-107.77034,10663
1783518,Worth,IL,41.68821,-87.79258,10660
2179482,Versailles,KY,38.04907,-84.72497,10656
5355855,Port Townsend,WA,48.12176,-122.78788,10649
4827420,Freeport,TX,28.9433,-95.35607,10635
3419510,East Rutherford,NJ,40.8171,-74.08502,10624
4702340,Atoka,TN,35.42586,-89.78441,10624
1746136,Mahomet,IL,40.19013,-88.38952,10619
1703844,Barrington,IL,42.15154,-88.12853,10615
1330956,Fort Oglethorpe,GA,34.93185,-85.24601,10614
3468430,Somers Point,NJ,39.31724,-74.60638,10611
4807408,Bellmead,TX,31.60145,-97.08904,10607
0672646,Sonoma,CA,38.29033,-122.45983,10606
3618256,Corning,NY,42.1482,-77.0564,10605
3976876,Tipp City,OH,39.96447,-84.18638,10596
0649362,Morro Bay,CA,35.36677,-120.86829,10591
2737502,Little Canada,MN,45.02327,-93.08365,10590
4254696,Northampton,PA,40.68824,-75.48745,10587
3744800,Mount Airy,NC,36.50849,-80.61454,10583
5553750,Monroe,WI,42.60294,-89.63804,10579
1982875,Waverly,IA,42.72205,-92.46946,10576
1806220,Bluffton,IN,40.74348,-85.17211,10556
2608160,Beverly Hills,MI,42.52254,-83.24034,10552
3966894,Richmond Heights,OH,41.56065,-81.5077,10552
3468550,South Amboy,NJ,40.48639,-74.27876,10549
4900540,Alpine,UT,40.46295,-111.77244,10548
2143480,La Grange,KY,38.39725,-85.3768,10541
1332048,Garden City,GA,32.08722,-81.17661,10536
4725440,Fairview,TN,35.98239,-87.12702,10535
5365170,Snohomish,WA,47.92887,-122.09268,10534
1717497,Crestwood,IL,41.6456,-87.74008,10533
2803980,Bay St. Louis,MS,30.32345,-89.35879,10526
2128918,Franklin,KY,36.71803,-86.55758,10524
2612320,Cadillac,MI,44.25133,-85.41399,10521
4756720,Paris,TN,36.29274,-88.30806,10517
3776220,Zebulon,NC,35.82954,-78.31416,10505
0623616,Farmersville,CA,36.30474,-119.20861,10501
3965732,Reading,OH,39.22423,-84.43334,10482
3612144,Canandaigua,NY,42.889,-77.28032,10476
3525170,EspaÃ±ola,NM,36.00396,-106.07013,10475
0107912,Boaz,AL,34.19902,-86.15515,10473
0523170,Farmington,AR,36.03658,-94.25247,10473
4715580,Clinton,TN,36.09734,-84.12895,10458
4078500,Warr Acres,OK,35.5261,-97.61811,10456
1672100,Sandpoint,ID,48.28169,-116.56001,10444
1745434,Lyons,IL,41.81218,-87.81859,10440
4526305,Forest Acres,SC,34.03312,-80.97316,10438
4827996,Galena Park,TX,29.74517,-95.23458,10438
1764343,River Grove,IL,41.92428,-87.83793,10424
1202750,Avon Park,FL,27.5897,-81.50728,10415
5483500,Vienna,WV,39.32285,-81.5298,10406
2904222,Bellefontaine Neighbors,MO,38.75285,-90.22799,10401
4215384,Columbia,PA,40.03486,-76.49589,10399
3482570,Wood-Ridge,NJ,40.85018,-74.08707,10397
2405550,Bel Air,MD,39.53494,-76.34632,10395
4167650,Silverton,OR,45.00339,-122.78093,10391
5615760,Cody,WY,44.52124,-109.05747,10391
4862600,Robstown,TX,27.79397,-97.66916,10383
3600408,Airmont,NY,41.09916,-74.09792,10380
4252320,Munhall,PA,40.3936,-79.90095,10371
2208150,Bogalusa,LA,30.77538,-89.86166,10367
2921898,Ellisville,MO,38.5896,-90.58839,10359
4859748,Providence Village,TX,33.23784,-96.9568,10350
0163288,Rainbow City,AL,33.92878,-86.08423,10349
4205888,Berwick,PA,41.05499,-76.25101,10332
1839402,Kendallville,IN,41.44336,-85.25815,10326
5566800,Reedsburg,WI,43.53505,-89.99551,10314
1314500,Cedartown,GA,34.02175,-85.24753,10313
0830780,Glenwood Springs,CO,39.54713,-107.34256,10311
3476400,Waldwick,NJ,41.01337,-74.12522,10308
3929162,Galion,OH,40.73822,-82.78133,10304
5471212,St. Albans,WV,38.37762,-81.81925,10301
1764278,Riverdale,IL,41.6427,-87.63564,10299
0645246,Malibu,CA,34.02586,-118.75964,10298
4136150,Independence,OR,44.8578,-123.19772,10295
1879370,Wabash,IN,40.80275,-85.82917,10275
3678674,Watervliet,NY,42.72488,-73.70701,10268
3431920,Hillsdale,NJ,41.00713,-74.04512,10266
2728682,Hermantown,MN,46.80234,-92.24084,10265
4171950,Sweet Home,OR,44.40401,-122.7015,10265
1774574,Taylorville,IL,39.56273,-89.30826,10263
0462000,Safford,AZ,32.8333,-109.69742,10257
1783271,Wood River,IL,38.86327,-90.07764,10251
4781080,Winchester,TN,35.1891,-86.1049,10251
2628360,Flat Rock,MI,42.09787,-83.26983,10249
0660984,Rio Vista,CA,38.17667,-121.70341,10248
0671225,Shasta Lake,CA,40.67656,-122.38091,10244
0115256,Clay,AL,33.69658,-86.60818,10241
1342268,Jesup,GA,31.59457,-81.8957,10235
4849068,Mont Belvieu,TX,29.85192,-94.86828,10229
4873493,Town of Pecos,TX,31.39167,-103.52724,10224
5183136,Warrenton,VA,38.71782,-77.79732,10224
4833146,Helotes,TX,29.57797,-98.68054,10223
3444880,Maywood,NJ,40.90288,-74.06346,10221
3650397,New Hyde Park,NY,40.73227,-73.68586,10220
4627260,Harrisburg,SD,43.43426,-96.71243,10203
5533100,Hartland,WI,43.10235,-88.33559,10203
4840264,Lago Vista,TX,30.45262,-97.99102,10201
1782400,Winfield,IL,41.87844,-88.15303,10199
4871540,Sweetwater,TX,32.46939,-100.40865,10196
2946640,Maryville,MO,40.34251,-94.87005,10193
0554200,Pea Ridge,AR,36.45285,-94.12594,10190
0623126,Exeter,CA,36.29414,-119.14595,10186
1814716,Columbia City,IN,41.16305,-85.47875,10185
2159196,Paris,KY,38.20016,-84.27269,10185
2814260,Cleveland,MS,33.74401,-90.72848,10183
3428710,Hackettstown,NJ,40.8537,-74.82488,10182
2720330,Fairmont,MN,43.64479,-94.46402,10176
1320932,Cumming,GA,34.20607,-84.13385,10175
4821424,Dripping Springs,TX,30.19594,-98.0937,10165
0934180,Groton,CT,41.32505,-72.06686,10160
4836008,Ingleside,TX,27.87061,-97.20791,10155
3937464,Ironton,OH,38.5326,-82.67809,10147
0178204,Valley,AL,32.80143,-85.20444,10144
3408920,Burlington,NJ,40.07882,-74.85248,10143
4865408,Sanger,TX,33.3821,-97.16541,10142
3482120,Woodbury,NJ,39.83791,-75.15153,10138
2938306,Kennett,MO,36.24022,-90.04722,10137
4103650,Baker City,OR,44.77489,-117.83199,10135
4149450,Molalla,OR,45.14935,-122.58486,10134
4865360,San Elizario,TX,31.57844,-106.26202,10128
1911080,Carroll,IA,42.07027,-94.86428,10125
5523300,Elkhorn,WI,42.6716,-88.53626,10122
0510720,Camden,AR,33.56767,-92.84906,10116
2601740,Alpena,MI,45.07447,-83.44357,10116
2949196,Monett,MO,36.92147,-93.92711,10108
3437110,Kinnelon,NJ,40.98204,-74.3859,10108
4860836,Raymondville,TX,26.47571,-97.77774,10107
1304140,Auburn,GA,34.01519,-83.83374,10094
3641135,Lancaster,NY,42.9006,-78.66877,10094
1227400,Green Cove Springs,FL,29.98531,-81.68098,10087
4248376,Mechanicsburg,PA,40.2114,-77.00593,10085
1817074,Decatur,IN,40.82885,-84.92781,10072
2067625,Spring Hill,KS,38.75668,-94.82098,10070
2005337,Bel Aire,KS,37.77594,-97.24657,10066
3654837,Oneida,NY,43.07045,-75.67356,10066
3622876,East Rockaway,NY,40.6438,-73.66713,10064
3412100,Chatham,NJ,40.74069,-74.38448,10062
3911332,Canal Winchester,OH,39.84659,-82.82131,10060
1312400,Cairo,GA,30.87923,-84.20551,10057
1868670,Sellersburg,IN,38.3995,-85.77427,10057
4153000,North Bend,OR,43.40716,-124.23448,10049
1243000,Marathon,FL,24.73234,-81.02512,10039
3910996,Cambridge,OH,40.02105,-81.58555,10036
4142600,Lincoln City,OR,44.97788,-124.00605,10034
2715832,Detroit Lakes,MN,46.80758,-95.84661,10033
1734670,Highland,IL,38.76982,-89.68611,10028
1850976,Mooresville,IN,39.60249,-86.36871,10027
1210250,Cape Canaveral,FL,28.39323,-80.60479,10014
2047225,Mission,KS,39.02677,-94.65696,10013
0616462,Corte Madera,CA,37.93185,-122.50774,10006
5587725,Windsor,WI,43.2457,-89.28152,10005
3646019,Massena,NY,44.92902,-74.89297,9998
2756680,St. Anthony,MN,45.03033,-93.21542,9993
3985512,Willoughby Hills,OH,41.58417,-81.43298,9986
1208800,Brooksville,FL,28.51658,-82.40466,9985
1928605,Fort Madison,IA,40.62078,-91.34947,9983
4208760,Bristol,PA,40.10277,-74.85235,9982
2930610,Harrisonville,MO,38.65249,-94.347,9980
1634390,Hailey,ID,43.51267,-114.2995,9976
5564100,Portage,WI,43.54895,-89.46587,9975
3650705,New Square,NY,41.14102,-74.02936,9973
3744320,Morehead City,NC,34.72789,-76.73909,9963
5575325,Sparta,WI,43.93825,-90.8127,9963
0827700,Fort Lupton,CO,40.08281,-104.80554,9948
5577875,Sturgeon Bay,WI,44.82268,-87.36981,9940
4911440,Cedar Hills,UT,40.41203,-111.75427,9916
2453875,Mount Airy,MD,39.37469,-77.15381,9914
2639540,Howell,MI,42.60813,-83.93434,9914
2881520,Yazoo City,MS,32.86222,-90.408,9913
2151978,Middletown,KY,38.24208,-85.52074,9908
1829358,Greencastle,IN,39.64184,-86.84634,9907
0801090,Alamosa,CO,37.47453,-105.87696,9906
4103150,Astoria,OR,46.18738,-123.81507,9906
3664325,Rye Brook,NY,41.03,-73.68635,9900
0501870,Arkadelphia,AR,34.12738,-93.07085,9894
3975126,Struthers,OH,41.05122,-80.59272,9891
4006700,Blanchard,OK,35.15234,-97.66522,9869
2652080,Marysville,MI,42.90847,-82.48096,9868
1376168,Thomaston,GA,32.89167,-84.32669,9850
5313855,College Place,WA,46.04158,-118.38941,9846
3631643,Hamburg,NY,42.72336,-78.8348,9835
4579630,York,SC,34.99835,-81.23307,9830
5318965,DuPont,WA,47.10735,-122.64758,9823
3980766,Wapakoneta,OH,40.56523,-84.1907,9817
3001675,Anaconda-Deer Lodge County,MT,46.09467,-113.14162,9811
4121550,Eagle Point,OR,42.46769,-122.80159,9811
2656360,Muskegon Heights,MI,43.20192,-86.24096,9806
4810252,Bridge City,TX,30.0309,-93.83812,9806
2150898,Mayfield,KY,36.73746,-88.64449,9805
4816240,Commerce,TX,33.24099,-95.89887,9800
3406490,Bogota,NJ,40.87429,-74.02974,9799
2635520,Grosse Pointe Farms,MI,42.39755,-82.88918,9794
1759234,Peru,IL,41.34922,-89.13857,9793
3945094,Louisville,OH,40.83704,-81.26415,9793
4838488,Kaufman,TX,32.58364,-96.31666,9785
4878388,Whitehouse,TX,32.22168,-95.22068,9781
0465350,Sedona,AZ,34.85852,-111.79306,9778
3731620,Hillsborough,NC,36.0779,-79.09798,9773
1319616,Cordele,GA,31.95609,-83.77008,9767
2879120,West Point,MS,33.60624,-88.65757,9758
4016350,Collinsville,OK,36.36926,-95.86176,9757
4815436,Cleveland,TX,30.33822,-95.09028,9757
4819432,Dayton,TX,30.01318,-94.936,9752
4249128,Middletown,PA,40.20089,-76.72918,9748
4251144,Morrisville,PA,40.20764,-74.78027,9745
3725980,Gibsonville,NC,36.10216,-79.54304,9744
3444520,Matawan,NJ,40.41104,-74.23653,9739
3771220,Washington,NC,35.55798,-77.05424,9738
4243816,Lititz,PA,40.154,-76.30431,9733
0528780,Greenwood,AR,35.22686,-94.27639,9730
4875308,Vernon,TX,34.14766,-99.30043,9728
3602044,Amityville,NY,40.66984,-73.41579,9718
0654008,Orange Cove,CA,36.62114,-119.31875,9708
3975602,Sunbury,OH,40.24941,-82.8802,9705
4208416,Brentwood,PA,40.37338,-79.97578,9704
4061000,Pryor Creek,OK,36.29968,-95.31129,9700
3436480,Keansburg,NJ,40.45187,-74.15563,9689
0819850,Delta,CO,38.75737,-108.08799,9688
4875476,Vidor,TX,30.12814,-93.99173,9686
4880224,Woodway,TX,31.49833,-97.23079,9686
3447610,Montvale,NJ,41.05459,-74.0473,9663
1216125,Dade City,FL,28.35593,-82.19344,9662
3923730,East Liverpool,OH,40.633,-80.56739,9651
3224100,Fallon,NV,39.47366,-118.77786,9647
2407850,Bladensburg,MD,38.94237,-76.92591,9635
5572925,Shawano,WI,44.77789,-88.58602,9635
3456130,Park Ridge,NJ,41.03618,-74.04429,9634
0171832,Southside,AL,33.89084,-86.01802,9633
2306925,Brewer,ME,44.78446,-68.73456,9629
1767769,Sauk Village,IL,41.49009,-87.57062,9627
0514140,Clarksville,AR,35.45392,-93.48156,9606
4211152,Canonsburg,PA,40.26425,-80.18678,9601
1733630,Hawthorn Woods,IL,42.23579,-88.06753,9584
5580075,Tomah,WI,43.98801,-90.50138,9574
3700160,Aberdeen,NC,35.13459,-79.43545,9573
4278528,Uniontown,PA,39.8993,-79.72453,9554
3956322,North College Hill,OH,39.21715,-84.55199,9552
4275304,Sunbury,PA,40.86147,-76.78669,9549
4936400,Hooper,UT,41.16258,-112.34196,9548
3946312,Madeira,OH,39.18511,-84.37311,9542
4856384,Pearsall,TX,28.89292,-99.09717,9541
0125120,Fairfield,AL,33.4748,-86.91941,9524
1907390,Bondurant,IA,41.698,-93.45774,9511
1926445,Fairfield,IA,41.00638,-91.96663,9511
1764746,Rochelle,IL,41.91915,-89.06366,9510
2220610,DeRidder,LA,30.845,-93.2952,9508
1737907,Itasca,IL,41.97662,-88.01878,9506
4126050,Florence,OR,43.99163,-124.10646,9504
0611040,Capitola,CA,36.97608,-121.95401,9503
0641936,Live Oak,CA,39.2788,-121.66244,9503
3647988,Monroe,NY,41.3177,-74.18575,9502
1933105,Grinnell,IA,41.73524,-92.7249,9495
3771940,Wesley Chapel,NC,35.00584,-80.69344,9495
1254025,Palm Beach,FL,26.69484,-80.04186,9493
3440020,Leonia,NJ,40.86339,-73.98847,9492
2134966,Harrodsburg,KY,37.76807,-84.84878,9491
2702026,Arden Hills,MN,45.07116,-93.16547,9490
4850472,Navasota,TX,30.3864,-96.09073,9471
2268475,Scott,LA,30.23982,-92.09483,9468
1940845,Keokuk,IA,40.40955,-91.40251,9462
3930198,Girard,OH,41.16565,-80.69609,9454
3661148,Rensselaer,NY,42.64574,-73.73251,9453
2914986,Clinton,MO,38.37117,-93.76814,9449
4962360,Providence,UT,41.70355,-111.81329,9447
4221872,East Stroudsburg,PA,41.00488,-75.17146,9445
5551250,Merrill,WI,45.18064,-89.70034,9445
1801666,Angola,IN,41.64109,-85.01097,9432
4837156,Jacinto City,TX,29.76638,-95.24122,9431
1742184,LaSalle,IL,41.33518,-89.09725,9424
2977128,Warrenton,MO,38.81906,-91.13793,9420
4846584,Marble Falls,TX,30.56017,-98.27729,9413
0636672,Ione,CA,38.36286,-120.94769,9411
1733331,Harvard,IL,42.42964,-88.62107,9408
3957764,Oakwood,OH,39.72022,-84.17333,9400
3573260,Silver City,NM,32.77858,-108.26941,9399
5410180,Bridgeport,WV,39.30336,-80.2429,9397
4539895,Lancaster,SC,34.72613,-80.77896,9396
2819100,Diamondhead,MS,30.38207,-89.35022,9391
1376756,Toccoa,GA,34.58208,-83.32717,9389
1772520,Steger,IL,41.47231,-87.6177,9376
0161008,Pleasant Grove,AL,33.49397,-86.97815,9375
3475620,Ventnor City,NJ,39.34205,-74.48263,9372
1726571,Flossmoor,IL,41.53912,-87.68569,9371
4256456,Oil City,PA,41.42877,-79.70784,9368
2807780,Booneville,MS,34.66442,-88.56799,9367
4708920,Brownsville,TN,35.58904,-89.25786,9358
0474190,Tolleson,AZ,33.44837,-112.25601,9353
4540615,Laurens,SC,34.50269,-82.02141,9352
2601540,Alma,MI,43.38034,-84.65444,9349
4215848,Conshohocken,PA,40.07722,-75.3041,9342
1773391,Sugar Grove,IL,41.76862,-88.4489,9339
4259384,Perkasie,PA,40.37174,-75.29277,9338
2124778,Elsmere,KY,38.99367,-84.60188,9337
4073250,The Village,OK,35.57028,-97.5575,9337
0169648,Sheffield,AL,34.75702,-87.69709,9335
2054675,Parsons,KS,37.33401,-95.265,9328
2747690,Oak Grove,MN,45.34835,-93.32727,9327
3409250,Caldwell,NJ,40.83924,-74.27703,9326
0128552,Fultondale,AL,33.61736,-86.80144,9325
3748345,Oak Island,NC,33.91328,-78.11979,9322
2220435,Denham Springs,LA,30.47433,-90.95903,9321
3415820,Cresskill,NJ,40.94002,-73.95831,9311
4263048,Quakertown,PA,40.43968,-75.34577,9302
5501550,Altoona,WI,44.79996,-91.43958,9302
2614820,Charlotte,MI,42.5662,-84.83184,9301
3627419,Fredonia,NY,42.44066,-79.3319,9295
4249728,Millersville,PA,40.00532,-76.35176,9290
3654485,Ogdensburg,NY,44.70918,-75.46327,9282
2238355,Jennings,LA,30.22398,-92.65829,9280
0683612,Waterford,CA,37.64269,-120.75415,9271
1767860,Savoy,IL,40.05913,-88.2545,9260
3079825,Whitefish,MT,48.43799,-114.34803,9256
3400100,Absecon,NJ,39.42356,-74.49303,9249
3305140,Berlin,NH,44.48433,-71.27712,9248
0132416,Guntersville,AL,34.36795,-86.25232,9242
1746500,Manteno,IL,41.24785,-87.84431,9241
1745421,Lynwood,IL,41.52257,-87.55049,9239
3972102,Shelby,OH,40.88514,-82.65831,9238
0115136,Clanton,AL,32.84557,-86.61949,9228
5546850,McFarland,WI,43.01922,-89.28342,9224
0177280,Tuscumbia,AL,34.7185,-87.70259,9222
0833695,Gypsum,CO,39.62016,-106.95636,9218
3120260,Gretna,NE,41.12792,-96.19686,9207
2737556,Little Falls,MN,45.98556,-94.35968,9206
3035050,Havre,MT,48.54191,-109.67796,9204
4565095,Seneca,SC,34.68106,-82.9656,9202
1336276,Hampton,GA,33.3777,-84.29897,9201
1238600,Lake Park,FL,26.80006,-80.06746,9188
2704042,Baxter,MN,46.34394,-94.27602,9186
2665060,Plymouth,MI,42.37125,-83.46762,9185
3931304,Grandview Heights,OH,39.9793,-83.04011,9184
4964010,Riverdale,UT,41.17314,-112.00226,9184
1705599,Bethalto,IL,38.90166,-90.04484,9183
1781919,Willowbrook,IL,41.76732,-87.94215,9179
5319035,Duvall,WA,47.73551,-121.97222,9176
2919270,Des Peres,MO,38.59841,-90.44527,9171
3506970,Bernalillo,NM,35.31236,-106.5541,9159
5408524,Bluefield,WV,37.26282,-81.21134,9157
0817375,Cortez,CO,37.34978,-108.57669,9151
1243425,Mascotte,FL,28.60434,-81.90555,9150
2646040,Lapeer,MI,43.04513,-83.32675,9146
4838080,Joshua,TX,32.45909,-97.38382,9146
2953624,Oak Grove,MO,39.00703,-94.12844,9129
4281000,Warren,PA,41.84292,-79.14387,9125
1747423,Mascoutah,IL,38.51812,-89.80004,9118
0655520,Paradise,CA,39.75419,-121.6064,9114
4060350,Poteau,OK,35.06665,-94.61027,9111
2054450,Park City,KS,37.80839,-97.32529,9110
2635100,Greenville,MI,43.17963,-85.25398,9110
2003300,Augusta,KS,37.69802,-96.97316,9103
2913690,Chillicothe,MO,39.79608,-93.54996,9103
0850480,Milliken,CO,40.31051,-104.85841,9102
2671140,Saline,MI,42.17473,-83.77712,9101
2971746,Sunset Hills,MO,38.53125,-90.40928,9099
2961706,Richmond Heights,MO,38.63093,-90.3332,9096
0504600,Beebe,AR,35.07243,-91.90106,9092
4058700,Piedmont,OK,35.67484,-97.75351,9092
2743306,Minnetrista,MN,44.93862,-93.71239,9091
4982070,Washington Terrace,UT,41.16832,-111.97815,9091
4773900,Thompson's Station,TN,35.81261,-86.91008,9081
1729171,Gilberts,IL,42.10998,-88.37188,9075
2768296,Waseca,MN,44.08153,-93.50395,9067
3429070,Haledon,NJ,40.93699,-74.18887,9063
5519450,Delavan,WI,42.63045,-88.62978,9055
2224565,Eunice,LA,30.49043,-92.41906,9044
3972088,Sheffield Lake,OH,41.48835,-82.09786,9035
5173200,Smithfield,VA,36.97241,-76.61415,9032
2744476,Mound,MN,44.93196,-93.6583,9031
1331096,Fort Valley,GA,32.55111,-83.87994,9023
1314920,Centerville,GA,32.6365,-83.68572,9021
3043975,Livingston,MT,45.6655,-110.55588,9021
3413360,Clayton,NJ,39.66406,-75.0744,9016
2410900,Brunswick,MD,39.31799,-77.62528,9015
4737960,Jefferson City,TN,36.1208,-83.48332,9013
1233450,Indian Harbour Beach,FL,28.15747,-80.60015,9006
4200820,Aliquippa,PA,40.61583,-80.25516,9003
5352215,Othello,WA,46.8221,-119.16581,9001
1252125,Orange Park,FL,30.17085,-81.70467,8993
4222264,Economy,PA,40.64366,-80.1863,8990
2956288,Parkville,MO,39.21444,-94.70434,8980
4842568,Liberty,TX,30.03883,-94.7888,8974
5517175,Cottage Grove,WI,43.09222,-89.20534,8974
3749800,Oxford,NC,36.32172,-78.58653,8972
5567350,Rice Lake,WI,45.48199,-91.74576,8971
4834676,Hondo,TX,29.35424,-99.16185,8969
5165008,Purcellville,VA,39.1375,-77.71139,8965
1764421,Riverside,IL,41.83096,-87.81585,8964
1224975,Fruitland Park,FL,28.8496,-81.9369,8962
2136982,Hillview,KY,38.06198,-85.69652,8962
2954650,Olivette,MO,38.67237,-90.37858,8960
4572430,Travelers Rest,SC,34.95997,-82.44497,8960
4215232,Collingdale,PA,39.91506,-75.27763,8956
1064320,Seaford,DE,38.65725,-75.61338,8952
5570650,St. Francis,WI,42.97097,-87.8717,8951
3459070,Pitman,NJ,39.73309,-75.12967,8943
5367455,Stanwood,WA,48.24514,-122.34223,8943
2624740,Ecorse,MI,42.24959,-83.14044,8938
2939656,Ladue,MO,38.63643,-90.38511,8937
0678666,Tiburon,CA,37.88677,-122.46262,8933
3649891,Newark,NY,43.04201,-77.09402,8932
2204685,Bastrop,LA,32.77486,-91.90776,8922
0102116,Arab,AL,34.33239,-86.50117,8918
2717612,East Grand Forks,MN,47.92857,-97.01381,8915
5352005,Orting,WA,47.09694,-122.21169,8911
3503820,Anthony,NM,32.01315,-106.5984,8910
0817760,Craig,CO,40.51706,-107.5554,8903
2151924,Middlesborough,KY,36.61347,-83.72245,8899
4510855,Camden,SC,34.25893,-80.6092,8899
3406610,Boonton,NJ,40.90382,-74.40637,8894
3530490,Grants,NM,35.15419,-107.83227,8880
4960710,Plain City,UT,41.3067,-112.0943,8880
4067850,Skiatook,OK,36.34654,-95.94536,8879
4834088,Hillsboro,TX,32.00903,-97.11449,8878
4768540,Signal Mountain,TN,35.14389,-85.34147,8877
5414610,Charles Town,WV,39.26401,-77.88128,8869
1732525,Hampshire,IL,42.11561,-88.50517,8864
2958394,Pleasant Hill,MO,38.80597,-94.27228,8864
4830392,Graham,TX,33.10088,-98.57781,8859
3453040,North Haledon,NJ,40.96362,-74.18528,8854
5563700,Plymouth,WI,43.74527,-87.96532,8854
2607520,Benton Harbor,MI,42.1135,-86.44725,8848
4804600,Aubrey,TX,33.30855,-96.97909,8843
4845012,Lucas,TX,33.10103,-96.58118,8840
4871156,Sunnyvale,TX,32.79975,-96.55855,8839
5346020,Milton,WA,47.25199,-122.31729,8833
3327380,Franklin,NH,43.45392,-71.66989,8823
2323200,Ellsworth,ME,44.58293,-68.48009,8822
4528870,Georgetown,SC,33.37243,-79.28079,8821
2232930,Harahan,LA,29.93637,-90.20266,8819
2303355,Bath,ME,43.93253,-69.84719,8817
1329528,Fitzgerald,GA,31.71304,-83.25221,8813
4838068,Josephine,TX,33.06311,-96.31664,8807
4211232,Carbondale,PA,41.57137,-75.50478,8805
5164880,Pulaski,VA,37.05277,-80.76192,8805
1319112,Commerce,GA,34.2143,-83.47571,8803
1625570,Emmett,ID,43.86923,-116.49134,8803
3757260,Rockingham,NC,34.93856,-79.76032,8802
3402200,Audubon,NJ,39.89013,-75.07238,8801
0614190,Cloverdale,CA,38.7948,-123.0147,8784
3986730,Wyoming,OH,39.22969,-84.48156,8781
2764570,Thief River Falls,MN,48.11124,-96.17756,8779
5332300,Hoquiam,WA,46.9772,-123.90972,8771
2128558,Fort Mitchell,KY,39.04555,-84.55615,8766
4833824,Highland Park,TX,32.83106,-96.80124,8762
3714340,Conover,NC,35.71522,-81.21683,8760
4204792,Beaver Falls,PA,40.7594,-80.32255,8757
1733435,Harwood Heights,IL,41.96632,-87.80559,8755
4878136,Wharton,TX,29.3176,-96.10228,8755
1661300,Payette,ID,44.08009,-116.92685,8754
3718320,Dunn,NC,35.31164,-78.61296,8754
4803600,Aransas Pass,TX,27.91496,-97.1032,8742
4826160,Floresville,TX,29.14674,-98.16517,8738
1741586,Lake Villa,IL,42.41757,-88.08261,8737
0631414,Guadalupe,CA,34.96493,-120.57313,8735
1262885,St. Pete Beach,FL,27.7168,-82.73962,8730
3413810,Closter,NJ,40.97289,-73.96031,8730
0101708,Andalusia,AL,31.30944,-86.47803,8728
2360825,Presque Isle,ME,46.68895,-67.99191,8728
3953550,Napoleon,OH,41.39797,-84.12498,8724
1729652,Glencoe,IL,42.13449,-87.76318,8720
5322080,Ephrata,WA,47.31227,-119.53434,8718
2151024,Maysville,KY,38.65002,-83.79296,8711
4065000,Sallisaw,OK,35.46036,-94.80662,8708
2956272,Park Hills,MO,37.81698,-90.49989,8705
1714572,Clarendon Hills,IL,41.79845,-87.95724,8703
2834740,Indianola,MS,33.4489,-90.64375,8702
3475140,Upper Saddle River,NJ,41.06316,-74.09997,8696
5541450,Lake Geneva,WI,42.58335,-88.42845,8691
4810720,Brownfield,TX,33.17551,-102.27343,8682
3958422,Olmsted Falls,OH,41.36575,-81.90379,8676
1973290,Sioux Center,IA,43.07479,-96.17041,8675
4923200,Enoch,UT,37.76658,-113.04526,8664
4859336,Prairie View,TX,30.08285,-95.97713,8662
5371960,Toppenish,WA,46.38024,-120.31258,8658
5573025,Sheboygan Falls,WI,43.72928,-87.82623,8656
4256576,Old Forge,PA,41.37043,-75.7409,8654
0177304,Tuskegee,AL,32.41872,-85.68251,8653
5363280,Selah,WA,46.64586,-120.53826,8653
4228960,Gettysburg,PA,39.8306,-77.23415,8647
3650551,New Paltz,NY,41.74994,-74.07974,8646
4171650,Sutherlin,OR,43.38625,-123.32267,8643
3914128,Cheviot,OH,39.15766,-84.61393,8640
1750010,Monmouth,IL,40.91423,-90.64307,8639
1237525,Lake Alfred,FL,28.10678,-81.7235,8632
4967660,Santa Clara,UT,37.1314,-113.65665,8631
5553675,Monona,WI,43.05387,-89.33351,8616
4954660,Nibley,UT,41.67296,-111.84678,8615
1764928,Rock Falls,IL,41.77207,-89.69421,8614
3935252,Highland Heights,OH,41.55178,-81.46913,8612
2679120,Tecumseh,MI,42.00611,-83.94445,8606
0654274,Orland,CA,39.74608,-122.18555,8605
3479310,West Long Branch,NJ,40.2879,-74.02002,8604
3909792,Bryan,OH,41.47029,-84.54808,8601
0157144,Orange Beach,AL,30.29399,-87.59537,8599
0845530,Lochbuie,CO,40.00914,-104.72651,8599
0557170,Prairie Grove,AR,35.98611,-94.30338,8589
3957834,Oberlin,OH,41.28606,-82.21957,8587
3461980,Raritan,NJ,40.57134,-74.64603,8584
4075450,Tuttle,OK,35.31388,-97.75361,8584
0483930,Winslow,AZ,35.02424,-110.70933,8577
4717680,Covington,TN,35.56592,-89.6485,8575
5584275,Waukesha,WI,42.96042,-88.24931,8573
3706140,Black Mountain,NC,35.61496,-82.32786,8572
3659388,Port Jervis,NY,41.37802,-74.6908,8566
4237784,Jeannette,PA,40.32776,-79.61391,8566
2608300,Big Rapids,MI,43.69967,-85.48125,8565
4844116,Los Fresnos,TX,26.07406,-97.48802,8563
1812124,Charlestown,IN,38.42984,-85.67037,8559
1884878,Winfield,IN,41.41211,-87.26235,8557
2700730,Albertville,MN,45.23605,-93.66267,8555
2957116,Perryville,MO,37.72633,-89.87649,8554
3118580,Gering,NE,41.82697,-103.66252,8554
3625384,Farmingdale,NY,40.73281,-73.44676,8553
5349485,North Bend,WA,47.48797,-121.76879,8553
1321017,Cusseta-Chattahoochee County,GA,32.34745,-84.78802,8548
4861844,Richland Hills,TX,32.81024,-97.22652,8546
2014600,Coffeyville,KS,37.03272,-95.65158,8545
2639360,Houghton,MI,47.11175,-88.56724,8543
2012500,Chanute,KS,37.66966,-95.46416,8536
2614320,Center Line,MI,42.48056,-83.02742,8533
4244128,Lock Haven,PA,41.13712,-77.45324,8531
3517960,Corrales,NM,35.23958,-106.62706,8530
3436690,Kenilworth,NJ,40.67809,-74.28811,8527
3452950,Northfield,NJ,39.37307,-74.55413,8527
2123932,Edgewood,KY,39.00872,-84.55988,8526
2756950,St. Francis,MN,45.39403,-93.39412,8523
4170200,Stayton,OR,44.80551,-122.79981,8521
5555050,Mukwonago,WI,42.85299,-88.32063,8512
4807156,Bee Cave,TX,30.30768,-97.96259,8510
1954705,Mount Pleasant,IA,40.9622,-91.54716,8509
0104660,Bay Minette,AL,30.89444,-87.79131,8505
2767612,Waite Park,MN,45.52087,-94.24298,8504
1268275,Springfield,FL,30.17118,-85.6122,8495
1821070,Elwood,IN,40.27382,-85.83729,8495
4841800,Lavon,TX,33.02337,-96.43697,8491
1862046,Princeton,IN,38.35447,-87.57951,8481
0533190,Hope,AR,33.66816,-93.58889,8465
3644787,Malverne,NY,40.67454,-73.6721,8464
4219752,Downingtown,PA,40.00829,-75.70216,8463
0531190,Helena-West Helena,AR,34.53136,-90.6201,8462
4018850,Cushing,OK,35.97968,-96.76175,8444
4818524,Dalhart,TX,36.05742,-102.51221,8443
3958828,Orrville,OH,40.84827,-81.77689,8442
0643294,Los Altos Hills,CA,37.36681,-122.13865,8435
2911368,Carl Junction,MO,37.16416,-94.54265,8435
3451930,Newton,NJ,41.05149,-74.7536,8435
5540550,Kronenwetter,WI,44.81989,-89.58867,8435
0630392,Gonzales,CA,36.50598,-121.44292,8431
1755912,Olney,IL,38.72811,-88.08422,8431
2866440,Senatobia,MS,34.60865,-89.98099,8428
3465160,Runnemede,NJ,39.85341,-75.0755,8425
0624134,Firebaugh,CA,36.85375,-120.45375,8424
1730029,Glenwood,IL,41.54102,-87.61176,8413
3418490,Dunellen,NJ,40.59029,-74.46565,8411
3049525,Miles City,MT,46.40582,-105.83894,8407
3632710,Hastings-on-Hudson,NY,40.98804,-73.88124,8407
4209080,Brookhaven,PA,39.8711,-75.39125,8407
4243000,Lewistown,PA,40.59723,-77.57152,8394
1744524,Long Grove,IL,42.19502,-88.01103,8393
2638180,Highland Park,MI,42.40523,-83.09765,8390
4077850,Wagoner,OK,35.96569,-95.37771,8387
4219784,Doylestown,PA,40.3142,-75.1277,8382
2713168,Corcoran,MN,45.1069,-93.57798,8378
3969680,St. Marys,OH,40.54756,-84.39234,8376
5129600,Franklin,VA,36.68401,-76.9414,8373
1717523,Crete,IL,41.44052,-87.62447,8371
5085150,Winooski,VT,44.49559,-73.18486,8370
4251656,Mount Joy,PA,40.11061,-76.50572,8364
4015400,Clinton,OK,35.5071,-98.9705,8355
1747397,Maryville,IL,38.72875,-89.96628,8352
1738414,Jerseyville,IL,39.11724,-90.32672,8350
4134900,Hood River,OR,45.70911,-121.52602,8350
3573540,Socorro,NM,34.05454,-106.9062,8348
3454990,Oradell,NJ,40.95665,-74.03286,8344
4233088,Hatboro,PA,40.17744,-75.1055,8341
3924234,Eaton,OH,39.75011,-84.63447,8337
4963570,Richfield,UT,38.76129,-112.09297,8330
1248200,Newberry,FL,29.64582,-82.5946,8326
4261328,Pleasant Hills,PA,40.32983,-79.95964,8318
3713240,Clinton,NC,35.00043,-78.33154,8317
5100148,Abingdon,VA,36.70667,-81.97163,8316
2652180,Mason,MI,42.58069,-84.44228,8314
0103004,Atmore,AL,31.12407,-87.4578,8310
3469810,Spotswood,NJ,40.39361,-74.39274,8306
4748660,Milan,TN,35.91203,-88.75396,8306
5003175,Barre,VT,44.19909,-72.50798,8304
1919945,Denison,IA,42.01644,-95.35286,8302
0482740,Wickenburg,AZ,33.9948,-112.75891,8301
2951644,Nevada,MO,37.84491,-94.35032,8294
5357115,Quincy,WA,47.2349,-119.8525,8294
2476725,Taneytown,MD,39.65752,-77.16897,8293
4958070,Park City,UT,40.65733,-111.49376,8292
3758160,Roxboro,NC,36.39458,-78.97728,8289
2033875,Independence,KS,37.23295,-95.71363,8287
1249225,North Bay Village,FL,25.84913,-80.15103,8286
5567200,Rhinelander,WI,45.63613,-89.42552,8286
3701400,Angier,NC,35.51456,-78.74014,8284
4165500,Scappoose,OR,45.75808,-122.8731,8282
4275816,Swissvale,PA,40.42027,-79.88603,8280
4962030,Price,UT,39.604,-110.80035,8278
2454275,Mount Rainier,MD,38.94236,-76.96458,8269
2767288,Virginia,MN,47.52795,-92.5176,8267
4819528,Decatur,TX,33.2259,-97.58704,8266
3723760,Fletcher,NC,35.43286,-82.50743,8251
1304252,Austell,GA,33.81977,-84.64377,8244
4761040,Pulaski,TN,35.19299,-87.03473,8241
1807174,Brazil,IN,39.52245,-87.12448,8239
2745808,New Prague,MN,44.54574,-93.57556,8235
3619213,Croton-on-Hudson,NY,41.20965,-73.90115,8232
2281165,Westwego,LA,29.90536,-90.14355,8231
2653020,Menominee,MI,45.12209,-87.62357,8231
4211000,Camp Hill,PA,40.24219,-76.9274,8231
5562250,Pewaukee,WI,43.08687,-88.25639,8230
2748580,Orono,MN,44.96098,-93.58773,8228
3284800,Winnemucca,NV,40.96444,-117.72459,8225
2629200,Flushing,MI,43.06279,-83.84263,8224
4856912,Perryton,TX,36.39287,-100.79766,8219
4818092,Cuero,TX,29.10273,-97.28709,8215
4875236,Venus,TX,32.43237,-97.10182,8209
3426610,Glen Ridge,NJ,40.8048,-74.20457,8204
2739428,Mahtomedi,MN,45.05829,-92.97019,8199
5363385,Sequim,WA,48.07369,-123.08781,8199
3409040,Butler,NJ,40.99777,-74.347,8196
5574625,Somers,WI,42.64324,-87.89217,8194
3659355,Port Jefferson,NY,40.94218,-73.0528,8189
1754534,Oak Brook,IL,41.8364,-87.95317,8188
0546580,Monticello,AR,33.62478,-91.79372,8185
0878610,Trinidad,CO,37.17316,-104.49033,8183
3154045,York,NE,40.87038,-97.59274,8179
1241950,Macclenny,FL,30.28104,-82.12525,8178
2772022,Wyoming,MN,45.33991,-92.96839,8173
4285592,Wilson,PA,40.6844,-75.24172,8169
5537675,Jackson,WI,43.31988,-88.16412,8169
3905228,Bellevue,OH,41.27412,-82.83986,8166
3659564,Potsdam,NY,44.67083,-74.98346,8162
5188000,Wytheville,VA,36.95338,-81.08844,8160
3775280,Woodfin,NC,35.64608,-82.5944,8158
4971180,South Weber,UT,41.1342,-111.93876,8155
4826808,Fort Stockton,TX,30.89257,-102.88421,8147
3709360,Butner,NC,36.13433,-78.74068,8134
0616322,Corning,CA,39.9282,-122.18201,8131
4924850,Farr West,UT,41.30154,-112.03179,8121
1259325,Quincy,FL,30.56598,-84.58585,8119
3882660,Wahpeton,ND,46.27208,-96.6122,8115
2908236,Brentwood,MO,38.61942,-90.34753,8111
4841164,Lamesa,TX,32.73334,-101.95377,8108
4839448,Kirby,TX,29.46174,-98.38533,8104
1029090,Georgetown,DE,38.68945,-75.38723,8098
5502250,Antigo,WI,45.14127,-89.15523,8096
4211680,Castle Shannon,PA,40.36642,-80.01946,8094
3761860,Siler City,NC,35.72611,-79.45567,8087
1757628,Paris,IL,39.61508,-87.68909,8078
3635672,Hornell,NY,42.33304,-77.66321,8078
2945830,Maplewood,MO,38.61214,-90.32395,8077
3100905,Alliance,NE,42.10257,-102.87619,8071
1737894,Island Lake,IL,42.27877,-88.20049,8066
5181280,Vinton,VA,37.27424,-79.88819,8059
2904906,Berkeley,MO,38.74629,-90.3362,8058
0549580,Newport,AR,35.62377,-91.23168,8049
1962355,Perry,IA,41.83791,-94.09325,8046
0886090,Woodland Park,CO,38.99821,-105.05902,8043
1378044,Tyrone,GA,33.47606,-84.59452,8038
4741980,Lexington,TN,35.64213,-88.37531,8037
1735086,Hillside,IL,41.86752,-87.90184,8031
3638781,Johnstown,NY,43.00733,-74.37507,8027
3405590,Bernardsville,NJ,40.73038,-74.5926,8020
1321184,Dacula,GA,33.98197,-83.90108,8018
1743666,Lincolnshire,IL,42.19652,-87.91774,8008
0662644,Rolling Hills Estates,CA,33.77844,-118.32743,8007
1769979,Silvis,IL,41.49766,-90.41014,8003
3105350,Blair,NE,41.54156,-96.13529,7999
2004400,Basehor,KS,39.13533,-94.92905,7996
4205312,Bellevue,PA,40.49395,-80.05534,7996
4835612,Hutchins,TX,32.64339,-96.70983,7996
4573105,Union,SC,34.72347,-81.62485,7988
2639800,Hudsonville,MI,42.86337,-85.86221,7985
0657414,Pismo Beach,CA,35.15317,-120.67387,7984
1770590,South Beloit,IL,42.48484,-89.02743,7983
2638460,Hillsdale,MI,41.92746,-84.63748,7983
4879972,Wolfforth,TX,33.50902,-102.00508,7982
1243175,Marianna,FL,30.76144,-85.25626,7975
1201750,Arcadia,FL,27.22121,-81.85843,7974
2157090,Oak Grove,KY,36.67377,-87.42251,7973
3707720,Brevard,NC,35.24779,-82.72855,7973
3422860,Fanwood,NJ,40.6417,-74.38569,7968
2679760,Three Rivers,MI,41.94539,-85.62955,7958
5663900,Rawlins,WY,41.78513,-107.22465,7952
0569740,Tontitown,AR,36.16739,-94.24213,7941
1757654,Park City,IL,42.35367,-87.89238,7940
5503225,Ashland,WI,46.58176,-90.8719,7940
1733136,Harrisburg,IL,37.73772,-88.54582,7937
4841188,Lampasas,TX,31.06404,-98.18278,7936
2946388,Marshfield,MO,37.3422,-92.91104,7935
2610620,Brighton,MI,42.5297,-83.78454,7933
2670960,St. Joseph,MI,42.09969,-86.48877,7930
2633280,Grand Blanc,MI,42.93254,-83.62049,7924
4219576,Dormont,PA,40.39405,-80.03771,7922
4840516,Lake Dallas,TX,33.12778,-97.02279,7915
5046000,Montpelier,VT,44.26645,-72.57152,7915
5103368,Ashland,VA,37.76042,-77.47241,7910
1780125,West Dundee,IL,42.11058,-88.34368,7906
4241680,Latrobe,PA,40.31243,-79.3826,7906
0577090,Wynne,AR,35.23522,-90.78851,7905
0634904,Hughson,CA,37.60213,-120.866,7903
3748480,Oak Ridge,NC,36.17407,-79.99223,7900
4175650,Umatilla,OR,45.91761,-119.33198,7899
2117362,Corbin,KY,36.93158,-84.10079,7891
2919396,Dexter,MO,36.79282,-89.96297,7890
1233950,Inverness,FL,28.84221,-82.34229,7887
2178384,Union,KY,38.94691,-84.67369,7874
1708446,Broadview,IL,41.85837,-87.85619,7867
1047940,Millsboro,DE,38.58872,-75.30956,7864
2907318,Boonville,MO,38.96144,-92.7462,7863
1765156,Rockton,IL,42.44706,-89.06309,7861
3939886,Kenton,OH,40.64454,-83.60995,7857
4211336,Carnegie,PA,40.40799,-80.08604,7855
4515295,Clinton,SC,34.47389,-81.8609,7852
4736460,Humboldt,TN,35.8274,-88.90448,7852
2955910,Pacific,MO,38.4814,-90.75069,7842
2633420,Grand Ledge,MI,42.75293,-84.7449,7838
1766066,Round Lake Park,IL,42.34067,-88.08118,7836
2007975,Bonner Springs,KS,39.07537,-94.87174,7832
1321240,Dahlonega,GA,34.52991,-83.97958,7830
1268135,Southwest Ranches,FL,26.04969,-80.37383,7827
0686034,Winters,CA,38.53327,-121.97547,7825
3630213,Great Neck Plaza,NY,40.78691,-73.72616,7824
5105544,Bedford,VA,37.33627,-79.51772,7823
5554725,Mount Horeb,WI,43.006,-89.73154,7803
5145512,Lexington,VA,37.78233,-79.44432,7802
4719700,Dayton,TN,35.49541,-85.00865,7796
3406340,Bloomingdale,NJ,41.03547,-74.33561,7795
5173712,South Boston,VA,36.71182,-78.91335,7795
4837612,Jersey Village,TX,29.89293,-95.57722,7791
0143120,Lincoln,AL,33.58017,-86.12788,7790
0160648,Pinson,AL,33.70926,-86.66361,7781
4052150,Noble,OK,35.13492,-97.37109,7779
0686300,Woodlake,CA,36.41283,-119.10072,7774
3926166,Fairlawn,OH,41.13101,-81.62231,7773
5532075,Hales Corners,WI,42.94123,-88.0495,7766
5537900,Jefferson,WI,43.00395,-88.80847,7766
3735760,King,NC,36.27468,-80.35686,7764
4145250,Madras,OR,44.6639,-121.16044,7764
1983145,Webster City,IA,42.46242,-93.8182,7763
2179698,Villa Hills,KY,39.06549,-84.59803,7763
0150312,Montevallo,AL,33.12605,-86.8477,7761
3144420,Seward,NE,40.90921,-97.0961,7752
4834220,Hitchcock,TX,29.28262,-95.00763,7752
3911066,Campbell,OH,41.07801,-80.58997,7751
4231656,Grove City,PA,41.15712,-80.0886,7749
4261048,Pittston,PA,41.32792,-75.78568,7743
3735720,Kill Devil Hills,NC,36.01711,-75.67136,7742
1205300,Belle Isle,FL,28.46494,-81.35125,7741
2261615,Ponchatoula,LA,30.4406,-90.44279,7735
4257720,Palmyra,PA,40.31003,-76.59478,7735
5460028,Oak Hill,WV,37.97198,-81.15789,7732
5350570,Ocean Shores,WA,46.96536,-124.14721,7731
2851000,New Albany,MS,34.49229,-89.02172,7729
2670940,St. Johns,MI,43.00051,-84.55552,7723
3628618,Geneseo,NY,42.79902,-77.80955,7722
5311475,Chehalis,WA,46.66418,-122.96542,7717
5568175,Ripon,WI,43.84356,-88.83794,7716
0556540,Pocahontas,AR,36.26337,-90.97122,7703
5456020,Moundsville,WV,39.92213,-80.74211,7703
1746786,Marengo,IL,42.24655,-88.5975,7699
4663100,Tea,SD,43.45563,-96.824,7699
3407810,Brigantine,NJ,39.41386,-74.3779,7697
3617332,Colonie,NY,42.72087,-73.83174,7691
0686944,Yreka,CA,41.72403,-122.63157,7686
0181720,Wetumpka,AL,32.54038,-86.207,7667
1761899,Princeton,IL,41.38056,-89.4641,7667
1276417,Westlake,FL,26.75468,-80.30148,7664
3604198,Baldwinsville,NY,43.15971,-76.33846,7662
1310132,Bremen,GA,33.71077,-85.1519,7647
0843110,Lamar,CO,38.07597,-102.61472,7641
3565210,Ruidoso,NM,33.34955,-105.66881,7640
0567490,Stuttgart,AR,34.49523,-91.54864,7638
3911360,Canfield,OH,41.02958,-80.76998,7628
4253464,New Cumberland,PA,40.22877,-76.87829,7625
3405440,Berlin,NJ,39.79206,-74.93699,7614
0165208,Robertsdale,AL,30.55714,-87.70472,7613
2862400,Richland,MS,32.23041,-90.15962,7607
1914025,Clear Lake,IA,43.13509,-93.37365,7602
4505680,Bennettsville,SC,34.62822,-79.68596,7595
0684438,Westlake Village,CA,34.13667,-118.81737,7593
2154084,Mount Sterling,KY,38.06547,-83.94882,7588
3428800,Haddon Heights,NJ,39.87913,-75.06592,7588
3455800,Palmyra,NJ,40.00261,-75.03527,7587
2209340,Breaux Bridge,LA,30.2831,-91.90592,7582
3111370,Crete,NE,40.62477,-96.95369,7580
3657001,Pelham,NY,40.91108,-73.8077,7579
5127440,Farmville,VA,37.29612,-78.40045,7578
2649640,Ludington,MI,43.9572,-86.44294,7577
2147476,London,KY,37.10995,-84.08168,7573
2902548,Aurora,MO,36.96744,-93.7186,7573
3936582,Hubbard,OH,41.15812,-80.56465,7565
4766720,Savannah,TN,35.22093,-88.23506,7565
0653476,Ojai,CA,34.4492,-119.24666,7563
2024000,Fort Scott,KS,37.828,-94.70414,7563
2076475,Wellington,KS,37.27811,-97.40667,7561
3637275,Ilion,NY,43.01126,-75.03965,7559
4515355,Clover,SC,35.11162,-81.22025,7558
2760016,Shorewood,MN,44.90244,-93.59533,7557
4801600,Alamo Heights,TX,29.4828,-98.46819,7557
1374964,Swainsboro,GA,32.58559,-82.33478,7556
3506480,Belen,NM,34.76657,-106.80851,7556
4866464,Sealy,TX,29.7641,-96.16217,7553
4763340,Ripley,TN,35.74608,-89.53411,7546
2200415,Addis,LA,30.36953,-91.26365,7538
4208040,Bradford,PA,41.96096,-78.64088,7538
3741420,Marion,NC,35.67757,-82.00129,7534
3905102,Bellbrook,OH,39.6384,-84.08541,7532
5539650,Kimberly,WI,44.26676,-88.338,7529
3133705,Nebraska City,NE,40.67591,-95.86163,7526
2640960,Iron Mountain,MI,45.82689,-88.05943,7524
5556925,New London,WI,44.39591,-88.73861,7524
3937240,Independence,OH,41.38001,-81.63329,7518
1875248,Tell City,IN,37.95302,-86.75926,7515
2637120,Hastings,MI,42.65013,-85.28837,7513
2715454,Delano,MN,45.0384,-93.79298,7513
2355225,Old Town,ME,44.95417,-68.73969,7511
4202832,Archbald,PA,41.50644,-75.55046,7508
4837420,Jasper,TX,30.92268,-93.99325,7505
4862384,River Oaks,TX,32.7766,-97.3984,7505
5582575,Vernon,WI,42.87903,-88.26662,7505
3682117,Williston Park,NY,40.75876,-73.64659,7503
4012900,Catoosa,OK,36.18026,-95.77031,7497
1213000,Clewiston,FL,26.75281,-80.93919,7496
2600980,Albion,MI,42.24786,-84.75919,7494
2731328,Isanti,MN,45.49155,-93.24282,7493
3608466,Brockport,NY,43.2133,-77.94082,7489
0623168,Fairfax,CA,37.98853,-122.59521,7476
0625436,Fowler,CA,36.62412,-119.6747,7470
2671000,St. Louis,MI,43.40853,-84.61123,7465
1241150,Longboat Key,FL,27.40046,-82.64418,7463
3981928,Wauseon,OH,41.55344,-84.14014,7455
1919405,Decorah,IA,43.30162,-91.78475,7454
0622790,Escalon,CA,37.79134,-120.99964,7453
5644760,Lander,WY,42.83128,-108.75989,7451
2704834,Belle Plaine,MN,44.61978,-93.76459,7444
3480390,Wharton,NJ,40.89706,-74.57451,7444
1942015,Knoxville,IA,41.31848,-93.10262,7440
3608103,Briarcliff Manor,NY,41.14033,-73.8475,7440
2167512,Russellville,KY,36.83952,-86.89558,7431
1737608,Inverness,IL,42.11514,-88.10089,7428
3743260,Mills River,NC,35.38135,-82.5889,7426
0570010,Trumann,AR,35.67694,-90.52603,7425
1917265,Creston,IA,41.06031,-94.36473,7421
2073250,Valley Center,KS,37.83362,-97.36495,7416
4223304,Ellwood City,PA,40.86198,-80.28291,7416
1868526,Scottsburg,IN,38.68447,-85.78222,7413
2683060,Walled Lake,MI,42.5372,-83.47371,7413
3421450,Emerson,NJ,40.97499,-74.02325,7413
0616560,Cotati,CA,38.32849,-122.71005,7403
3724080,Forest City,NC,35.33471,-81.87075,7397
4851708,Nolanville,TX,31.07254,-97.60513,7395
4964670,Roosevelt,UT,40.28773,-109.98798,7390
0670770,Sebastopol,CA,38.4,-122.82759,7388
4866764,Seminole,TX,32.7222,-102.64981,7386
3477270,Washington,NJ,40.75852,-74.98319,7375
3654100,Nyack,NY,41.09295,-73.91524,7369
2160852,Pikeville,KY,37.47689,-82.5288,7366
3507880,Bloomfield,NM,36.74331,-107.97394,7363
1778227,Volo,IL,42.33032,-88.15874,7361
4532560,Hartsville,SC,34.366,-80.08326,7360
3635980,Hudson Falls,NY,43.30474,-73.58159,7359
1777317,Vandalia,IL,38.97456,-89.1107,7358
2803620,Batesville,MS,34.32098,-89.92488,7356
0631260,Gridley,CA,39.36223,-121.69708,7355
1803664,Batesville,IN,39.2977,-85.21345,7353
2910828,Cameron,MO,39.7445,-94.23232,7352
4284704,White Oak,PA,40.33879,-79.79607,7352
3658728,Pleasantville,NY,41.13401,-73.78415,7351
0822200,Eagle,CO,39.64322,-106.82134,7349
5541525,Lake Hallie,WI,44.89169,-91.42033,7349
1935940,Hiawatha,IA,42.05605,-91.68994,7347
4848936,Monahans,TX,31.65572,-103.08369,7334
2310565,Caribou,ME,46.83655,-67.93606,7328
4031600,Grove,OK,36.58503,-94.78725,7327
4954220,Nephi,UT,39.7047,-111.83335,7326
3613233,Cedarhurst,NY,40.6252,-73.72783,7324
3665893,Scotia,NY,42.83201,-73.9604,7321
3653396,Northport,NY,40.90405,-73.34497,7317
3758630,St. James,NC,33.94436,-78.10031,7315
3819420,Devils Lake,ND,48.11258,-98.87476,7314
0531090,Heber Springs,AR,35.49955,-92.02934,7313
4802260,Alvarado,TX,32.40611,-97.21601,7312
4264832,Ridley Park,PA,39.87799,-75.32547,7310
4714980,Church Hill,TN,36.51963,-82.7141,7310
1256150,Perry,FL,30.10905,-83.58227,7306
3957862,Obetz,OH,39.86444,-82.94462,7306
4220136,DuBois,PA,41.12227,-78.75615,7302
1767548,Sandwich,IL,41.65007,-88.61902,7299
2466635,Riverdale Park,MD,38.96671,-76.92715,7296
3622260,East Hills,NY,40.79584,-73.62918,7295
5176000,Strasburg,VA,39.00339,-78.34954,7290
1982335,Washington,IA,41.29791,-91.69367,7281
5519400,Delafield,WI,43.06742,-88.38883,7275
5567320,Rib Mountain,WI,44.91757,-89.69228,7275
4271856,Souderton,PA,40.311,-75.32235,7274
2713870,Crookston,MN,47.77474,-96.60643,7269
4229720,Glenolden,PA,39.89963,-75.29195,7266
4066350,Seminole,OK,35.23477,-96.64933,7264
4840168,Lacy-Lakeview,TX,31.63121,-97.10508,7262
3769260,Unionville,NC,35.07849,-80.51713,7258
4138000,Junction City,OR,44.21191,-123.20015,7256
3634121,Herkimer,NY,43.02808,-74.99331,7254
3042700,Laurel,MT,45.67401,-108.77679,7251
2127802,Flatwoods,KY,38.52315,-82.7193,7250
1276525,West Miami,FL,25.75781,-80.29688,7247
4830116,Gonzales,TX,29.51255,-97.4472,7238
1224825,Freeport,FL,30.50081,-86.13436,7234
0451810,Page,AZ,36.94181,-111.51328,7230
3448510,Mountainside,NJ,40.68072,-74.36029,7228
3648175,Monticello,NY,41.65253,-74.68776,7228
3760320,Selma,NC,35.53973,-78.29174,7228
4842820,Lindale,TX,32.49413,-95.40734,7227
4879408,Willis,TX,30.43417,-95.48421,7222
4874924,Van Alstyne,TX,33.42174,-96.58324,7220
3129925,McCook,NE,40.20455,-100.62157,7212
1816336,Cumberland,IN,39.78677,-85.9446,7211
2741480,Medina,MN,45.03452,-93.5756,7209
2732498,Kasson,MN,44.03246,-92.74835,7207
1240875,Live Oak,FL,30.29565,-82.98512,7200
4811224,Bulverde,TX,29.77448,-98.43496,7198
4740180,La Follette,TN,36.37172,-84.12565,7194
3465130,Rumson,NJ,40.36207,-74.00451,7191
3768400,Trinity,NC,35.87679,-80.01045,7190
0546970,Morrilton,AR,35.15546,-92.73893,7185
3471220,Stratford,NJ,39.82899,-75.01554,7185
3436810,Keyport,NJ,40.43263,-74.20034,7182
0428030,Globe,AZ,33.39364,-110.74111,7176
3446620,Milltown,NJ,40.45022,-74.43479,7170
1754144,North Riverside,IL,41.84614,-87.82628,7161
3944632,Logan,OH,39.53837,-82.40641,7142
4725920,Fayetteville,TN,35.15018,-86.5623,7142
3403250,Barrington,NJ,39.86894,-75.05136,7140
5312630,Clarkston,WA,46.4154,-117.05013,7138
1780333,West Frankfort,IL,37.8995,-88.93081,7131
1731589,Greenville,IL,38.8866,-89.38943,7126
0645358,Mammoth Lakes,CA,37.62443,-118.98843,7124
0625058,Fort Bragg,CA,39.4398,-123.80176,7117
2175738,Taylor Mill,KY,39.00883,-84.49948,7116
5422564,Dunbar,WV,38.36953,-81.73611,7111
4165950,Seaside,OR,45.98902,-123.92096,7110
3949098,Mentor-on-the-Lake,OH,41.71513,-81.36347,7106
3446110,Midland Park,NJ,40.99581,-74.14126,7104
5352495,Pacific,WA,47.26197,-122.25243,7085
2761996,Spring Lake Park,MN,45.11593,-93.24516,7083
1955695,Nevada,IA,42.01749,-93.46967,7082
1912765,Charles City,IA,43.06476,-92.67446,7081
1628990,Fruitland,ID,44.01912,-116.92103,7078
3978470,Union,OH,39.9066,-84.29333,7076
0670364,Sausalito,CA,37.85837,-122.49184,7075
3921602,Delphos,OH,40.84658,-84.33647,7074
3440530,Linwood,NJ,39.34372,-74.57105,7072
3918812,Cortland,OH,41.3321,-80.71949,7069
0485400,Youngtown,AZ,33.58497,-112.30492,7062
2363590,Rockland,ME,44.12388,-69.13045,7060
2044200,Maize,KS,37.77486,-97.45913,7059
1764707,Robinson,IL,39.00857,-87.73344,7053
1216800,DeFuniak Springs,FL,30.71252,-86.11969,7048
1751453,Murphysboro,IL,37.76718,-89.33241,7044
1776935,University Park,IL,41.44689,-87.71297,7043
2878200,Waveland,MS,30.29541,-89.3937,7043
0157000,Oneonta,AL,33.94704,-86.48979,7039
4730960,Greenbrier,TN,36.42156,-86.79015,7039
4840204,La Feria,TX,26.15375,-97.825,7036
1248100,Neptune Beach,FL,30.31257,-81.39312,7032
5061675,St. Albans,VT,44.81154,-73.08446,7031
1344312,LaFayette,GA,34.70885,-85.28149,7028
0573130,Ward,AR,35.01378,-91.95773,7022
0603092,Atherton,CA,37.45707,-122.20106,7022
4845324,Mabank,TX,32.37186,-96.1095,7021
1767236,Salem,IL,38.62754,-88.95945,7016
2049100,Mulvane,KS,37.47645,-97.23537,7016
4662100,Sturgis,SD,44.412,-103.50061,7014
1234132,"Islamorada, Village of Islands",FL,24.98435,-80.5433,7013
4148600,Milton-Freewater,OR,45.93399,-118.39097,7011
5368260,Sultan,WA,47.87113,-121.80411,7002
4831592,Gun Barrel City,TX,32.32825,-96.13176,6999
3645106,Manorhaven,NY,40.83885,-73.71082,6997
2303950,Belfast,ME,44.42587,-69.02642,6993
2757130,St. Joseph,MN,45.56507,-94.30207,6992
0677574,Taft,CA,35.1267,-119.42419,6988
5323970,Fircrest,WA,47.23072,-122.5157,6988
0842110,La Junta,CO,37.97941,-103.54734,6986
3741720,Marvin,NC,34.99962,-80.81667,6985
3675583,Tuckahoe,NY,40.95315,-73.82294,6984
0131912,Greenville,AL,31.84307,-86.63695,6983
2263645,Rayne,LA,30.24051,-92.26734,6983
4036750,Idabel,OK,33.90741,-94.82217,6983
2430900,Frostburg,MD,39.65052,-78.92679,6972
1924600,Eldridge,IA,41.63903,-90.58092,6967
3612331,Canton,NY,44.59999,-75.16658,6957
1228000,Gulf Breeze,FL,30.36826,-87.17345,6955
4753000,Newport,TN,35.96162,-83.19762,6954
4933540,Harrisville,UT,41.28532,-111.98597,6947
2221240,Donaldsonville,LA,30.09507,-90.99254,6945
0132848,Hamilton,AL,34.13871,-87.97083,6944
4276032,Tamaqua,PA,40.80405,-75.92662,6944
4743780,Loudon,TN,35.73724,-84.3621,6942
0643140,Loomis,CA,38.80937,-121.19547,6939
4543315,Lyman,SC,34.97387,-82.13021,6939
2856960,Philadelphia,MS,32.77511,-89.12204,6938
4061150,Purcell,OK,35.02366,-97.37368,6938
2179734,Vine Grove,KY,37.81186,-85.98442,6933
4838548,Keene,TX,32.39613,-97.32349,6930
3400700,Allendale,NJ,41.03267,-74.13383,6928
2971440,Sullivan,MO,38.21289,-91.16362,6925
3973446,South Lebanon,OH,39.36335,-84.2201,6923
1748333,Mendota,IL,41.55665,-89.10051,6922
2762806,Stewartville,MN,43.86066,-92.48979,6919
3952752,Mount Healthy,OH,39.23377,-84.54674,6916
4847916,Mexia,TX,31.68069,-96.4832,6916
3940642,Kirtland,OH,41.59642,-81.33938,6914
3677849,Walden,NY,41.55995,-74.18824,6909
1772676,Stickney,IL,41.81703,-87.7737,6902
1852020,Nappanee,IN,41.44607,-85.99677,6902
4833476,Hickory Creek,TX,33.11085,-97.03473,6901
4202264,Ambler,PA,40.15639,-75.22153,6900
4751540,Munford,TN,35.44287,-89.81592,6896
2144686,Leitchfield,KY,37.48624,-86.28469,6895
3139345,Plattsmouth,NE,41.00534,-95.89286,6887
4202288,Ambridge,PA,40.59165,-80.22691,6886
2458225,Ocean City,MD,38.39312,-75.07121,6884
1715001,Clinton,IL,40.14695,-88.96318,6881
3961686,Pepper Pike,OH,41.47939,-81.46021,6881
4214264,Clifton Heights,PA,39.93015,-75.29583,6880
2668760,River Rouge,MI,42.27435,-83.12416,6877
0168352,Satsuma,AL,30.85787,-88.06338,6874
4811464,Burnet,TX,30.7506,-98.23823,6869
3710500,Carolina Beach,NC,34.04187,-77.89979,6864
0441330,Litchfield Park,AZ,33.50176,-112.35947,6863
2267250,St. Gabriel,LA,30.2552,-91.10036,6857
4236368,Huntingdon,PA,40.49815,-78.00734,6857
5577925,Sturtevant,WI,42.6989,-87.90155,6855
4032750,Harrah,OK,35.47205,-97.18269,6853
4879492,Willow Park,TX,32.75394,-97.65017,6851
2732174,Jordan,MN,44.66463,-93.64022,6831
1820800,Ellettsville,IN,39.23221,-86.62414,6829
4226408,Folcroft,PA,39.88825,-75.27577,6827
1722931,Elburn,IL,41.88601,-88.46093,6826
4853130,Oak Point,TX,33.17047,-96.98754,6826
5109656,Bridgewater,VA,38.38849,-78.96445,6826
0833640,Gunnison,CO,38.54798,-106.9246,6821
5439532,Hurricane,WV,38.42747,-82.01808,6813
1233700,Indiantown,FL,27.04005,-80.48824,6810
2710144,Carver,MN,44.76147,-93.63254,6810
2709154,Byron,MN,44.03812,-92.64101,6809
1262525,St. Augustine Beach,FL,29.84156,-81.27097,6808
3641553,Lawrence,NY,40.60292,-73.71443,6807
1230525,High Springs,FL,29.79963,-82.58932,6806
2651940,Marshall,MI,42.26263,-84.95874,6802
4839928,Krum,TX,33.26503,-97.22494,6799
1376280,Thomson,GA,33.46927,-82.49512,6792
2153418,Morehead,KY,38.19003,-83.44907,6789
4269600,Shamokin,PA,40.78811,-76.55499,6787
5306330,Black Diamond,WA,47.31475,-122.01769,6787
1710513,Calumet Park,IL,41.66573,-87.65765,6777
2838320,Kosciusko,MS,33.05817,-89.58936,6774
4879576,Wilmer,TX,32.59902,-96.68158,6774
3917036,Columbiana,OH,40.88554,-80.66782,6773
4744382,"Lynchburg, Moore County",TN,35.28889,-86.35868,6773
2772238,Zimmerman,MN,45.44056,-93.59609,6772
1750868,Mount Carmel,IL,38.41905,-87.76979,6771
4857476,Pilot Point,TX,33.39826,-96.95553,6771
3452620,North Caldwell,NJ,40.8645,-74.26,6769
1900505,Adel,IA,41.60939,-94.01266,6763
4810264,Bridgeport,TX,33.21045,-97.77247,6763
3653660,North Syracuse,NY,43.13387,-76.13039,6761
1357260,Oakwood,GA,34.22213,-83.88486,6759
1713139,Chester,IL,37.92576,-89.8277,6759
0812045,Carbondale,CO,39.39556,-107.21502,6758
0819080,Dacono,CO,40.06352,-104.9468,6748
2975472,Valley Park,MO,38.55,-90.49592,6747
4738540,Jonesborough,TN,36.29597,-82.47631,6746
3605034,Bayville,NY,40.90726,-73.56117,6739
5130208,Galax,VA,36.66564,-80.91431,6739
3706760,Boiling Spring Lakes,NC,34.04391,-78.07489,6738
0636084,Huron,CA,36.20423,-120.09531,6737
0467800,Snowflake,AZ,34.52146,-110.09118,6736
0849600,Mead,CO,40.227,-104.98832,6735
4507255,Blythewood,SC,34.20925,-80.99529,6733
0120296,Demopolis,AL,32.49974,-87.82668,6724
1340056,Hoschton,GA,34.08593,-83.7622,6723
1903520,Atlantic,IA,41.39299,-95.02188,6717
4239352,Kennett Square,PA,39.84384,-75.7113,6713
1336472,Hapeville,GA,33.66087,-84.40943,6712
2657380,New Haven,MI,42.72976,-82.79704,6711
4867832,Silsbee,TX,30.34549,-94.17679,6711
3144035,Schuyler,NE,41.45013,-97.06159,6708
0157120,Opp,AL,31.28438,-86.25744,6706
0141296,Lanett,AL,32.85865,-85.20779,6704
4250344,Monessen,PA,40.15197,-79.88301,6704
5424580,Elkins,WV,38.92381,-79.85404,6698
1978060,Tiffin,IA,41.70503,-91.6544,6695
2060825,Roeland Park,KS,39.03585,-94.63741,6689
1806616,Boonville,IN,38.04661,-87.29103,6687
4215776,Connellsville,PA,40.0159,-79.58963,6682
1756627,Orland Hills,IL,41.59065,-87.84214,6676
4772540,Sweetwater,TN,35.60262,-84.47338,6676
1826386,Garrett,IN,41.35261,-85.12375,6663
5349415,Normandy Park,WA,47.43297,-122.34469,6661
4206928,Blakely,PA,41.48593,-75.60125,6659
4833200,Hempstead,TX,30.1006,-96.07773,6658
4801744,Aledo,TX,32.69739,-97.60687,6655
0146696,Margaret,AL,33.67286,-86.46394,6654
4813108,Carthage,TX,32.15205,-94.33711,6653
3464050,Rockaway,NJ,40.89585,-74.51732,6651
5367770,Steilacoom,WA,47.16927,-122.59234,6649
3958520,Ontario,OH,40.7682,-82.61477,6648
1326084,Eatonton,GA,33.32582,-83.38886,6641
3641333,Larchmont,NY,40.92596,-73.75196,6640
2979882,Willard,MO,37.29298,-93.41705,6632
3937016,Huron,OH,41.39763,-82.56257,6630
4256088,Oakmont,PA,40.51976,-79.83667,6628
3979044,Upper Sandusky,OH,40.83067,-83.27071,6627
4211720,Catasauqua,PA,40.65383,-75.46104,6625
5541675,Lake Mills,WI,43.07764,-88.90641,6617
3653979,Norwich,NY,42.53332,-75.52276,6608
3477600,Watchung,NJ,40.64285,-74.43623,6606
3952010,Moraine,OH,39.69752,-84.24272,6603
5307940,Brier,WA,47.79239,-122.27343,6603
3935560,Hillsboro,OH,39.21229,-83.61118,6599
4275648,Swarthmore,PA,39.90232,-75.34874,6596
5527075,Fox Point,WI,43.15813,-87.90139,6591
3448210,Morris Plains,NJ,40.83881,-74.4742,6590
0614946,Colusa,CA,39.20002,-122.00948,6589
3905424,Belpre,OH,39.28049,-81.59234,6588
1743965,Litchfield,IL,39.17596,-89.66548,6587
2057625,Pratt,KS,37.69858,-98.76594,6587
4836104,Iowa Park,TX,33.96277,-98.68087,6583
5373290,Union Gap,WA,46.55443,-120.49207,6582
5111032,Buena Vista,VA,37.72935,-79.35813,6581
3881180,Valley City,ND,46.92257,-98.00414,6580
2017850,De Soto,KS,38.97231,-94.95114,6579
1705300,Benton,IL,38.01319,-88.91728,6578
2906004,Black Jack,MO,38.79898,-90.26344,6575
4856696,Penitas,TX,26.25831,-98.43864,6568
1782686,Winthrop Harbor,IL,42.48061,-87.82956,6565
1855116,North Vernon,IN,39.01485,-85.63005,6565
2021675,Eudora,KS,38.93466,-95.09412,6564
2144344,Lebanon,KY,37.57016,-85.26013,6558
2119432,Cynthiana,KY,38.38295,-84.30176,6557
0803620,Aspen,CO,39.19515,-106.83681,6556
2653960,Milford,MI,42.58854,-83.60165,6554
1373816,Stone Mountain,GA,33.80419,-84.17142,6552
4263840,Red Lion,PA,39.89861,-76.60775,6552
5662450,Powell,WY,44.76178,-108.75758,6551
1959475,Orange City,IA,43.0018,-96.05525,6547
3678355,Warwick,NY,41.25524,-74.35472,6546
1255750,Pembroke Park,FL,25.98894,-80.18026,6544
5356450,Prosser,WA,46.20904,-119.76773,6540
2481275,Walkersville,MD,39.47432,-77.36335,6535
2815340,Columbia,MS,31.25691,-89.82544,6534
1272325,Treasure Island,FL,27.76483,-82.76912,6524
0609878,Calipatria,CA,33.16865,-115.48564,6522
4733260,Henderson,TN,35.44307,-88.65656,6519
2737448,Litchfield,MN,45.12197,-94.5259,6515
1835284,Huntingburg,IN,38.30092,-86.96191,6512
4846056,Magnolia,TX,30.21303,-95.7426,6506
2415925,Chesapeake Beach,MD,38.68946,-76.5544,6504
1728846,Geneseo,IL,41.45125,-90.15484,6503
2919252,De Soto,MO,38.14107,-90.56083,6503
3637803,Irvington,NY,41.03426,-73.86703,6502
2000125,Abilene,KS,38.9245,-97.228,6501
2116372,Cold Spring,KY,39.01563,-84.43445,6499
0552580,Osceola,AR,35.6942,-89.99342,6496
5379625,Woodland,WA,45.91818,-122.7535,6496
3668286,Solvay,NY,43.05706,-76.21228,6495
2118496,Crestwood,KY,38.34367,-85.47766,6493
4108650,Brookings,OR,42.07241,-124.30491,6493
2256540,Oakdale,LA,30.81642,-92.65586,6490
2907102,Bonne Terre,MO,37.9211,-90.54268,6487
3145295,Sidney,NE,41.13363,-102.96954,6483
4250016,Milton,PA,41.00211,-76.85234,6483
3608532,Bronxville,NY,40.93949,-73.82644,6479
2833100,Holly Springs,MS,34.77802,-89.44582,6472
2964478,St. John,MO,38.71476,-90.34627,6472
1867464,Salem,IN,38.60458,-86.09746,6463
3410480,Carlstadt,NJ,40.82643,-74.06234,6454
3576200,Taos,NM,36.38713,-105.58041,6453
4262792,Prospect Park,PA,39.8861,-75.30737,6452
1741326,Lakemoor,IL,42.33887,-88.20266,6451
4758080,Pigeon Forge,TN,35.79801,-83.56378,6446
3140605,Ralston,NE,41.20001,-96.03782,6443
5574400,Slinger,WI,43.33539,-88.27645,6443
5621125,Douglas,WY,42.75477,-105.3978,6442
3950176,Milford,OH,39.16521,-84.28478,6433
1964020,Polk City,IA,41.78184,-93.72261,6430
2855400,Pass Christian,MS,30.31803,-89.23908,6429
1738479,Johnsburg,IL,42.38325,-88.24676,6428
4748980,Millersville,TN,36.39682,-86.71105,6427
4284144,West View,PA,40.51816,-80.0333,6426
5523575,Elm Grove,WI,43.04752,-88.08703,6416
2801260,Amory,MS,33.98185,-88.48261,6412
1375832,Temple,GA,33.73324,-85.02729,6406
2279240,Walker,LA,30.48637,-90.86562,6402
2432500,Glenarden,MD,38.92929,-76.85769,6394
4817744,Crockett,TX,31.31711,-95.45659,6387
3712340,Cherryville,NC,35.38457,-81.37894,6385
3454570,Oceanport,NJ,40.31601,-74.02048,6383
3461170,Prospect Park,NJ,40.94156,-74.17409,6382
2916678,Cottleville,MO,38.75159,-90.6578,6378
4167050,Sheridan,OR,45.09593,-123.39809,6375
5306505,Blaine,WA,48.98719,-122.74877,6371
3464590,Roseland,NJ,40.82174,-74.31015,6370
4072650,Tecumseh,OK,35.26427,-96.93345,6370
5459068,Nitro,WV,38.41161,-81.80781,6366
1239475,Lauderdale-by-the-Sea,FL,26.19134,-80.09946,6365
3916308,Clyde,OH,41.30358,-82.97943,6360
1263700,Sanibel,FL,26.45104,-82.10568,6358
4273888,Steelton,PA,40.22581,-76.8254,6358
3968686,Rossford,OH,41.57757,-83.57218,6353
0813845,Cherry Hills Village,CO,39.63742,-104.94747,6349
4824912,Everman,TX,32.62883,-97.28425,6347
2640000,Huntington Woods,MI,42.4819,-83.16809,6345
1305344,Barnesville,GA,33.04865,-84.14928,6343
1670660,Rupert,ID,42.61894,-113.67397,6343
3635694,Horseheads,NY,42.16863,-76.82966,6343
3454870,Old Tappan,NJ,41.02331,-73.98422,6342
1851732,Mount Vernon,IN,37.93699,-87.89586,6341
4739620,Kingston,TN,35.87267,-84.50449,6340
4855152,Parker,TX,33.06306,-96.62524,6332
0528510,Greenbrier,AR,35.22884,-92.38357,6330
5581250,Twin Lakes,WI,42.51558,-88.25037,6328
4178900,Warrenton,OR,46.1731,-123.92971,6324
3457150,Paulsboro,NJ,39.83998,-75.23996,6316
3679174,Wesley Hills,NY,41.15758,-74.07901,6310
2477825,Thurmont,MD,39.61998,-77.4077,6308
3931402,Granville,OH,40.0568,-82.50414,6308
4829660,Gladewater,TX,32.54255,-94.94714,6307
4172500,Talent,OR,42.24046,-122.78116,6306
1312260,Byron,GA,32.6495,-83.74795,6305
0512340,Cave Springs,AR,36.26843,-94.2195,6304
4803768,Argyle,TX,33.10549,-97.17752,6294
2136604,Highland Heights,KY,39.03552,-84.45658,6292
2669080,Rockford,MI,43.13697,-85.55452,6291
2436500,Hampstead,MD,39.6146,-76.8548,6288
3838900,Horace,ND,46.75695,-96.91133,6286
1271525,Tequesta,FL,26.96487,-80.11324,6285
2227155,Franklin,LA,29.78495,-91.50957,6284
1218550,Dundee,FL,28.01726,-81.60344,6275
3716180,Dallas,NC,35.31793,-81.18318,6270
2183550,Wilmore,KY,37.87783,-84.6639,6268
1938100,Independence,IA,42.46219,-91.90315,6266
2967700,Shrewsbury,MO,38.58657,-90.32816,6263
1353004,Morrow,GA,33.5783,-84.33555,6262
4276184,Taylor,PA,41.39577,-75.71471,6252
1716873,Countryside,IL,41.7742,-87.87522,6246
1707770,Braidwood,IL,41.27018,-88.22342,6245
4519420,Dillon,SC,34.42447,-79.36759,6244
0114392,Chickasaw,AL,30.77145,-88.0797,6241
2650720,Manistee,MI,44.24527,-86.32754,6241
4878436,White Oak,TX,32.53005,-94.85393,6241
2903592,Battlefield,MO,37.11931,-93.36828,6236
2929494,Greenwood,MO,38.84206,-94.33355,6235
1024540,Elsmere,DE,39.73845,-75.59457,6234
3482300,Woodcliff Lake,NJ,41.02598,-74.06106,6234
1861236,Portland,IN,40.43766,-84.98349,6233
5584375,Waupaca,WI,44.35005,-89.07,6231
3151840,Wayne,NE,42.23748,-97.00886,6229
2956756,Peculiar,MO,38.73083,-94.4686,6226
3937842,Jackson,OH,39.04446,-82.64466,6226
3743720,Mocksville,NC,35.89972,-80.56109,6224
2163138,Princeton,KY,37.10648,-87.8849,6223
4923530,Ephraim,UT,39.35624,-111.58467,6220
4732520,Harriman,TN,35.93038,-84.56258,6216
5677530,Torrington,WY,42.06505,-104.17353,6211
0617022,Crescent City,CA,41.76451,-124.20078,6209
1866438,Rushville,IN,39.61856,-85.44584,6208
2641220,Ishpeming,MI,46.47034,-87.67514,6207
3883860,Watford City,ND,47.80149,-103.26673,6207
3043375,Lewistown,MT,47.05138,-109.4524,6204
4838332,Justin,TX,33.08184,-97.31423,6197
2070800,Tonganoxie,KS,39.10789,-95.07909,6195
0169240,Semmes,AL,30.79622,-88.24759,6193
4226592,Forest Hills,PA,40.42508,-79.85447,6186
4272648,South Williamsport,PA,41.22939,-77.00047,6176
3522380,Edgewood,NM,35.13132,-106.22016,6170
4845672,McGregor,TX,31.41967,-97.42634,6161
1665260,Preston,ID,42.09941,-111.88074,6160
2327085,Gardiner,ME,44.19509,-69.79377,6160
1205375,Belleview,FL,29.06061,-82.05587,6156
2278715,Ville Platte,LA,30.68986,-92.27416,6148
4233744,Hellertown,PA,40.58135,-75.33791,6145
3622865,East Rochester,NY,43.11221,-77.48718,6139
0631568,Gustine,CA,37.25255,-120.99551,6138
5522575,Edgerton,WI,42.83895,-89.06957,6138
3505780,Aztec,NM,36.8159,-107.97031,6129
2416550,Cheverly,MD,38.92593,-76.91347,6125
3967356,Rittman,OH,40.97337,-81.78458,6119
3422440,Fair Haven,NJ,40.36194,-74.03878,6114
1686140,Weiser,ID,44.25468,-116.96886,6112
4057550,Pauls Valley,OK,34.71021,-97.22403,6112
3765040,Stokesdale,NC,36.22807,-79.97741,6111
4959390,Perry,UT,41.46452,-112.04054,6111
1865214,Rochester,IN,41.06039,-86.19831,6110
3985232,Willard,OH,41.05194,-82.72353,6106
2957278,Pevely,MO,38.28809,-90.40004,6103
1369672,Senoia,GA,33.30766,-84.55476,6101
3440770,Little Silver,NJ,40.33695,-74.03454,6101
2128612,Fort Wright,KY,39.04575,-84.53607,6096
1827054,Gas City,IN,40.48865,-85.59434,6091
3976582,The Village of Indian Hill,OH,39.18856,-84.33602,6090
4252808,Nazareth,PA,40.73996,-75.31262,6088
4640220,Madison,SD,44.00622,-97.10848,6086
1342604,Jonesboro,GA,33.5208,-84.3547,6084
2927334,Glendale,MO,38.59351,-90.38257,6082
0685684,Willows,CA,39.51475,-122.19918,6079
3678168,Wappingers Falls,NY,41.59816,-73.91694,6070
0518490,De Queen,AR,34.04225,-94.34213,6069
4544575,Marion,SC,34.17866,-79.39566,6068
4216296,Corry,PA,41.92822,-79.63313,6065
1949215,Maquoketa,IA,42.06053,-90.66386,6064
4949820,Midway,UT,40.5202,-111.47551,6064
4809640,Bowie,TX,33.55696,-97.8461,6054
1714117,Chillicothe,IL,40.91596,-89.50268,6052
1903160,Asbury,IA,42.51195,-90.77994,6051
3948104,Martins Ferry,OH,40.1043,-80.72912,6050
2653920,Milan,MI,42.08135,-83.68479,6048
2658980,Northville,MI,42.43621,-83.48828,6047
2859160,Pontotoc,MS,34.25088,-89.00835,6046
4518565,Darlington,SC,34.30138,-79.86717,6045
4269752,Sharon Hill,PA,39.90743,-75.26779,6039
4802104,Alpine,TX,30.3639,-103.66446,6039
4822720,Edna,TX,28.97512,-96.64846,6039
5466988,Ranson corporation,WV,39.31006,-77.88305,6035
3067900,Sidney,MT,47.71546,-104.16716,6031
3770660,Walkertown,NC,36.14974,-80.16895,6027
3981858,Waterville,OH,41.50197,-83.73685,6022
4724360,Erwin,TN,36.14583,-82.41199,6020
4250880,Moosic,PA,41.35604,-75.7047,6018
0500970,Alma,AR,35.49238,-94.21395,6017
4006600,Blackwell,OK,36.80134,-97.30087,6016
1750244,Monticello,IL,40.03354,-88.57411,6010
4219160,Dickson City,PA,41.46835,-75.63582,6010
2026725,Goddard,KS,37.67177,-97.55975,6009
4818020,Crystal City,TX,28.69068,-99.8271,6009
0867280,Salida,CO,38.52988,-105.99792,6007
2623380,Dundee,MI,41.96648,-83.66942,6006
3562060,Raton,NM,36.88497,-104.43957,6005
3738860,Locust,NC,35.26864,-80.43672,5992
0672576,Solvang,CA,34.59376,-120.13968,5988
3621589,East Aurora,NY,42.76684,-78.61704,5986
4205256,Bellefonte,PA,40.91421,-77.7682,5986
2260880,Plaquemine,LA,30.28316,-91.24381,5985
2638700,Holly,MI,42.7988,-83.62297,5980
3448690,Mount Arlington,NJ,40.92075,-74.64079,5979
3431620,Hightstown,NJ,40.26846,-74.5258,5978
5123760,Dumfries,VA,38.56735,-77.32242,5978
3634847,Hilton,NY,43.28997,-77.79256,5975
2430950,Fruitland,MD,38.32039,-75.6265,5973
3638934,Kaser,NY,41.12126,-74.06857,5970
4255664,Norwood,PA,39.88599,-75.29576,5969
4927490,Fruit Heights,UT,41.02893,-111.90459,5969
2606900,Belding,MI,43.09649,-85.23303,5967
1268525,Starke,FL,29.94745,-82.11289,5966
4722000,Dunlap,TN,35.36753,-85.38983,5960
5187712,Woodstock,VA,38.87212,-78.51713,5954
2711350,Chisago City,MN,45.34558,-92.91003,5953
4817504,Crandall,TX,32.62797,-96.42687,5950
3909358,Brookville,OH,39.83953,-84.41735,5946
4213704,Clairton,PA,40.29666,-79.88903,5945
3579840,Truth or Consequences,NM,33.23764,-107.27624,5942
2961670,Richmond,MO,39.27545,-93.97258,5939
4248480,Media,PA,39.92004,-75.38833,5938
1203975,Bay Harbor Islands,FL,25.88798,-80.13358,5937
4227456,Franklin,PA,41.38303,-79.83209,5933
0869645,Sheridan,CO,39.64776,-105.01746,5932
0163336,Rainsville,AL,34.49436,-85.83651,5931
1832242,Hartford City,IN,40.45366,-85.37318,5927
3443050,Manasquan,NJ,40.11242,-74.03816,5925
4740160,Lafayette,TN,36.52405,-86.03059,5919
4984050,White City metro township,UT,40.56874,-111.86264,5918
2423025,District Heights,MD,38.85887,-76.88844,5916
4539310,Lake City,SC,33.86773,-79.75388,5916
3964150,Port Clinton,OH,41.50972,-82.93834,5915
3646415,Medina,NY,43.21974,-78.38787,5912
4257480,Oxford,PA,39.78556,-75.97965,5909
4839004,Kermit,TX,31.85392,-103.09239,5909
2668380,Richmond,MI,42.81056,-82.75217,5905
2842280,Louisville,MS,33.12293,-89.05488,5899
0804110,Avon,CO,39.64189,-106.51581,5898
1751206,Mount Zion,IL,39.78402,-88.88501,5897
4035400,Holdenville,OK,35.08348,-96.40135,5893
3729160,Hamlet,NC,34.8892,-79.71061,5888
5583825,Waterford,WI,42.7644,-88.21667,5885
4982840,West Bountiful,UT,40.90127,-111.90845,5884
4880560,Yoakum,TX,29.2932,-97.14701,5875
3929610,Geneva,OH,41.80076,-80.94628,5871
4271776,Somerset,PA,40.00503,-79.07785,5870
3434890,Jamesburg,NJ,40.34904,-74.4402,5869
1341596,Jackson,GA,33.29236,-83.96785,5867
3932606,Groveport,OH,39.85734,-82.89144,5867
3929932,Germantown,OH,39.63246,-84.36451,5863
4216848,Crafton,PA,40.4333,-80.07113,5863
2462850,Poolesville,MD,39.14183,-77.41051,5856
3912168,Carlisle,OH,39.57899,-84.32096,5855
4604380,Belle Fourche,SD,44.6638,-103.85914,5855
2120350,Dayton,KY,39.11231,-84.46284,5854
3453610,Norwood,NJ,40.99205,-73.95055,5854
3746000,Nashville,NC,35.96923,-77.95673,5850
2677700,Swartz Creek,MI,42.9642,-83.81617,5848
3404930,Belmar,NJ,40.17966,-74.02444,5846
1761067,Pontoon Beach,IL,38.72185,-90.06357,5845
1901990,Anamosa,IA,42.10883,-91.2752,5845
1853874,New Whiteland,IN,39.56174,-86.09944,5842
0822860,Eaton,CO,40.52569,-104.71299,5839
1704039,Bartonville,IL,40.64205,-89.65979,5836
2054250,Paola,KS,38.57893,-94.8604,5835
3543930,Los Ranchos de Albuquerque,NM,35.16195,-106.64574,5833
1253800,Pahokee,FL,26.82021,-80.66205,5829
2670680,St. Clair,MI,42.82653,-82.49243,5824
1711514,Carterville,IL,37.7628,-89.08448,5821
4274888,Stroudsburg,PA,40.98323,-75.19426,5819
5524550,Evansville,WI,42.77807,-89.29598,5819
4222608,Edinboro,PA,41.87498,-80.12425,5814
4876096,Wake Village,TX,33.42384,-94.12697,5813
1715170,Coal City,IL,41.2789,-88.28005,5810
2663820,Petoskey,MI,45.36485,-85.0107,5810
4261648,Plymouth,PA,41.24088,-75.95197,5810
0174976,Tarrant,AL,33.5929,-86.76625,5806
3931150,Grafton,OH,41.28414,-82.02997,5804
1704351,Beardstown,IL,40.0101,-90.43113,5803
2180490,Walton,KY,38.86243,-84.61504,5803
1759026,Peoria Heights,IL,40.7467,-89.57003,5802
4253696,New Holland,PA,40.10129,-76.09015,5800
1925860,Estherville,IA,43.39973,-94.83422,5796
0825115,Estes Park,CO,40.36705,-105.53386,5795
4157450,Philomath,OR,44.54197,-123.35953,5795
4214064,Clearfield,PA,41.0215,-78.4394,5794
1782049,Willow Springs,IL,41.73414,-87.88401,5793
1958620,Oelwein,IA,42.67158,-91.91279,5788
3678960,Webster,NY,43.21639,-77.4219,5787
4810636,Brookshire,TX,29.78239,-95.95144,5782
4879672,Windcrest,TX,29.51483,-98.38134,5782
5552200,Milton,WI,42.77468,-88.93999,5778
1748645,Metropolis,IL,37.14964,-88.68735,5776
4077050,Verdigris,OK,36.25352,-95.66044,5775
3732180,Holly Ridge,NC,34.49348,-77.56315,5766
4937390,Hyde Park,UT,41.80108,-111.80989,5766
0505560,Berryville,AR,36.37103,-93.57039,5763
1735047,Hillsboro,IL,39.17623,-89.47291,5761
3629542,Goshen,NY,41.40165,-74.32685,5760
0619612,Dos Palos,CA,36.98542,-120.63384,5759
1858662,Pendleton,IN,40.0058,-85.77142,5758
3664749,Salamanca,NY,42.16473,-78.74126,5757
1300576,Adel,GA,31.12481,-83.42547,5752
4845096,Luling,TX,29.68175,-97.6467,5752
4824036,Elsa,TX,26.29781,-97.99356,5750
0103028,Attalla,AL,33.98619,-86.12104,5746
2113978,Central City,KY,37.29678,-87.12899,5744
2622880,Dowagiac,MI,41.98343,-86.11284,5742
4843024,Littlefield,TX,33.91918,-102.3348,5740
2105446,Bellevue,KY,39.10125,-84.47749,5738
3635969,Hudson,NY,42.25191,-73.78603,5735
1251200,Okeechobee,FL,27.24161,-80.82931,5731
1227256,Grant-Valkaria,FL,27.9343,-80.56588,5730
3705220,Bessemer City,NC,35.28433,-81.28288,5730
2153130,Monticello,KY,36.84114,-84.85133,5726
2981124,Wright City,MO,38.83219,-91.03562,5723
0150192,Monroeville,AL,31.51622,-87.32771,5720
1270075,Surfside,FL,25.87882,-80.12501,5719
1050800,New Castle,DE,39.67002,-75.56652,5715
3016600,Columbia Falls,MT,48.37148,-114.19183,5713
3468340,Somerdale,NJ,39.84542,-75.0217,5712
0156400,Odenville,AL,33.70088,-86.42337,5711
3601033,Albion,NY,43.24602,-78.1902,5704
2416225,Chestertown,MD,39.22042,-76.07052,5702
0682744,Villa Park,CA,33.81799,-117.81129,5698
4865344,Sandy Oaks,TX,29.18172,-98.40916,5698
4868180,Slaton,TX,33.44547,-101.65092,5698
4246264,McKees Rocks,PA,40.46902,-80.06333,5694
3474540,Union Beach,NJ,40.44749,-74.17005,5691
4183400,Winston,OR,43.12011,-123.42453,5691
2954038,Odessa,MO,38.9994,-93.9664,5689
4702180,Ashland City,TN,36.25617,-87.03274,5689
4764440,Rockwood,TN,35.87008,-84.67494,5684
1667780,Rigby,ID,43.67359,-111.91353,5683
4814668,Childress,TX,34.43545,-100.28238,5683
4747000,Medina,TN,35.81705,-88.79046,5681
3639694,Kings Point,NY,40.81789,-73.73932,5680
2274690,Tallulah,LA,32.4067,-91.1917,5677
5119728,Covington,VA,37.78106,-79.98543,5663
2723948,Glencoe,MN,44.76957,-94.15103,5659
3678465,Washingtonville,NY,41.42848,-74.15857,5650
4868036,Sinton,TX,28.03843,-97.51104,5648
5308570,Buckley,WA,47.16224,-122.02027,5641
4270352,Shippensburg,PA,40.04873,-77.52319,5638
2689260,Zeeland,MI,42.81424,-86.01426,5637
4862672,Rockdale,TX,30.65573,-97.00852,5637
4257696,Palmerton,PA,40.80409,-75.61711,5634
1863792,Rensselaer,IN,40.9396,-87.16866,5632
3058750,Polson,MT,47.68822,-114.14079,5631
2953102,North Kansas City,MO,39.13956,-94.56475,5630
1782101,Wilmington,IL,41.31938,-88.16025,5629
4759560,Pleasant View,TN,36.38927,-87.04549,5629
5569725,Rothschild,WI,44.87371,-89.61975,5629
0473420,Thatcher,AZ,32.81271,-109.76652,5627
4251496,Mount Carmel,PA,40.7959,-76.412,5626
1753663,Northfield,IL,42.10297,-87.77738,5625
1721553,East Alton,IL,38.88412,-90.10794,5621
1921180,DeWitt,IA,41.82271,-90.54409,5620
4116950,Creswell,OR,43.92262,-123.014,5615
2259340,Patterson,LA,29.69089,-91.30953,5614
3657023,Pelham Manor,NY,40.89307,-73.80593,5613
0634246,Holtville,CA,32.81378,-115.37832,5612
1721267,Du Quoin,IL,38.00172,-89.23284,5611
1812628,Cicero,IN,40.12193,-86.03404,5607
5506925,Berlin,WI,43.96973,-88.95003,5607
4033750,Henryetta,OK,35.44165,-95.98642,5606
3715260,Cramerton,NC,35.23004,-81.07326,5604
4744940,McKenzie,TN,36.13664,-88.50711,5603
5149464,Marion,VA,36.83739,-81.51566,5602
1740910,Lake Bluff,IL,42.28269,-87.85231,5600
3413420,Clementon,NJ,39.80268,-74.98376,5600
0685586,Williams,CA,39.14978,-122.13897,5598
5465692,Princeton,WV,37.36878,-81.09621,5595
0545170,Mena,AR,34.58083,-94.2371,5594
1643570,Kimberly,ID,42.53489,-114.37069,5592
4123800,Estacada,OR,45.2982,-122.33239,5591
4224392,Exeter,PA,41.33318,-75.82115,5590
2713708,Credit River,MN,44.67078,-93.36112,5589
2973816,Trenton,MO,40.08125,-93.60239,5588
4262920,Punxsutawney,PA,40.94374,-78.97477,5587
1959835,Osceola,IA,41.02973,-93.78526,5585
1972390,Sheldon,IA,43.17965,-95.84335,5584
0171190,Smiths Station,AL,32.52285,-85.09942,5583
1711202,Carlinville,IL,39.27748,-89.87613,5582
2071975,Ulysses,KS,37.57734,-101.35486,5582
1218875,Eagle Lake,FL,27.97427,-81.75539,5576
4846740,Marlin,TX,31.30804,-96.89318,5572
1222550,Flagler Beach,FL,29.47385,-81.13102,5568
4843132,Livingston,TX,30.71004,-94.93793,5562
2122204,Douglass Hills,KY,38.23609,-85.5532,5558
3122640,Holdrege,NE,40.43944,-99.37704,5556
1380984,Waynesboro,GA,33.09128,-82.01429,5555
1772052,Spring Grove,IL,42.45075,-88.24023,5554
4863848,Rusk,TX,31.79776,-95.14876,5553
4750580,Mount Carmel,TN,36.56488,-82.66777,5549
1974415,Spirit Lake,IA,43.41666,-95.11307,5548
4769320,Smithville,TN,35.95836,-85.82112,5546
2014650,Colby,KS,39.38467,-101.04513,5539
4235224,Hollidaysburg,PA,40.4311,-78.39296,5537
4270248,Shillington,PA,40.30263,-75.96708,5533
4002050,Anadarko,OK,35.0653,-98.24447,5530
4812040,Cameron,TX,30.86077,-96.9762,5527
2635480,Grosse Pointe,MI,42.38393,-82.90387,5526
3701760,Archer Lodge,NC,35.68234,-78.37037,5522
1339076,Hiram,GA,33.89079,-84.75055,5520
1850760,Monticello,IN,40.74523,-86.76726,5519
4253288,New Brighton,PA,40.73564,-80.30947,5517
3650353,New Hempstead,NY,41.14571,-74.05103,5515
1728898,Genoa,IL,42.09103,-88.69496,5514
1325552,Eastman,GA,32.19756,-83.17066,5513
3604759,Bath,NY,42.33609,-77.31686,5512
1883816,Whiteland,IN,39.55514,-86.07435,5511
2965144,St. Robert,MO,37.82533,-92.15198,5511
3954334,New Carlisle,OH,39.94444,-84.02767,5511
2945326,Macon,MO,39.74223,-92.47055,5509
0572890,Walnut Ridge,AR,36.08478,-90.94684,5508
4534495,Hollywood,SC,32.75125,-80.20193,5503
4269216,Selinsgrove,PA,40.80014,-76.8654,5501
1368208,Sandersville,GA,32.98209,-82.80969,5500
0405770,Benson,AZ,31.9145,-110.32855,5499
0575170,White Hall,AR,34.27518,-92.10065,5499
2731040,International Falls,MN,48.58635,-93.40774,5498
2977992,Waynesville,MO,37.81943,-92.21926,5493
3982712,Wellston,OH,39.1174,-82.53756,5493
3682084,Williamsville,NY,42.95825,-78.73952,5489
4574275,Walterboro,SC,32.90093,-80.67594,5488
1237225,LaBelle,FL,26.72095,-81.45248,5472
5565050,Prairie du Chien,WI,43.04334,-91.13733,5472
3601198,Alfred,NY,42.25433,-77.78965,5471
4250320,Monaca,PA,40.68342,-80.27343,5466
3710550,Carolina Shores,NC,33.90795,-78.57311,5463
4231328,Greenville,PA,41.40507,-80.38381,5459
4859540,Primera,TX,26.22322,-97.75169,5449
4804516,Atlanta,TX,33.11324,-94.16761,5448
3421510,Englewood Cliffs,NJ,40.88463,-73.94465,5443
2449950,Manchester,MD,39.65316,-76.88674,5440
3921266,Deer Park,OH,39.20387,-84.39777,5437
0133856,Headland,AL,31.35497,-85.35703,5429
5516450,Columbus,WI,43.3368,-89.02999,5429
3653022,North Hills,NY,40.77645,-73.67785,5427
0165040,Roanoke,AL,33.14531,-85.36953,5424
1986520,Winterset,IA,41.3499,-94.01807,5421
1966135,Red Oak,IA,41.01413,-95.22437,5420
5558000,North Fond du Lac,WI,43.811,-88.48549,5419
4830584,Granite Shoals,TX,30.58876,-98.36732,5417
3773140,Whispering Pines,NC,35.24817,-79.37192,5416
1371660,Social Circle,GA,33.64614,-83.71278,5415
2745790,Newport,MN,44.8744,-92.99865,5415
1375188,Sylvester,GA,31.52974,-83.83457,5413
1761314,Posen,IL,41.62907,-87.68584,5413
1772156,Spring Valley,IL,41.32294,-89.18335,5404
4865660,Sansom Park,TX,32.80274,-97.40206,5402
5125808,Emporia,VA,36.69618,-77.53597,5402
4208568,Bridgeport,PA,40.10407,-75.34355,5401
4256792,Olyphant,PA,41.45154,-75.57576,5397
0129992,Glencoe,AL,33.94834,-85.93361,5396
4077550,Vinita,OK,36.64877,-95.161,5395
4745320,Madisonville,TN,35.5232,-84.36297,5395
4268096,Sayre,PA,41.98572,-76.52085,5394
2615020,Chelsea,MI,42.31139,-84.01942,5393
0172600,Springville,AL,33.74052,-86.48409,5392
3033775,Hamilton,MT,46.25158,-114.15998,5383
0639304,La Habra Heights,CA,33.95896,-117.94897,5382
3911304,Canal Fulton,OH,40.8923,-81.58793,5382
2758018,St. Paul Park,MN,44.83568,-92.99413,5381
4848648,Mineola,TX,32.65288,-95.4803,5380
3644710,Malone,NY,44.84822,-74.28958,5373
4974480,Sunset,UT,41.13806,-112.02839,5372
1319728,Cornelia,GA,34.51663,-83.53147,5371
0809555,Brush,CO,40.25926,-103.63633,5370
3465490,Salem,NJ,39.56824,-75.47255,5369
2825340,Forest,MS,32.35984,-89.47591,5364
2862600,Ripley,MS,34.73244,-88.94353,5359
1734865,Highwood,IL,42.20602,-87.81294,5358
3939340,Johnstown,OH,40.14914,-82.68694,5356
2406800,Berlin,MD,38.33153,-75.21543,5349
3425800,Garwood,NJ,40.65133,-74.32315,5346
5578375,Summit,WI,43.04619,-88.47745,5346
1912315,Centerville,IA,40.72984,-92.87203,5345
3966152,Reminderville,OH,41.32715,-81.39738,5345
2962894,Rogersville,MO,37.11485,-93.07469,5344
1224100,Fort Meade,FL,27.76588,-81.80546,5341
1901135,Algona,IA,43.07635,-94.23175,5341
3625076,Fairport,NY,43.09947,-77.44307,5341
4216144,Coraopolis,PA,40.51462,-80.16182,5340
2243010,Leesville,LA,31.14112,-93.28423,5339
4513015,Central,SC,34.7234,-82.77471,5339
1971625,Sergeant Bluff,IA,42.39755,-96.35093,5335
1913575,Clarinda,IA,40.73771,-95.03375,5334
2183334,Williamsburg,KY,36.73871,-84.16565,5332
2752522,Princeton,MN,45.56822,-93.59025,5329
4829432,Giddings,TX,30.18367,-96.92803,5324
2931708,Herculaneum,MO,38.25756,-90.39313,5321
4504300,Batesburg-Leesville,SC,33.91331,-81.52808,5321
0563710,Sheridan,AR,34.32158,-92.44307,5315
4278168,Tyrone,PA,40.67645,-78.24604,5312
2034300,Iola,KS,37.92743,-95.40067,5309
1224150,Fort Myers Beach,FL,26.43018,-81.91404,5308
4215192,Collegeville,PA,40.18686,-75.45752,5308
2734172,Lake City,MN,44.4457,-92.28092,5306
5586275,West Salem,WI,43.89853,-91.08745,5306
2978314,Weldon Spring,MO,38.70938,-90.65254,5304
2743720,Montevideo,MN,44.95016,-95.71538,5300
1782855,Wonder Lake,IL,42.38341,-88.35004,5296
3900198,Ada,OH,40.76814,-83.82519,5293
4845804,McLendon-Chisholm,TX,32.84711,-96.39122,5291
4939920,Kanab,UT,37.03465,-112.52999,5291
1341932,Jasper,GA,34.4662,-84.43586,5289
3739280,Long View,NC,35.72309,-81.38547,5289
4835228,Hudson,TX,31.31916,-94.78474,5288
1875986,Tipton,IN,40.28248,-86.04321,5285
0503640,Barling,AR,35.33129,-94.27519,5284
1366276,Rockmart,GA,34.00831,-85.04498,5284
1948810,Manchester,IA,42.48534,-91.45609,5283
1844190,Linton,IN,39.03553,-87.15713,5281
1267675,South Pasadena,FL,27.75291,-82.73925,5280
2230515,Grambling,LA,32.52633,-92.70802,5278
4043750,Lone Grove,OK,34.18097,-97.25331,5276
4268312,Schuylkill Haven,PA,40.62826,-76.1725,5273
2675700,Springfield,MI,42.3241,-85.23537,5267
2042875,Louisburg,KS,38.62051,-94.67708,5266
1673450,Shelley,ID,43.37954,-112.1261,5262
4242472,Lehighton,PA,40.82766,-75.71655,5262
1883420,Westville,IN,41.53755,-86.90494,5260
0664140,St. Helena,CA,38.51281,-122.46808,5257
2733866,La Crescent,MN,43.82972,-91.30495,5257
4811716,Caddo Mills,TX,33.07454,-96.22692,5257
4242976,Lewisburg,PA,40.96413,-76.88996,5253
1334596,Grayson,GA,33.89075,-83.95815,5252
2704618,Becker,MN,45.38651,-93.88726,5252
1931350,Glenwood,IA,41.0447,-95.74061,5250
4950700,Moab,UT,38.5701,-109.54783,5242
5581775,Union Grove,WI,42.6864,-88.04954,5241
3443890,Margate City,NJ,39.33091,-74.50685,5239
5509800,Bristol,WI,42.53232,-88.0091,5239
1854954,North Manchester,IN,41.0043,-85.77562,5237
3913554,Chardon,OH,41.57929,-81.20906,5233
2747104,North Oaks,MN,45.10484,-93.10107,5232
4283136,West Hazleton,PA,40.97432,-76.02541,5231
4813732,Center,TX,31.79309,-94.18029,5231
4514095,Chester,SC,34.70502,-81.21321,5230
2267600,St. Martinville,LA,30.127,-91.83112,5229
4850376,Nassau Bay,TX,29.54481,-95.08739,5229
2632300,Gladstone,MI,45.85051,-87.02623,5226
1216550,Daytona Beach Shores,FL,29.17125,-80.98075,5223
3957190,Northwood,OH,41.61006,-83.4827,5222
0870525,Silverthorne,CO,39.65991,-106.08911,5220
4834862,Horseshoe Bay,TX,30.54076,-98.38057,5218
4849968,Muleshoe,TX,34.22918,-102.72838,5218
1842462,Lawrenceburg,IN,39.10739,-84.87577,5216
1358884,Palmetto,GA,33.53604,-84.67379,5213
1800910,Alexandria,IN,40.26296,-85.67368,5211
4858892,Port Isabel,TX,26.06304,-97.24669,5210
5159496,Orange,VA,38.24784,-78.11319,5210
4829564,Gilmer,TX,32.73228,-94.94578,5207
5550200,Mayville,WI,43.49815,-88.54764,5205
0430270,Guadalupe,AZ,33.36645,-111.96316,5197
0573310,Warren,AR,33.61183,-92.06772,5196
4177050,Veneta,OR,44.04715,-123.35134,5194
2718662,Elko New Market,MN,44.56707,-93.33432,5193
2744242,Morris,MN,45.58588,-95.90541,5192
4039850,Kingfisher,OK,35.84473,-97.93931,5192
5317320,Deer Park,WA,47.9642,-117.43979,5191
1861164,Porter,IN,41.62754,-87.08274,5190
3702840,Ayden,NC,35.46935,-77.41664,5190
4810132,Breckenridge,TX,32.75675,-98.91299,5190
1724543,Eureka,IL,40.71404,-89.27702,5189
3977112,Toronto,OH,40.45793,-80.60963,5187
1349100,McRae-Helena,GA,32.06358,-82.89689,5186
1913080,Cherokee,IA,42.7495,-95.55216,5186
2630200,Frankenmuth,MI,43.33283,-83.73913,5185
4227120,Fox Chapel,PA,40.526,-79.8889,5185
2624540,Eaton Rapids,MI,42.50974,-84.65188,5184
4859636,Progreso,TX,26.09614,-97.95659,5182
0411300,Cave Creek,AZ,33.83622,-111.98208,5177
0144608,Loxley,AL,30.68459,-87.73921,5176
4204032,Bangor,PA,40.86797,-75.20848,5171
2911692,Caruthersville,MO,36.18126,-89.6669,5170
3624295,Elmsford,NY,41.05411,-73.81432,5168
5351340,Omak,WA,48.42234,-119.53062,5167
1761145,Poplar Grove,IL,42.3511,-88.84378,5165
2902242,Ashland,MO,38.81246,-92.23953,5164
4206504,Birdsboro,PA,40.26233,-75.81011,5163
3760800,Shallotte,NC,33.97824,-78.38081,5161
1267175,South Bay,FL,26.68838,-80.73553,5160
1740884,Lake Barrington,IL,42.21024,-88.16949,5160
4173700,Tillamook,OR,45.45612,-123.83315,5157
1705404,Berkeley,IL,41.88912,-87.91147,5155
4276904,Titusville,PA,41.62722,-79.66985,5155
2601260,Allegan,MI,42.53108,-85.83924,5152
3752760,Pleasant Garden,NC,35.95204,-79.7547,5151
4837396,Jarrell,TX,30.81026,-97.61512,5151
1308536,Blakely,GA,31.38094,-84.92706,5142
4036300,Hugo,OK,34.01158,-95.51218,5142
4220512,Duryea,PA,41.35131,-75.77606,5142
4872296,Terrell Hills,TX,29.47708,-98.4472,5142
1749945,Monee,IL,41.41808,-87.75014,5139
2681540,Utica,MI,42.62875,-83.02333,5139
3642224,Liberty,NY,41.79659,-74.7432,5136
1349196,Madison,GA,33.57904,-83.47597,5131
4253568,New Freedom,PA,39.73533,-76.69671,5131
0109208,Brewton,AL,31.10918,-87.07658,5129
4840384,La Joya,TX,26.25786,-98.47642,5129
4284288,West York,PA,39.95339,-76.76096,5127
2643300,Kingsford,MI,45.80644,-88.10036,5125
0686440,Woodside,CA,37.42215,-122.25859,5123
2955244,Osage Beach,MO,38.13622,-92.64703,5123
3978176,Uhrichsville,OH,40.40407,-81.34896,5122
4820308,Diboll,TX,31.18831,-94.78288,5108
1884950,Winona Lake,IN,41.21714,-85.81314,5107
1986250,Windsor Heights,IA,41.60446,-93.7128,5106
0639710,Lakeport,CA,39.03833,-122.92263,5104
1333336,Glennville,GA,31.9388,-81.93242,5104
3481170,Wildwood,NJ,38.98755,-74.81819,5098
3108605,Chadron,NE,42.82597,-103.00248,5094
4275832,Swoyersville,PA,41.2977,-75.87989,5092
4213880,Clarks Summit,PA,41.49024,-75.70651,5089
3430150,Harrington Park,NJ,40.99168,-73.9802,5088
5107480,Big Stone Gap,VA,36.86274,-82.77609,5087
4707180,Bolivar,TN,35.26402,-89.0119,5084
3646360,Mechanicville,NY,42.90414,-73.68889,5083
3984770,Whitehouse,OH,41.52158,-83.79575,5083
0636980,Jackson,CA,38.34849,-120.77282,5079
5520350,Dodgeville,WI,42.96601,-90.1297,5077
2966044,Savannah,MO,39.93879,-94.82805,5076
4220432,Duquesne,PA,40.37346,-79.85016,5074
5166928,Richlands,VA,37.08802,-81.81042,5074
4579090,Woodruff,SC,34.7451,-82.03745,5072
5314485,Connell,WA,46.66049,-118.84055,5071
4811212,Bullard,TX,32.14417,-95.31752,5070
2738150,Lonsdale,MN,44.47763,-93.42423,5066
3774220,Williamston,NC,35.84654,-77.06608,5066
1770564,South Barrington,IL,42.08899,-88.15718,5061
2619880,Davison,MI,43.03178,-83.51868,5059
3424930,Franklin,NJ,41.109,-74.58864,5059
3759540,Sawmills,NC,35.81759,-81.47633,5059
3579910,Tucumcari,NM,35.17029,-103.70505,5058
2452425,Middletown,MD,39.44134,-77.53522,5055
3742860,Midway,NC,35.97514,-80.22045,5053
5567625,Richland Center,WI,43.34048,-90.38342,5052
2422725,Denton,MD,38.87942,-75.82445,5049
3715320,Creedmoor,NC,36.12503,-78.67795,5049
5411188,Buckhannon,WV,38.99273,-80.22824,5049
0606434,Big Bear Lake,CA,34.24289,-116.89389,5044
2446475,Leonardtown,MD,38.30389,-76.63965,5041
2753656,Redwood Falls,MN,44.54713,-95.10264,5038
5458684,New Martinsville,WV,39.64555,-80.86267,5038
1757472,Pana,IL,39.3946,-89.09081,5034
1749009,Milan,IL,41.4355,-90.56266,5033
1300436,Adairsville,GA,34.37085,-84.92119,5029
1312624,Camilla,GA,31.23406,-84.20956,5029
1222100,Fellsmere,FL,27.72119,-80.60994,5028
3742760,Midland,NC,35.24917,-80.53007,5027
2737304,Lindstrom,MN,45.38582,-92.84367,5026
2964180,Ste. Genevieve,MO,37.97502,-90.04998,5025
3657177,Penn Yan,NY,42.66071,-77.05307,5024
3666047,Sea Cliff,NY,40.84616,-73.65043,5024
0608758,Buellton,CA,34.6155,-120.19424,5023
0609892,Calistoga,CA,38.58141,-122.5827,5022
3637847,Island Park,NY,40.60522,-73.6553,5019
4246888,Manheim,PA,40.16327,-76.39597,5011
5522100,East Troy,WI,42.78518,-88.39557,5011
5314170,Colville,WA,48.54545,-117.89848,5009
4922370,Elk Ridge,UT,40.01036,-111.678,5003
5344690,Medical Lake,WA,47.57104,-117.68945,5003
2720420,Falcon Heights,MN,44.98805,-93.17466,5002
4139150,King City,OR,45.40119,-122.80694,5002
3445330,Mendham,NJ,40.76729,-74.59777,5000
